,50|MEA,30|MEA,50|SAS,30|SAS,30|FSU,10|FSU,10|SAS,67|SAS,148|CHN,13|AFR,57|AFR,38|AFR,6|AFR,161|AFR,0|EEU,14|MEA,93|LAM,139|LAM,100|LAM,137|LAM,76|LAM,84|LAM,75|LAM,111|LAM,155|LAM,31|FSU,22|PAO,21|PAO,19|PAO,20|PAO,18|PAO,91|PAO,149|PAO,48|WEU,39|WEU,39|EEU,48|EEU,96|AFR,158|AFR,95|AFR,8|AFR,7|AFR,53|SAS,65|SAS,24|SAS,24|PAS,28|LAM,106|EEU,106|FSU,42|FSU,51|FSU,32|LAM,9|LAM,152|LAM,101|LAM,99|LAM,125|LAM,113|LAM,46|LAM,29|LAM,73|PAS,53|CHN,107|AFR,80|AFR,78|AFR,109|NAM,52|NAM,81|NAM,103|NAM,36|NAM,126|NAM,90|NAM,63|NAM,142|NAM,17|NAM,153|NAM,47|WEU,119|WEU,67|CHN,54|CHN,77|CHN,118|CHN,105|CHN,159|CHN,70|CHN,88|CHN,62|CHN,61|CHN,60|CHN,162|CHN,11|CHN,35|CHN,98|CHN,123|CHN,37|LAM,83|LAM,108|LAM,82|AFR,33|LAM,85|WEU,41|WEU,121|AFR,5|AFR,145|WEU,4|MEA,3|MEA,3|AFR,87|MEA,95|MEA,78|MEA,134|LAM,116|LAM,96|MEA,5|MEA,85|MEA,120|MEA,40|MEA,4|WEU,45|WEU,86|WEU,130|AFR,127|WEU,51|WEU,127|FSU,140|PAS,49|WEU,68|WEU,128|WEU,25|FSU,26|FSU,129|AFR,0|WEU,144|PAS,114|PAS,72|PAS,143|PAS,110|PAS,69|PAS,124|SAS,66|SAS,12|SAS,70|PAS,70|SAS,31|MEA,151|MEA,34|MEA,115|MEA,64|WEU,150|WEU,71|PAO,154|FSU,146|FSU,105|FSU,77|FSU,54|FSU,1|AFR,148|FSU,59|PAS,88|PAS,88|RCPA,59|RCPA,156|RCPA,98|PAS,61|RCPA,141|SAS,39|FSU,43|FSU,27|LAM,97|LAM,122|LAM,54|RCPA,105|RCPA,160|RCPA,160|FSU,11|RCPA,11|FSU,2|AFR,135|AFR,4|AFR,92|AFR,94|PAO,115|SAS,15|SAS,117|PAS,112|PAS,133|PAS,28|NAM,132|FSU,157|FSU,44|FSU,23|FSU,74|FSU,131|FSU,79|FSU,123|FSU,71|FSU,26|WEU,151|WEU,31|WEU,147|PAS,104|NAM,27|NAM,55|NAM,97|NAM,33|NAM,122|NAM,56|NAM,58|NAM,136|AFR
2010,0.9941258830364118,0.9941258830364118,0.991831560808041,0.991831560808041,0.9960142329831955,0.9960142329831955,0.991831560808041,0.991831560808041,0.9929070053095825,0.9678157675393798,0.9678157675393798,0.9678157675393798,0.9678157675393798,0.9678157675393798,0.9967304535392252,0.9941258830364118,0.9953809445328496,0.9953809445328496,0.9953809445328496,0.9953809445328496,0.9953809445328496,0.9953809445328496,0.9953809445328496,0.9953809445328496,0.9953809445328496,0.9960142329831955,0.99,0.99,0.99,0.99,0.99,0.99,0.99,0.9973041423999267,0.9973041423999267,0.9967304535392252,0.9967304535392252,0.9678157675393798,0.9678157675393798,0.9678157675393798,0.9678157675393798,0.9678157675393798,0.991831560808041,0.991831560808041,0.991831560808041,0.9901902901437204,0.9953809445328496,0.9967304535392252,0.9960142329831955,0.9960142329831955,0.9960142329831955,0.9953809445328496,0.9953809445328496,0.9953809445328496,0.9953809445328496,0.9953809445328496,0.9953809445328496,0.9953809445328496,0.9953809445328496,0.9953809445328496,0.9901902901437204,0.9929070053095825,0.9678157675393798,0.9678157675393798,0.9678157675393798,1.0,1.0,1.0,1.0,1.0,1.0,1.0,1.0,1.0,1.0,1.0,0.9973041423999267,0.9973041423999267,0.9929070053095825,0.9929070053095825,0.9929070053095825,0.9929070053095825,0.9929070053095825,0.9929070053095825,0.9929070053095825,0.9929070053095825,0.9929070053095825,0.9929070053095825,0.9929070053095825,0.9929070053095825,0.9929070053095825,0.9929070053095825,0.9929070053095825,0.9929070053095825,0.9953809445328496,0.9953809445328496,0.9953809445328496,0.9678157675393798,0.9953809445328496,0.9973041423999267,0.9973041423999267,0.9678157675393798,0.9678157675393798,0.9973041423999267,0.9941258830364118,0.9941258830364118,0.9678157675393798,0.9941258830364118,0.9941258830364118,0.9941258830364118,0.9953809445328496,0.9953809445328496,0.9941258830364118,0.9941258830364118,0.9941258830364118,0.9941258830364118,0.9941258830364118,0.9973041423999267,0.9973041423999267,0.9973041423999267,0.9678157675393798,0.9973041423999267,0.9973041423999267,0.9960142329831955,0.9901902901437204,0.9973041423999267,0.9973041423999267,0.9973041423999267,0.9960142329831955,0.9960142329831955,0.9678157675393798,0.9973041423999267,0.9901902901437204,0.9901902901437204,0.9901902901437204,0.9901902901437204,0.9901902901437204,0.9901902901437204,0.991831560808041,0.991831560808041,0.991831560808041,0.9901902901437204,0.991831560808041,0.9941258830364118,0.9941258830364118,0.9941258830364118,0.9941258830364118,0.9973041423999267,0.9973041423999267,0.99,0.9960142329831955,0.9960142329831955,0.9960142329831955,0.9960142329831955,0.9960142329831955,0.9678157675393798,0.9960142329831955,0.9901902901437204,0.9901902901437204,0.9920606134282417,0.9920606134282417,0.9920606134282417,0.9901902901437204,0.9920606134282417,0.991831560808041,0.9960142329831955,0.9960142329831955,0.9953809445328496,0.9953809445328496,0.9953809445328496,0.9920606134282417,0.9920606134282417,0.9920606134282417,0.9960142329831955,0.9920606134282417,0.9960142329831955,0.9678157675393798,0.9678157675393798,0.9678157675393798,0.9678157675393798,0.99,0.991831560808041,0.991831560808041,0.9901902901437204,0.9901902901437204,0.9901902901437204,1.0,0.9960142329831955,0.9960142329831955,0.9960142329831955,0.9960142329831955,0.9960142329831955,0.9960142329831955,0.9960142329831955,0.9960142329831955,0.9960142329831955,0.9973041423999267,0.9973041423999267,0.9973041423999267,0.9901902901437204,1.0,1.0,1.0,1.0,1.0,1.0,1.0,1.0,0.9678157675393798
2020,0.9941258830364118,0.9941258830364118,0.991831560808041,0.991831560808041,0.9960142329831955,0.9960142329831955,0.991831560808041,0.991831560808041,0.9929070053095825,0.9678157675393798,0.9678157675393798,0.9678157675393798,0.9678157675393798,0.9678157675393798,0.9967304535392252,0.9941258830364118,0.9953809445328496,0.9953809445328496,0.9953809445328496,0.9953809445328496,0.9953809445328496,0.9953809445328496,0.9953809445328496,0.9953809445328496,0.9953809445328496,0.9960142329831955,0.99,0.99,0.99,0.99,0.99,0.99,0.99,0.9973041423999267,0.9973041423999267,0.9967304535392252,0.9967304535392252,0.9678157675393798,0.9678157675393798,0.9678157675393798,0.9678157675393798,0.9678157675393798,0.991831560808041,0.991831560808041,0.991831560808041,0.9901902901437204,0.9953809445328496,0.9967304535392252,0.9960142329831955,0.9960142329831955,0.9960142329831955,0.9953809445328496,0.9953809445328496,0.9953809445328496,0.9953809445328496,0.9953809445328496,0.9953809445328496,0.9953809445328496,0.9953809445328496,0.9953809445328496,0.9901902901437204,0.9929070053095825,0.9678157675393798,0.9678157675393798,0.9678157675393798,1.0,1.0,1.0,1.0,1.0,1.0,1.0,1.0,1.0,1.0,1.0,0.9973041423999267,0.9973041423999267,0.9929070053095825,0.9929070053095825,0.9929070053095825,0.9929070053095825,0.9929070053095825,0.9929070053095825,0.9929070053095825,0.9929070053095825,0.9929070053095825,0.9929070053095825,0.9929070053095825,0.9929070053095825,0.9929070053095825,0.9929070053095825,0.9929070053095825,0.9929070053095825,0.9953809445328496,0.9953809445328496,0.9953809445328496,0.9678157675393798,0.9953809445328496,0.9973041423999267,0.9973041423999267,0.9678157675393798,0.9678157675393798,0.9973041423999267,0.9941258830364118,0.9941258830364118,0.9678157675393798,0.9941258830364118,0.9941258830364118,0.9941258830364118,0.9953809445328496,0.9953809445328496,0.9941258830364118,0.9941258830364118,0.9941258830364118,0.9941258830364118,0.9941258830364118,0.9973041423999267,0.9973041423999267,0.9973041423999267,0.9678157675393798,0.9973041423999267,0.9973041423999267,0.9960142329831955,0.9901902901437204,0.9973041423999267,0.9973041423999267,0.9973041423999267,0.9960142329831955,0.9960142329831955,0.9678157675393798,0.9973041423999267,0.9901902901437204,0.9901902901437204,0.9901902901437204,0.9901902901437204,0.9901902901437204,0.9901902901437204,0.991831560808041,0.991831560808041,0.991831560808041,0.9901902901437204,0.991831560808041,0.9941258830364118,0.9941258830364118,0.9941258830364118,0.9941258830364118,0.9973041423999267,0.9973041423999267,0.99,0.9960142329831955,0.9960142329831955,0.9960142329831955,0.9960142329831955,0.9960142329831955,0.9678157675393798,0.9960142329831955,0.9901902901437204,0.9901902901437204,0.9920606134282417,0.9920606134282417,0.9920606134282417,0.9901902901437204,0.9920606134282417,0.991831560808041,0.9960142329831955,0.9960142329831955,0.9953809445328496,0.9953809445328496,0.9953809445328496,0.9920606134282417,0.9920606134282417,0.9920606134282417,0.9960142329831955,0.9920606134282417,0.9960142329831955,0.9678157675393798,0.9678157675393798,0.9678157675393798,0.9678157675393798,0.99,0.991831560808041,0.991831560808041,0.9901902901437204,0.9901902901437204,0.9901902901437204,1.0,0.9960142329831955,0.9960142329831955,0.9960142329831955,0.9960142329831955,0.9960142329831955,0.9960142329831955,0.9960142329831955,0.9960142329831955,0.9960142329831955,0.9973041423999267,0.9973041423999267,0.9973041423999267,0.9901902901437204,1.0,1.0,1.0,1.0,1.0,1.0,1.0,1.0,0.9678157675393798
2030,0.9939545834746671,0.9939545834746671,0.9946684226989712,0.9946684226989712,0.9968471333796513,0.9968471333796513,0.9946684226989712,0.9946684226989712,0.9979164591645413,0.9755229818726429,0.9755229818726429,0.9755229818726429,0.9755229818726429,0.9755229818726429,0.9969243680011198,0.9939545834746671,0.9970648008510851,0.9970648008510851,0.9970648008510851,0.9970648008510851,0.9970648008510851,0.9970648008510851,0.9970648008510851,0.9970648008510851,0.9970648008510851,0.9968471333796513,0.99,0.99,0.99,0.99,0.99,0.99,0.99,0.9979052215714587,0.9979052215714587,0.9969243680011198,0.9969243680011198,0.9755229818726429,0.9755229818726429,0.9755229818726429,0.9755229818726429,0.9755229818726429,0.9946684226989712,0.9946684226989712,0.9946684226989712,0.9945496487736275,0.9970648008510851,0.9969243680011198,0.9968471333796513,0.9968471333796513,0.9968471333796513,0.9970648008510851,0.9970648008510851,0.9970648008510851,0.9970648008510851,0.9970648008510851,0.9970648008510851,0.9970648008510851,0.9970648008510851,0.9970648008510851,0.9945496487736275,0.9979164591645413,0.9755229818726429,0.9755229818726429,0.9755229818726429,1.0,1.0,1.0,1.0,1.0,1.0,1.0,1.0,1.0,1.0,1.0,0.9979052215714587,0.9979052215714587,0.9979164591645413,0.9979164591645413,0.9979164591645413,0.9979164591645413,0.9979164591645413,0.9979164591645413,0.9979164591645413,0.9979164591645413,0.9979164591645413,0.9979164591645413,0.9979164591645413,0.9979164591645413,0.9979164591645413,0.9979164591645413,0.9979164591645413,0.9979164591645413,0.9970648008510851,0.9970648008510851,0.9970648008510851,0.9755229818726429,0.9970648008510851,0.9979052215714587,0.9979052215714587,0.9755229818726429,0.9755229818726429,0.9979052215714587,0.9939545834746671,0.9939545834746671,0.9755229818726429,0.9939545834746671,0.9939545834746671,0.9939545834746671,0.9970648008510851,0.9970648008510851,0.9939545834746671,0.9939545834746671,0.9939545834746671,0.9939545834746671,0.9939545834746671,0.9979052215714587,0.9979052215714587,0.9979052215714587,0.9755229818726429,0.9979052215714587,0.9979052215714587,0.9968471333796513,0.9945496487736275,0.9979052215714587,0.9979052215714587,0.9979052215714587,0.9968471333796513,0.9968471333796513,0.9755229818726429,0.9979052215714587,0.9945496487736275,0.9945496487736275,0.9945496487736275,0.9945496487736275,0.9945496487736275,0.9945496487736275,0.9946684226989712,0.9946684226989712,0.9946684226989712,0.9945496487736275,0.9946684226989712,0.9939545834746671,0.9939545834746671,0.9939545834746671,0.9939545834746671,0.9979052215714587,0.9979052215714587,0.99,0.9968471333796513,0.9968471333796513,0.9968471333796513,0.9968471333796513,0.9968471333796513,0.9755229818726429,0.9968471333796513,0.9945496487736275,0.9945496487736275,0.9944943838169402,0.9944943838169402,0.9944943838169402,0.9945496487736275,0.9944943838169402,0.9946684226989712,0.9968471333796513,0.9968471333796513,0.9970648008510851,0.9970648008510851,0.9970648008510851,0.9944943838169402,0.9944943838169402,0.9944943838169402,0.9968471333796513,0.9944943838169402,0.9968471333796513,0.9755229818726429,0.9755229818726429,0.9755229818726429,0.9755229818726429,0.99,0.9946684226989712,0.9946684226989712,0.9945496487736275,0.9945496487736275,0.9945496487736275,1.0,0.9968471333796513,0.9968471333796513,0.9968471333796513,0.9968471333796513,0.9968471333796513,0.9968471333796513,0.9968471333796513,0.9968471333796513,0.9968471333796513,0.9979052215714587,0.9979052215714587,0.9979052215714587,0.9945496487736275,1.0,1.0,1.0,1.0,1.0,1.0,1.0,1.0,0.9755229818726429
2040,0.9941649096140986,0.9941649096140986,0.9958189488982488,0.9958189488982488,0.9972663974875403,0.9972663974875403,0.9958189488982488,0.9958189488982488,0.9984240064253891,0.9814295080186463,0.9814295080186463,0.9814295080186463,0.9814295080186463,0.9814295080186463,0.9970107875020702,0.9941649096140986,0.9980367720324275,0.9980367720324275,0.9980367720324275,0.9980367720324275,0.9980367720324275,0.9980367720324275,0.9980367720324275,0.9980367720324275,0.9980367720324275,0.9972663974875403,0.99,0.99,0.99,0.99,0.99,0.99,0.99,0.9981493042233068,0.9981493042233068,0.9970107875020702,0.9970107875020702,0.9814295080186463,0.9814295080186463,0.9814295080186463,0.9814295080186463,0.9814295080186463,0.9958189488982488,0.9958189488982488,0.9958189488982488,0.9958345142139661,0.9980367720324275,0.9970107875020702,0.9972663974875403,0.9972663974875403,0.9972663974875403,0.9980367720324275,0.9980367720324275,0.9980367720324275,0.9980367720324275,0.9980367720324275,0.9980367720324275,0.9980367720324275,0.9980367720324275,0.9980367720324275,0.9958345142139661,0.9984240064253891,0.9814295080186463,0.9814295080186463,0.9814295080186463,1.0,1.0,1.0,1.0,1.0,1.0,1.0,1.0,1.0,1.0,1.0,0.9981493042233068,0.9981493042233068,0.9984240064253891,0.9984240064253891,0.9984240064253891,0.9984240064253891,0.9984240064253891,0.9984240064253891,0.9984240064253891,0.9984240064253891,0.9984240064253891,0.9984240064253891,0.9984240064253891,0.9984240064253891,0.9984240064253891,0.9984240064253891,0.9984240064253891,0.9984240064253891,0.9980367720324275,0.9980367720324275,0.9980367720324275,0.9814295080186463,0.9980367720324275,0.9981493042233068,0.9981493042233068,0.9814295080186463,0.9814295080186463,0.9981493042233068,0.9941649096140986,0.9941649096140986,0.9814295080186463,0.9941649096140986,0.9941649096140986,0.9941649096140986,0.9980367720324275,0.9980367720324275,0.9941649096140986,0.9941649096140986,0.9941649096140986,0.9941649096140986,0.9941649096140986,0.9981493042233068,0.9981493042233068,0.9981493042233068,0.9814295080186463,0.9981493042233068,0.9981493042233068,0.9972663974875403,0.9958345142139661,0.9981493042233068,0.9981493042233068,0.9981493042233068,0.9972663974875403,0.9972663974875403,0.9814295080186463,0.9981493042233068,0.9958345142139661,0.9958345142139661,0.9958345142139661,0.9958345142139661,0.9958345142139661,0.9958345142139661,0.9958189488982488,0.9958189488982488,0.9958189488982488,0.9958345142139661,0.9958189488982488,0.9941649096140986,0.9941649096140986,0.9941649096140986,0.9941649096140986,0.9981493042233068,0.9981493042233068,0.99,0.9972663974875403,0.9972663974875403,0.9972663974875403,0.9972663974875403,0.9972663974875403,0.9814295080186463,0.9972663974875403,0.9958345142139661,0.9958345142139661,0.9953360288225841,0.9953360288225841,0.9953360288225841,0.9958345142139661,0.9953360288225841,0.9958189488982488,0.9972663974875403,0.9972663974875403,0.9980367720324275,0.9980367720324275,0.9980367720324275,0.9953360288225841,0.9953360288225841,0.9953360288225841,0.9972663974875403,0.9953360288225841,0.9972663974875403,0.9814295080186463,0.9814295080186463,0.9814295080186463,0.9814295080186463,0.99,0.9958189488982488,0.9958189488982488,0.9958345142139661,0.9958345142139661,0.9958345142139661,1.0,0.9972663974875403,0.9972663974875403,0.9972663974875403,0.9972663974875403,0.9972663974875403,0.9972663974875403,0.9972663974875403,0.9972663974875403,0.9972663974875403,0.9981493042233068,0.9981493042233068,0.9981493042233068,0.9958345142139661,1.0,1.0,1.0,1.0,1.0,1.0,1.0,1.0,0.9814295080186463
2050,0.9938329886020497,0.9938329886020497,0.996337278050842,0.996337278050842,0.9975065044365033,0.9975065044365033,0.996337278050842,0.996337278050842,0.9986734716728104,0.9841911749021113,0.9841911749021113,0.9841911749021113,0.9841911749021113,0.9841911749021113,0.9970807986781379,0.9938329886020497,0.9985920188601576,0.9985920188601576,0.9985920188601576,0.9985920188601576,0.9985920188601576,0.9985920188601576,0.9985920188601576,0.9985920188601576,0.9985920188601576,0.9975065044365033,0.99,0.99,0.99,0.99,0.99,0.99,0.99,0.9983007813210178,0.9983007813210178,0.9970807986781379,0.9970807986781379,0.9841911749021113,0.9841911749021113,0.9841911749021113,0.9841911749021113,0.9841911749021113,0.996337278050842,0.996337278050842,0.996337278050842,0.9967106813992616,0.9985920188601576,0.9970807986781379,0.9975065044365033,0.9975065044365033,0.9975065044365033,0.9985920188601576,0.9985920188601576,0.9985920188601576,0.9985920188601576,0.9985920188601576,0.9985920188601576,0.9985920188601576,0.9985920188601576,0.9985920188601576,0.9967106813992616,0.9986734716728104,0.9841911749021113,0.9841911749021113,0.9841911749021113,1.0,1.0,1.0,1.0,1.0,1.0,1.0,1.0,1.0,1.0,1.0,0.9983007813210178,0.9983007813210178,0.9986734716728104,0.9986734716728104,0.9986734716728104,0.9986734716728104,0.9986734716728104,0.9986734716728104,0.9986734716728104,0.9986734716728104,0.9986734716728104,0.9986734716728104,0.9986734716728104,0.9986734716728104,0.9986734716728104,0.9986734716728104,0.9986734716728104,0.9986734716728104,0.9985920188601576,0.9985920188601576,0.9985920188601576,0.9841911749021113,0.9985920188601576,0.9983007813210178,0.9983007813210178,0.9841911749021113,0.9841911749021113,0.9983007813210178,0.9938329886020497,0.9938329886020497,0.9841911749021113,0.9938329886020497,0.9938329886020497,0.9938329886020497,0.9985920188601576,0.9985920188601576,0.9938329886020497,0.9938329886020497,0.9938329886020497,0.9938329886020497,0.9938329886020497,0.9983007813210178,0.9983007813210178,0.9983007813210178,0.9841911749021113,0.9983007813210178,0.9983007813210178,0.9975065044365033,0.9967106813992616,0.9983007813210178,0.9983007813210178,0.9983007813210178,0.9975065044365033,0.9975065044365033,0.9841911749021113,0.9983007813210178,0.9967106813992616,0.9967106813992616,0.9967106813992616,0.9967106813992616,0.9967106813992616,0.9967106813992616,0.996337278050842,0.996337278050842,0.996337278050842,0.9967106813992616,0.996337278050842,0.9938329886020497,0.9938329886020497,0.9938329886020497,0.9938329886020497,0.9983007813210178,0.9983007813210178,0.99,0.9975065044365033,0.9975065044365033,0.9975065044365033,0.9975065044365033,0.9975065044365033,0.9841911749021113,0.9975065044365033,0.9967106813992616,0.9967106813992616,0.995695830282694,0.995695830282694,0.995695830282694,0.9967106813992616,0.995695830282694,0.996337278050842,0.9975065044365033,0.9975065044365033,0.9985920188601576,0.9985920188601576,0.9985920188601576,0.995695830282694,0.995695830282694,0.995695830282694,0.9975065044365033,0.995695830282694,0.9975065044365033,0.9841911749021113,0.9841911749021113,0.9841911749021113,0.9841911749021113,0.99,0.996337278050842,0.996337278050842,0.9967106813992616,0.9967106813992616,0.9967106813992616,1.0,0.9975065044365033,0.9975065044365033,0.9975065044365033,0.9975065044365033,0.9975065044365033,0.9975065044365033,0.9975065044365033,0.9975065044365033,0.9975065044365033,0.9983007813210178,0.9983007813210178,0.9983007813210178,0.9967106813992616,1.0,1.0,1.0,1.0,1.0,1.0,1.0,1.0,0.9841911749021113
2060,0.9935681317899565,0.9935681317899565,0.9966434373062342,0.9966434373062342,0.9976952183593402,0.9976952183593402,0.9966434373062342,0.9966434373062342,0.998892743868158,0.986151212608224,0.986151212608224,0.986151212608224,0.986151212608224,0.986151212608224,0.9971384521120356,0.9935681317899565,0.9988645363505433,0.9988645363505433,0.9988645363505433,0.9988645363505433,0.9988645363505433,0.9988645363505433,0.9988645363505433,0.9988645363505433,0.9988645363505433,0.9976952183593402,0.99,0.99,0.99,0.99,0.99,0.99,0.99,0.9984536744678482,0.9984536744678482,0.9971384521120356,0.9971384521120356,0.986151212608224,0.986151212608224,0.986151212608224,0.986151212608224,0.986151212608224,0.9966434373062342,0.9966434373062342,0.9966434373062342,0.9971337779245147,0.9988645363505433,0.9971384521120356,0.9976952183593402,0.9976952183593402,0.9976952183593402,0.9988645363505433,0.9988645363505433,0.9988645363505433,0.9988645363505433,0.9988645363505433,0.9988645363505433,0.9988645363505433,0.9988645363505433,0.9988645363505433,0.9971337779245147,0.998892743868158,0.986151212608224,0.986151212608224,0.986151212608224,1.0,1.0,1.0,1.0,1.0,1.0,1.0,1.0,1.0,1.0,1.0,0.9984536744678482,0.9984536744678482,0.998892743868158,0.998892743868158,0.998892743868158,0.998892743868158,0.998892743868158,0.998892743868158,0.998892743868158,0.998892743868158,0.998892743868158,0.998892743868158,0.998892743868158,0.998892743868158,0.998892743868158,0.998892743868158,0.998892743868158,0.998892743868158,0.9988645363505433,0.9988645363505433,0.9988645363505433,0.986151212608224,0.9988645363505433,0.9984536744678482,0.9984536744678482,0.986151212608224,0.986151212608224,0.9984536744678482,0.9935681317899565,0.9935681317899565,0.986151212608224,0.9935681317899565,0.9935681317899565,0.9935681317899565,0.9988645363505433,0.9988645363505433,0.9935681317899565,0.9935681317899565,0.9935681317899565,0.9935681317899565,0.9935681317899565,0.9984536744678482,0.9984536744678482,0.9984536744678482,0.986151212608224,0.9984536744678482,0.9984536744678482,0.9976952183593402,0.9971337779245147,0.9984536744678482,0.9984536744678482,0.9984536744678482,0.9976952183593402,0.9976952183593402,0.986151212608224,0.9984536744678482,0.9971337779245147,0.9971337779245147,0.9971337779245147,0.9971337779245147,0.9971337779245147,0.9971337779245147,0.9966434373062342,0.9966434373062342,0.9966434373062342,0.9971337779245147,0.9966434373062342,0.9935681317899565,0.9935681317899565,0.9935681317899565,0.9935681317899565,0.9984536744678482,0.9984536744678482,0.99,0.9976952183593402,0.9976952183593402,0.9976952183593402,0.9976952183593402,0.9976952183593402,0.986151212608224,0.9976952183593402,0.9971337779245147,0.9971337779245147,0.9959213863047746,0.9959213863047746,0.9959213863047746,0.9971337779245147,0.9959213863047746,0.9966434373062342,0.9976952183593402,0.9976952183593402,0.9988645363505433,0.9988645363505433,0.9988645363505433,0.9959213863047746,0.9959213863047746,0.9959213863047746,0.9976952183593402,0.9959213863047746,0.9976952183593402,0.986151212608224,0.986151212608224,0.986151212608224,0.986151212608224,0.99,0.9966434373062342,0.9966434373062342,0.9971337779245147,0.9971337779245147,0.9971337779245147,1.0,0.9976952183593402,0.9976952183593402,0.9976952183593402,0.9976952183593402,0.9976952183593402,0.9976952183593402,0.9976952183593402,0.9976952183593402,0.9976952183593402,0.9984536744678482,0.9984536744678482,0.9984536744678482,0.9971337779245147,1.0,1.0,1.0,1.0,1.0,1.0,1.0,1.0,0.986151212608224
2070,0.9935495392946962,0.9935495392946962,0.9969720911000657,0.9969720911000657,0.9978281872702794,0.9978281872702794,0.9969720911000657,0.9969720911000657,0.9990603256568565,0.9876883703308138,0.9876883703308138,0.9876883703308138,0.9876883703308138,0.9876883703308138,0.9971809295582688,0.9935495392946962,0.9989819719553522,0.9989819719553522,0.9989819719553522,0.9989819719553522,0.9989819719553522,0.9989819719553522,0.9989819719553522,0.9989819719553522,0.9989819719553522,0.9978281872702794,0.99,0.99,0.99,0.99,0.99,0.99,0.99,0.998538092737538,0.998538092737538,0.9971809295582688,0.9971809295582688,0.9876883703308138,0.9876883703308138,0.9876883703308138,0.9876883703308138,0.9876883703308138,0.9969720911000657,0.9969720911000657,0.9969720911000657,0.9974951637370415,0.9989819719553522,0.9971809295582688,0.9978281872702794,0.9978281872702794,0.9978281872702794,0.9989819719553522,0.9989819719553522,0.9989819719553522,0.9989819719553522,0.9989819719553522,0.9989819719553522,0.9989819719553522,0.9989819719553522,0.9989819719553522,0.9974951637370415,0.9990603256568565,0.9876883703308138,0.9876883703308138,0.9876883703308138,1.0,1.0,1.0,1.0,1.0,1.0,1.0,1.0,1.0,1.0,1.0,0.998538092737538,0.998538092737538,0.9990603256568565,0.9990603256568565,0.9990603256568565,0.9990603256568565,0.9990603256568565,0.9990603256568565,0.9990603256568565,0.9990603256568565,0.9990603256568565,0.9990603256568565,0.9990603256568565,0.9990603256568565,0.9990603256568565,0.9990603256568565,0.9990603256568565,0.9990603256568565,0.9989819719553522,0.9989819719553522,0.9989819719553522,0.9876883703308138,0.9989819719553522,0.998538092737538,0.998538092737538,0.9876883703308138,0.9876883703308138,0.998538092737538,0.9935495392946962,0.9935495392946962,0.9876883703308138,0.9935495392946962,0.9935495392946962,0.9935495392946962,0.9989819719553522,0.9989819719553522,0.9935495392946962,0.9935495392946962,0.9935495392946962,0.9935495392946962,0.9935495392946962,0.998538092737538,0.998538092737538,0.998538092737538,0.9876883703308138,0.998538092737538,0.998538092737538,0.9978281872702794,0.9974951637370415,0.998538092737538,0.998538092737538,0.998538092737538,0.9978281872702794,0.9978281872702794,0.9876883703308138,0.998538092737538,0.9974951637370415,0.9974951637370415,0.9974951637370415,0.9974951637370415,0.9974951637370415,0.9974951637370415,0.9969720911000657,0.9969720911000657,0.9969720911000657,0.9974951637370415,0.9969720911000657,0.9935495392946962,0.9935495392946962,0.9935495392946962,0.9935495392946962,0.998538092737538,0.998538092737538,0.99,0.9978281872702794,0.9978281872702794,0.9978281872702794,0.9978281872702794,0.9978281872702794,0.9876883703308138,0.9978281872702794,0.9974951637370415,0.9974951637370415,0.9960968902321521,0.9960968902321521,0.9960968902321521,0.9974951637370415,0.9960968902321521,0.9969720911000657,0.9978281872702794,0.9978281872702794,0.9989819719553522,0.9989819719553522,0.9989819719553522,0.9960968902321521,0.9960968902321521,0.9960968902321521,0.9978281872702794,0.9960968902321521,0.9978281872702794,0.9876883703308138,0.9876883703308138,0.9876883703308138,0.9876883703308138,0.99,0.9969720911000657,0.9969720911000657,0.9974951637370415,0.9974951637370415,0.9974951637370415,1.0,0.9978281872702794,0.9978281872702794,0.9978281872702794,0.9978281872702794,0.9978281872702794,0.9978281872702794,0.9978281872702794,0.9978281872702794,0.9978281872702794,0.998538092737538,0.998538092737538,0.998538092737538,0.9974951637370415,1.0,1.0,1.0,1.0,1.0,1.0,1.0,1.0,0.9876883703308138
2080,0.993611064129539,0.993611064129539,0.9970648262240867,0.9970648262240867,0.9979559676906995,0.9979559676906995,0.9970648262240867,0.9970648262240867,0.9991447784212331,0.9887814627050504,0.9887814627050504,0.9887814627050504,0.9887814627050504,0.9887814627050504,0.997207319896628,0.993611064129539,0.9990686233032856,0.9990686233032856,0.9990686233032856,0.9990686233032856,0.9990686233032856,0.9990686233032856,0.9990686233032856,0.9990686233032856,0.9990686233032856,0.9979559676906995,0.99,0.99,0.99,0.99,0.99,0.99,0.99,0.9986329589817082,0.9986329589817082,0.997207319896628,0.997207319896628,0.9887814627050504,0.9887814627050504,0.9887814627050504,0.9887814627050504,0.9887814627050504,0.9970648262240867,0.9970648262240867,0.9970648262240867,0.9975537939440454,0.9990686233032856,0.997207319896628,0.9979559676906995,0.9979559676906995,0.9979559676906995,0.9990686233032856,0.9990686233032856,0.9990686233032856,0.9990686233032856,0.9990686233032856,0.9990686233032856,0.9990686233032856,0.9990686233032856,0.9990686233032856,0.9975537939440454,0.9991447784212331,0.9887814627050504,0.9887814627050504,0.9887814627050504,1.0,1.0,1.0,1.0,1.0,1.0,1.0,1.0,1.0,1.0,1.0,0.9986329589817082,0.9986329589817082,0.9991447784212331,0.9991447784212331,0.9991447784212331,0.9991447784212331,0.9991447784212331,0.9991447784212331,0.9991447784212331,0.9991447784212331,0.9991447784212331,0.9991447784212331,0.9991447784212331,0.9991447784212331,0.9991447784212331,0.9991447784212331,0.9991447784212331,0.9991447784212331,0.9990686233032856,0.9990686233032856,0.9990686233032856,0.9887814627050504,0.9990686233032856,0.9986329589817082,0.9986329589817082,0.9887814627050504,0.9887814627050504,0.9986329589817082,0.993611064129539,0.993611064129539,0.9887814627050504,0.993611064129539,0.993611064129539,0.993611064129539,0.9990686233032856,0.9990686233032856,0.993611064129539,0.993611064129539,0.993611064129539,0.993611064129539,0.993611064129539,0.9986329589817082,0.9986329589817082,0.9986329589817082,0.9887814627050504,0.9986329589817082,0.9986329589817082,0.9979559676906995,0.9975537939440454,0.9986329589817082,0.9986329589817082,0.9986329589817082,0.9979559676906995,0.9979559676906995,0.9887814627050504,0.9986329589817082,0.9975537939440454,0.9975537939440454,0.9975537939440454,0.9975537939440454,0.9975537939440454,0.9975537939440454,0.9970648262240867,0.9970648262240867,0.9970648262240867,0.9975537939440454,0.9970648262240867,0.993611064129539,0.993611064129539,0.993611064129539,0.993611064129539,0.9986329589817082,0.9986329589817082,0.99,0.9979559676906995,0.9979559676906995,0.9979559676906995,0.9979559676906995,0.9979559676906995,0.9887814627050504,0.9979559676906995,0.9975537939440454,0.9975537939440454,0.9962007526853365,0.9962007526853365,0.9962007526853365,0.9975537939440454,0.9962007526853365,0.9970648262240867,0.9979559676906995,0.9979559676906995,0.9990686233032856,0.9990686233032856,0.9990686233032856,0.9962007526853365,0.9962007526853365,0.9962007526853365,0.9979559676906995,0.9962007526853365,0.9979559676906995,0.9887814627050504,0.9887814627050504,0.9887814627050504,0.9887814627050504,0.99,0.9970648262240867,0.9970648262240867,0.9975537939440454,0.9975537939440454,0.9975537939440454,1.0,0.9979559676906995,0.9979559676906995,0.9979559676906995,0.9979559676906995,0.9979559676906995,0.9979559676906995,0.9979559676906995,0.9979559676906995,0.9979559676906995,0.9986329589817082,0.9986329589817082,0.9986329589817082,0.9975537939440454,1.0,1.0,1.0,1.0,1.0,1.0,1.0,1.0,0.9887814627050504
2090,0.9938299743455365,0.9938299743455365,0.997223420578485,0.997223420578485,0.9980667051759695,0.9980667051759695,0.997223420578485,0.997223420578485,0.9992091881992111,0.9896661833582485,0.9896661833582485,0.9896661833582485,0.9896661833582485,0.9896661833582485,0.9972321324681567,0.9938299743455365,0.9990495622116983,0.9990495622116983,0.9990495622116983,0.9990495622116983,0.9990495622116983,0.9990495622116983,0.9990495622116983,0.9990495622116983,0.9990495622116983,0.9980667051759695,0.99,0.99,0.99,0.99,0.99,0.99,0.99,0.9987005298681939,0.9987005298681939,0.9972321324681567,0.9972321324681567,0.9896661833582485,0.9896661833582485,0.9896661833582485,0.9896661833582485,0.9896661833582485,0.997223420578485,0.997223420578485,0.997223420578485,0.9976024632709419,0.9990495622116983,0.9972321324681567,0.9980667051759695,0.9980667051759695,0.9980667051759695,0.9990495622116983,0.9990495622116983,0.9990495622116983,0.9990495622116983,0.9990495622116983,0.9990495622116983,0.9990495622116983,0.9990495622116983,0.9990495622116983,0.9976024632709419,0.9992091881992111,0.9896661833582485,0.9896661833582485,0.9896661833582485,1.0,1.0,1.0,1.0,1.0,1.0,1.0,1.0,1.0,1.0,1.0,0.9987005298681939,0.9987005298681939,0.9992091881992111,0.9992091881992111,0.9992091881992111,0.9992091881992111,0.9992091881992111,0.9992091881992111,0.9992091881992111,0.9992091881992111,0.9992091881992111,0.9992091881992111,0.9992091881992111,0.9992091881992111,0.9992091881992111,0.9992091881992111,0.9992091881992111,0.9992091881992111,0.9990495622116983,0.9990495622116983,0.9990495622116983,0.9896661833582485,0.9990495622116983,0.9987005298681939,0.9987005298681939,0.9896661833582485,0.9896661833582485,0.9987005298681939,0.9938299743455365,0.9938299743455365,0.9896661833582485,0.9938299743455365,0.9938299743455365,0.9938299743455365,0.9990495622116983,0.9990495622116983,0.9938299743455365,0.9938299743455365,0.9938299743455365,0.9938299743455365,0.9938299743455365,0.9987005298681939,0.9987005298681939,0.9987005298681939,0.9896661833582485,0.9987005298681939,0.9987005298681939,0.9980667051759695,0.9976024632709419,0.9987005298681939,0.9987005298681939,0.9987005298681939,0.9980667051759695,0.9980667051759695,0.9896661833582485,0.9987005298681939,0.9976024632709419,0.9976024632709419,0.9976024632709419,0.9976024632709419,0.9976024632709419,0.9976024632709419,0.997223420578485,0.997223420578485,0.997223420578485,0.9976024632709419,0.997223420578485,0.9938299743455365,0.9938299743455365,0.9938299743455365,0.9938299743455365,0.9987005298681939,0.9987005298681939,0.99,0.9980667051759695,0.9980667051759695,0.9980667051759695,0.9980667051759695,0.9980667051759695,0.9896661833582485,0.9980667051759695,0.9976024632709419,0.9976024632709419,0.9962396507706934,0.9962396507706934,0.9962396507706934,0.9976024632709419,0.9962396507706934,0.997223420578485,0.9980667051759695,0.9980667051759695,0.9990495622116983,0.9990495622116983,0.9990495622116983,0.9962396507706934,0.9962396507706934,0.9962396507706934,0.9980667051759695,0.9962396507706934,0.9980667051759695,0.9896661833582485,0.9896661833582485,0.9896661833582485,0.9896661833582485,0.99,0.997223420578485,0.997223420578485,0.9976024632709419,0.9976024632709419,0.9976024632709419,1.0,0.9980667051759695,0.9980667051759695,0.9980667051759695,0.9980667051759695,0.9980667051759695,0.9980667051759695,0.9980667051759695,0.9980667051759695,0.9980667051759695,0.9987005298681939,0.9987005298681939,0.9987005298681939,0.9976024632709419,1.0,1.0,1.0,1.0,1.0,1.0,1.0,1.0,0.9896661833582485
2100,0.9938299743455365,0.9938299743455365,0.997223420578485,0.997223420578485,0.9980667051759695,0.9980667051759695,0.997223420578485,0.997223420578485,0.9992091881992111,0.9896661833582485,0.9896661833582485,0.9896661833582485,0.9896661833582485,0.9896661833582485,0.9972321324681567,0.9938299743455365,0.9990495622116983,0.9990495622116983,0.9990495622116983,0.9990495622116983,0.9990495622116983,0.9990495622116983,0.9990495622116983,0.9990495622116983,0.9990495622116983,0.9980667051759695,0.99,0.99,0.99,0.99,0.99,0.99,0.99,0.9987005298681939,0.9987005298681939,0.9972321324681567,0.9972321324681567,0.9896661833582485,0.9896661833582485,0.9896661833582485,0.9896661833582485,0.9896661833582485,0.997223420578485,0.997223420578485,0.997223420578485,0.9976024632709419,0.9990495622116983,0.9972321324681567,0.9980667051759695,0.9980667051759695,0.9980667051759695,0.9990495622116983,0.9990495622116983,0.9990495622116983,0.9990495622116983,0.9990495622116983,0.9990495622116983,0.9990495622116983,0.9990495622116983,0.9990495622116983,0.9976024632709419,0.9992091881992111,0.9896661833582485,0.9896661833582485,0.9896661833582485,1.0,1.0,1.0,1.0,1.0,1.0,1.0,1.0,1.0,1.0,1.0,0.9987005298681939,0.9987005298681939,0.9992091881992111,0.9992091881992111,0.9992091881992111,0.9992091881992111,0.9992091881992111,0.9992091881992111,0.9992091881992111,0.9992091881992111,0.9992091881992111,0.9992091881992111,0.9992091881992111,0.9992091881992111,0.9992091881992111,0.9992091881992111,0.9992091881992111,0.9992091881992111,0.9990495622116983,0.9990495622116983,0.9990495622116983,0.9896661833582485,0.9990495622116983,0.9987005298681939,0.9987005298681939,0.9896661833582485,0.9896661833582485,0.9987005298681939,0.9938299743455365,0.9938299743455365,0.9896661833582485,0.9938299743455365,0.9938299743455365,0.9938299743455365,0.9990495622116983,0.9990495622116983,0.9938299743455365,0.9938299743455365,0.9938299743455365,0.9938299743455365,0.9938299743455365,0.9987005298681939,0.9987005298681939,0.9987005298681939,0.9896661833582485,0.9987005298681939,0.9987005298681939,0.9980667051759695,0.9976024632709419,0.9987005298681939,0.9987005298681939,0.9987005298681939,0.9980667051759695,0.9980667051759695,0.9896661833582485,0.9987005298681939,0.9976024632709419,0.9976024632709419,0.9976024632709419,0.9976024632709419,0.9976024632709419,0.9976024632709419,0.997223420578485,0.997223420578485,0.997223420578485,0.9976024632709419,0.997223420578485,0.9938299743455365,0.9938299743455365,0.9938299743455365,0.9938299743455365,0.9987005298681939,0.9987005298681939,0.99,0.9980667051759695,0.9980667051759695,0.9980667051759695,0.9980667051759695,0.9980667051759695,0.9896661833582485,0.9980667051759695,0.9976024632709419,0.9976024632709419,0.9962396507706934,0.9962396507706934,0.9962396507706934,0.9976024632709419,0.9962396507706934,0.997223420578485,0.9980667051759695,0.9980667051759695,0.9990495622116983,0.9990495622116983,0.9990495622116983,0.9962396507706934,0.9962396507706934,0.9962396507706934,0.9980667051759695,0.9962396507706934,0.9980667051759695,0.9896661833582485,0.9896661833582485,0.9896661833582485,0.9896661833582485,0.99,0.997223420578485,0.997223420578485,0.9976024632709419,0.9976024632709419,0.9976024632709419,1.0,0.9980667051759695,0.9980667051759695,0.9980667051759695,0.9980667051759695,0.9980667051759695,0.9980667051759695,0.9980667051759695,0.9980667051759695,0.9980667051759695,0.9987005298681939,0.9987005298681939,0.9987005298681939,0.9976024632709419,1.0,1.0,1.0,1.0,1.0,1.0,1.0,1.0,0.9896661833582485
2110,0.9938299743455365,0.9938299743455365,0.997223420578485,0.997223420578485,0.9980667051759695,0.9980667051759695,0.997223420578485,0.997223420578485,0.9992091881992111,0.9896661833582485,0.9896661833582485,0.9896661833582485,0.9896661833582485,0.9896661833582485,0.9972321324681567,0.9938299743455365,0.9990495622116983,0.9990495622116983,0.9990495622116983,0.9990495622116983,0.9990495622116983,0.9990495622116983,0.9990495622116983,0.9990495622116983,0.9990495622116983,0.9980667051759695,0.99,0.99,0.99,0.99,0.99,0.99,0.99,0.9987005298681939,0.9987005298681939,0.9972321324681567,0.9972321324681567,0.9896661833582485,0.9896661833582485,0.9896661833582485,0.9896661833582485,0.9896661833582485,0.997223420578485,0.997223420578485,0.997223420578485,0.9976024632709419,0.9990495622116983,0.9972321324681567,0.9980667051759695,0.9980667051759695,0.9980667051759695,0.9990495622116983,0.9990495622116983,0.9990495622116983,0.9990495622116983,0.9990495622116983,0.9990495622116983,0.9990495622116983,0.9990495622116983,0.9990495622116983,0.9976024632709419,0.9992091881992111,0.9896661833582485,0.9896661833582485,0.9896661833582485,1.0,1.0,1.0,1.0,1.0,1.0,1.0,1.0,1.0,1.0,1.0,0.9987005298681939,0.9987005298681939,0.9992091881992111,0.9992091881992111,0.9992091881992111,0.9992091881992111,0.9992091881992111,0.9992091881992111,0.9992091881992111,0.9992091881992111,0.9992091881992111,0.9992091881992111,0.9992091881992111,0.9992091881992111,0.9992091881992111,0.9992091881992111,0.9992091881992111,0.9992091881992111,0.9990495622116983,0.9990495622116983,0.9990495622116983,0.9896661833582485,0.9990495622116983,0.9987005298681939,0.9987005298681939,0.9896661833582485,0.9896661833582485,0.9987005298681939,0.9938299743455365,0.9938299743455365,0.9896661833582485,0.9938299743455365,0.9938299743455365,0.9938299743455365,0.9990495622116983,0.9990495622116983,0.9938299743455365,0.9938299743455365,0.9938299743455365,0.9938299743455365,0.9938299743455365,0.9987005298681939,0.9987005298681939,0.9987005298681939,0.9896661833582485,0.9987005298681939,0.9987005298681939,0.9980667051759695,0.9976024632709419,0.9987005298681939,0.9987005298681939,0.9987005298681939,0.9980667051759695,0.9980667051759695,0.9896661833582485,0.9987005298681939,0.9976024632709419,0.9976024632709419,0.9976024632709419,0.9976024632709419,0.9976024632709419,0.9976024632709419,0.997223420578485,0.997223420578485,0.997223420578485,0.9976024632709419,0.997223420578485,0.9938299743455365,0.9938299743455365,0.9938299743455365,0.9938299743455365,0.9987005298681939,0.9987005298681939,0.99,0.9980667051759695,0.9980667051759695,0.9980667051759695,0.9980667051759695,0.9980667051759695,0.9896661833582485,0.9980667051759695,0.9976024632709419,0.9976024632709419,0.9962396507706934,0.9962396507706934,0.9962396507706934,0.9976024632709419,0.9962396507706934,0.997223420578485,0.9980667051759695,0.9980667051759695,0.9990495622116983,0.9990495622116983,0.9990495622116983,0.9962396507706934,0.9962396507706934,0.9962396507706934,0.9980667051759695,0.9962396507706934,0.9980667051759695,0.9896661833582485,0.9896661833582485,0.9896661833582485,0.9896661833582485,0.99,0.997223420578485,0.997223420578485,0.9976024632709419,0.9976024632709419,0.9976024632709419,1.0,0.9980667051759695,0.9980667051759695,0.9980667051759695,0.9980667051759695,0.9980667051759695,0.9980667051759695,0.9980667051759695,0.9980667051759695,0.9980667051759695,0.9987005298681939,0.9987005298681939,0.9987005298681939,0.9976024632709419,1.0,1.0,1.0,1.0,1.0,1.0,1.0,1.0,0.9896661833582485
