Model,Scenario,Region,Variable,Unit,2010,2015,2020,2025,2030,2035,2040,2045,2050,2055,2060,2070,2080,2090,2100,2110
sparccle_trade,SSP3_STS3_ins10,R12_AFR>R12_CHN,Trade|Primary Energy|Biomass [Volume]|Shipped,EJ/yr,0.0,0.0,0.0,0.0,0.0,0.0,0.0,0.0,0.0,0.0,0.0,0.0,0.0,0.0,0.0,0.0
sparccle_trade,SSP3_STS3_ins10,R12_AFR>R12_LAM,Trade|Primary Energy|Biomass [Volume]|Shipped,EJ/yr,0.0,0.0,0.0,0.0,0.0,0.5336284732680496,0.2741755441424486,0.0,0.0,0.0,0.0,0.0,0.0,0.0,0.0,0.0
sparccle_trade,SSP3_STS3_ins10,R12_AFR>R12_LAM,Trade|Primary Energy|Gas [Volume]|Shipped,EJ/yr,0.0,0.0,0.0,0.0,0.0,0.0,0.0,0.0,0.0,0.0,0.0,8.303812614131429,0.0,0.0,0.0,0.0
sparccle_trade,SSP3_STS3_ins10,R12_AFR>R12_LAM,Trade|Primary Energy|Oil [Volume]|Shipped,EJ/yr,0.0,0.0,0.0,0.0,0.0,0.7114339575331687,1.1065366901347458,1.8118308387838473,0.37764713039929837,0.0,0.0,0.0,0.0,0.0,0.0,0.0
sparccle_trade,SSP3_STS3_ins10,R12_AFR>R12_MEA,Trade|Primary Energy|Coal [Volume]|Shipped,EJ/yr,0.0,0.0,0.0,0.0,0.0,0.6603660105839689,0.0,0.0,0.0,0.0,0.032015546224271066,0.0,0.0,0.0,0.0,0.0
sparccle_trade,SSP3_STS3_ins10,R12_AFR>R12_PAS,Trade|Primary Energy|Biomass [Volume]|Shipped,EJ/yr,0.0,0.0,0.0,0.0,0.0,0.16152724346659603,0.48316967820682616,0.0,0.0,0.0,0.0,0.0,0.0,0.0,0.0,0.0
sparccle_trade,SSP3_STS3_ins10,R12_AFR>R12_PAS,Trade|Primary Energy|Gas [Volume]|Shipped,EJ/yr,0.0,0.0,0.0,0.0,0.0,9.507620294425254e-06,0.0,0.0,0.0,0.0,0.0,0.0,0.0,0.0,0.0,0.0
sparccle_trade,SSP3_STS3_ins10,R12_AFR>R12_WEU,Trade|Primary Energy|Biomass [Volume]|Shipped,EJ/yr,0.0,0.0,0.0,0.0,0.0,0.8965543882754422,0.8317365310920221,0.9310010182228351,0.04694812959379113,0.35239020912544855,0.0,0.0,2.2523929347189546,4.856718137000231,6.065619575513448,4.084830666257154
sparccle_trade,SSP3_STS3_ins10,R12_CHN>R12_PAO,Trade|Primary Energy|Oil [Volume]|Shipped,EJ/yr,0.0,0.0,0.0,0.0,0.0,0.0,1.4381700590280033,0.8592520642724106,0.8585242997263075,0.5131426909847682,0.5121646362909542,0.5097163791182578,0.29509985772649633,0.16710621440867748,0.08717663924909046,0.0
sparccle_trade,SSP3_STS3_ins10,R12_CHN>R12_RCPA,Trade|Primary Energy|Biomass [Volume]|Shipped,EJ/yr,0.0,0.0,0.0,0.0,0.0,0.0,0.0,0.0,0.0,0.0,0.13588835940874353,0.0,0.0,0.0,0.0,0.0
sparccle_trade,SSP3_STS3_ins10,R12_CHN>R12_RCPA,Trade|Primary Energy|Coal [Volume]|Shipped,EJ/yr,0.0,0.0,0.0,0.0,0.0,0.0,0.0,0.0,0.0,0.0,0.0,0.0,0.0,0.0,0.5515802869327056,0.0
sparccle_trade,SSP3_STS3_ins10,R12_CHN>R12_RCPA,Trade|Primary Energy|Oil [Volume]|Shipped,EJ/yr,0.0,0.0,0.0,0.0,0.0,0.0,0.0,1.116032565631712,0.8089204632327935,0.0,0.0,0.0,0.0,0.0,0.0,0.0
sparccle_trade,SSP3_STS3_ins10,R12_EEU>R12_FSU,Trade|Primary Energy|Coal [Volume]|Shipped,EJ/yr,0.0,0.0,0.0,0.0,0.0,0.0,0.0,0.0,0.19738306082609472,0.10567845493476864,0.0,0.09748626953389573,0.05836863063849234,0.0,0.00316047146214855,0.0
sparccle_trade,SSP3_STS3_ins10,R12_EEU>R12_FSU,Trade|Primary Energy|Gas [Volume]|Piped,EJ/yr,0.0,0.0,0.0,0.0,0.0,0.0,0.0,0.0,0.0,0.0,0.0,0.00866284460175401,0.009569169816096497,0.010570316700677259,0.011676205700171667,0.01289779515726205
sparccle_trade,SSP3_STS3_ins10,R12_EEU>R12_MEA,Trade|Primary Energy|Coal [Volume]|Shipped,EJ/yr,0.0,0.0,0.0,0.0,0.0,0.06215065891277549,0.4579116820474491,0.3514417230494736,0.0,0.10474268664453602,0.0,0.0,0.0,0.019631987534151005,0.0,0.0
sparccle_trade,SSP3_STS3_ins10,R12_EEU>R12_NAM,Trade|Primary Energy|Coal [Volume]|Shipped,EJ/yr,0.0,0.0,0.0,0.0,0.0,0.0,0.0,0.0,0.0745558451117437,0.0,0.1628198682010546,0.0,0.0,0.015315467721875373,0.0,0.0
sparccle_trade,SSP3_STS3_ins10,R12_EEU>R12_WEU,Trade|Primary Energy|Coal [Volume]|Shipped,EJ/yr,0.0,0.0,0.0,0.0,0.0,0.0,0.0,0.0,0.0,0.0,0.0,0.0,0.0,0.0,0.007308769735943217,0.0
sparccle_trade,SSP3_STS3_ins10,R12_EEU>R12_WEU,Trade|Primary Energy|Gas [Volume]|Piped,EJ/yr,0.0,0.0,0.0,0.0,0.0,0.3195297817085109,0.10454706942458189,0.10454706942458189,0.007461736648240674,0.0,0.0,0.0,0.0,0.0,0.0,0.0
sparccle_trade,SSP3_STS3_ins10,R12_FSU>R12_CHN,Trade|Primary Energy|Coal [Volume]|Shipped,EJ/yr,0.0,0.0,0.0,0.0,0.0,0.658894920436969,0.0,0.0,0.0,0.0,0.0,0.0,0.0,0.0,0.0,0.0
sparccle_trade,SSP3_STS3_ins10,R12_FSU>R12_CHN,Trade|Primary Energy|Gas [Volume]|Piped,EJ/yr,0.0,0.0,0.0,0.0,0.0,22.801230974517175,33.37816597510147,34.946522673715855,34.946522673715855,35.635752575296266,34.220047762450534,32.63761070669328,33.89531486544094,32.37625371915665,35.74381343474018,38.42598117080144
sparccle_trade,SSP3_STS3_ins10,R12_FSU>R12_CHN,Trade|Primary Energy|Oil [Volume]|Piped,EJ/yr,0.0,0.0,0.0,0.0,0.0,0.0,3.664616510547049,3.3123112320045394,2.86340311876233,0.0,0.0,0.0,0.0,0.0,0.0,0.0
sparccle_trade,SSP3_STS3_ins10,R12_FSU>R12_EEU,Trade|Primary Energy|Biomass [Volume]|Shipped,EJ/yr,0.0,0.0,0.0,0.0,0.0,0.5305961090331336,0.6791977745704494,0.9208459801699187,0.9807039166852383,1.0741707335419888,1.1278504077139921,1.23214807248502,1.6554088815982668,2.353143243290377,2.8099986446269085,2.4391576360219447
sparccle_trade,SSP3_STS3_ins10,R12_FSU>R12_EEU,Trade|Primary Energy|Coal [Volume]|Shipped,EJ/yr,0.0,0.0,0.0,0.0,0.0,0.0,0.0,0.0,0.0,0.0,0.0,0.0,0.0,0.0,0.0,0.0017088113765844262
sparccle_trade,SSP3_STS3_ins10,R12_FSU>R12_EEU,Trade|Primary Energy|Gas [Volume]|Piped,EJ/yr,0.0,0.0,0.0,0.0,0.0,2.5626802726282096,2.1500103803622093,0.8971039595436684,0.0,0.0,0.0,0.0,0.0,0.0,0.0,0.0
sparccle_trade,SSP3_STS3_ins10,R12_FSU>R12_EEU,Trade|Primary Energy|Gas [Volume]|Shipped,EJ/yr,0.0,0.0,0.0,0.0,0.0,0.0,0.0,0.0,0.06312294735928878,0.0,0.0,0.0,0.0017428419564697623,0.0,0.000325321481113289,0.0
sparccle_trade,SSP3_STS3_ins10,R12_FSU>R12_MEA,Trade|Primary Energy|Coal [Volume]|Shipped,EJ/yr,0.0,0.0,0.0,0.0,0.0,0.2235733960900508,0.0,0.0,0.0,0.0,0.0,0.0,0.0,0.0,0.0,0.0
sparccle_trade,SSP3_STS3_ins10,R12_FSU>R12_MEA,Trade|Primary Energy|Gas [Volume]|Piped,EJ/yr,0.0,0.0,0.0,0.0,0.0,0.0,0.0,0.0,0.0,1.8097269927837256,18.478756848707906,0.0,2.1317960405501477,0.0,0.0,25.780043299980886
sparccle_trade,SSP3_STS3_ins10,R12_FSU>R12_NAM,Trade|Primary Energy|Gas [Volume]|Shipped,EJ/yr,0.0,0.0,0.0,0.0,0.0,0.0,1.4082411435612046,0.0,7.688725777130608,4.051900476662056,4.352441259887647,18.385492078078403,11.488281010128597,0.0,6.594801424023043,10.44106105060157
sparccle_trade,SSP3_STS3_ins10,R12_FSU>R12_PAO,Trade|Primary Energy|Gas [Volume]|Shipped,EJ/yr,0.0,0.0,0.0,0.0,0.0,0.0,2.696928492720219,2.048065435370909,3.8411207162843612,3.2754847416252733,4.5236258097230015,5.166636712650875,1.828187966897415,0.0,0.0,0.0
sparccle_trade,SSP3_STS3_ins10,R12_FSU>R12_PAS,Trade|Primary Energy|Gas [Volume]|Piped,EJ/yr,0.0,0.0,0.0,0.0,0.0,0.0,0.0,1.497329154471594,7.992723862006043,13.433216001088681,15.99161916568674,18.712648002749333,17.938030790418193,9.192773862817752,4.483780672269128,9.741362632966561
sparccle_trade,SSP3_STS3_ins10,R12_FSU>R12_RCPA,Trade|Primary Energy|Gas [Volume]|Piped,EJ/yr,0.0,0.0,0.0,0.0,0.0,0.0,0.0,0.09458052949718805,0.09458052949718805,0.22056616052785474,0.7612851062987535,1.0999149586956993,3.8127385194044128,5.353226609658379,8.499239260983714,13.230337333289915
sparccle_trade,SSP3_STS3_ins10,R12_FSU>R12_RCPA,Trade|Primary Energy|Oil [Volume]|Piped,EJ/yr,0.0,0.0,0.0,0.0,0.0,0.0,0.0,0.0,0.0,0.0,0.0,0.4293188648686076,1.0434999439105253,2.343875246602566,4.84125262768428,9.243025194579824
sparccle_trade,SSP3_STS3_ins10,R12_FSU>R12_SAS,Trade|Primary Energy|Gas [Volume]|Piped,EJ/yr,0.0,0.0,0.0,0.0,0.0,0.0,0.0,14.453124776966328,15.718357653308098,21.26118545470717,21.26118545470717,28.427935626113527,34.878423707031345,40.273495819891345,56.133667347765574,74.39903556156806
sparccle_trade,SSP3_STS3_ins10,R12_FSU>R12_WEU,Trade|Primary Energy|Biomass [Volume]|Shipped,EJ/yr,0.0,0.0,0.0,0.0,0.0,0.12242317321742419,0.11778877865032304,0.0,0.0,0.0,0.0,0.0,0.13841955626105923,0.018864998990210692,0.0,0.5260200715134438
sparccle_trade,SSP3_STS3_ins10,R12_FSU>R12_WEU,Trade|Primary Energy|Coal [Volume]|Shipped,EJ/yr,0.0,0.0,0.0,0.0,0.0,0.0,0.0,0.0,0.0,0.0,0.0,0.0,0.0,0.0,0.0,0.004376030421296736
sparccle_trade,SSP3_STS3_ins10,R12_FSU>R12_WEU,Trade|Primary Energy|Gas [Volume]|Piped,EJ/yr,0.0,0.0,0.0,0.0,0.0,4.674925170661357,1.162516079752267,1.162516079752267,0.0,0.0,0.0,0.0,0.0,0.0,0.0,0.0
sparccle_trade,SSP3_STS3_ins10,R12_FSU>R12_WEU,Trade|Primary Energy|Gas [Volume]|Shipped,EJ/yr,0.0,0.0,0.0,0.0,0.0,0.0,4.760953086045495,1.8609381029166026,0.0,0.14851627471833034,0.0,0.0,0.0,0.0,0.0,0.0
sparccle_trade,SSP3_STS3_ins10,R12_LAM>R12_NAM,Trade|Primary Energy|Gas [Volume]|Piped,EJ/yr,0.0,0.0,0.0,0.0,0.0,0.0,3.653492470014346,8.252784446913262,8.252784446913262,8.252784446913262,4.599291976898916,0.0,10.183366490329622,20.173173489812495,9.989806999482873,0.0
sparccle_trade,SSP3_STS3_ins10,R12_LAM>R12_WEU,Trade|Primary Energy|Biomass [Volume]|Shipped,EJ/yr,0.0,0.0,0.0,0.0,0.0,0.0,0.0,0.0,0.0,0.7442161685509473,1.8539969489271912,3.565792962848357,4.614591540666983,4.816229746019488,5.141425743664273,4.882345902138965
sparccle_trade,SSP3_STS3_ins10,R12_MEA>R12_CHN,Trade|Primary Energy|Oil [Volume]|Shipped,EJ/yr,0.0,0.0,0.0,0.0,0.0,2.813218699374848,0.0,0.0,0.0,0.0,0.0,0.0,0.0,0.0,0.0,0.0
sparccle_trade,SSP3_STS3_ins10,R12_MEA>R12_EEU,Trade|Primary Energy|Oil [Volume]|Piped,EJ/yr,0.0,0.0,0.0,0.0,0.0,0.0,0.12789078631972298,0.0,0.0,0.0,0.0,0.0028982807159104065,0.0017353077248978147,0.0010389928358420322,0.0006220833904226618,0.0003724643051326981
sparccle_trade,SSP3_STS3_ins10,R12_MEA>R12_FSU,Trade|Primary Energy|Gas [Volume]|Piped,EJ/yr,0.0,0.0,0.0,0.0,0.0,9.456070002898642,16.817517809207914,16.674154172844275,16.674154172844275,7.36144780630927,0.0,0.0,0.0,21.513067711528702,21.513067711528702,0.0
sparccle_trade,SSP3_STS3_ins10,R12_MEA>R12_FSU,Trade|Primary Energy|Oil [Volume]|Piped,EJ/yr,0.0,0.0,0.0,0.0,0.0,0.0,7.467561804980735,6.691751777185503,7.883828590057267,2.516441841636732,0.9923681378442726,5.742453443097102,6.373580715701096,5.082519656039181,3.5465088987426094,7.732265010308287
sparccle_trade,SSP3_STS3_ins10,R12_MEA>R12_LAM,Trade|Primary Energy|Gas [Volume]|Shipped,EJ/yr,0.0,0.0,0.0,0.0,0.0,0.0,0.0,0.0,0.0,0.0,0.0,0.0,0.0,0.0,0.0,1.0011570668273677
sparccle_trade,SSP3_STS3_ins10,R12_MEA>R12_LAM,Trade|Primary Energy|Oil [Volume]|Shipped,EJ/yr,0.0,0.0,0.0,0.0,0.0,3.9918609935370832,0.0,0.0,0.8222956479498029,0.0,0.0,0.0,0.0,0.0,0.0,0.0
sparccle_trade,SSP3_STS3_ins10,R12_MEA>R12_NAM,Trade|Primary Energy|Gas [Volume]|Shipped,EJ/yr,0.0,0.0,0.0,0.0,0.0,4.875993656745242,1.1619952869758101,3.1245892720296014,0.0,0.0,0.0,0.0,0.0,0.0,0.0,6.753829856118467
sparccle_trade,SSP3_STS3_ins10,R12_MEA>R12_NAM,Trade|Primary Energy|Oil [Volume]|Shipped,EJ/yr,0.0,0.0,0.0,0.0,0.0,4.2514983551109795,0.4760622767177313,0.0,0.2008675232859164,0.0,0.0,0.0,0.0,0.0,0.0,0.0
sparccle_trade,SSP3_STS3_ins10,R12_MEA>R12_PAO,Trade|Primary Energy|Gas [Volume]|Shipped,EJ/yr,0.0,0.0,0.0,0.0,0.0,2.247613395097389,0.0,0.0,0.0,0.0,0.0,0.0,0.0,0.0,0.0,0.0
sparccle_trade,SSP3_STS3_ins10,R12_MEA>R12_PAO,Trade|Primary Energy|Oil [Volume]|Shipped,EJ/yr,0.0,0.0,0.0,0.0,0.0,1.6927815331982783,0.0,0.0,0.0,0.0,0.0,0.0,0.0,0.0,0.0,0.0
sparccle_trade,SSP3_STS3_ins10,R12_MEA>R12_PAS,Trade|Primary Energy|Gas [Volume]|Shipped,EJ/yr,0.0,0.0,0.0,0.0,0.0,3.1593122195980397,0.0,0.0,0.0,0.0,0.0,0.0,0.0,0.0,0.0,0.0
sparccle_trade,SSP3_STS3_ins10,R12_MEA>R12_PAS,Trade|Primary Energy|Oil [Volume]|Shipped,EJ/yr,0.0,0.0,0.0,0.0,0.0,4.103197055558894,3.2102685249505427,1.551213899557187,1.812678143058864,0.6212352182487096,0.7485950972481076,0.33315327485334534,0.0,0.0,0.0,0.0
sparccle_trade,SSP3_STS3_ins10,R12_MEA>R12_RCPA,Trade|Primary Energy|Gas [Volume]|Shipped,EJ/yr,0.0,0.0,0.0,0.0,0.0,0.3118498287919544,0.0,0.0,0.0,0.0,0.0,0.0,0.0,0.0,0.0,0.0
sparccle_trade,SSP3_STS3_ins10,R12_MEA>R12_RCPA,Trade|Primary Energy|Oil [Volume]|Shipped,EJ/yr,0.0,0.0,0.0,0.0,0.0,2.0127413493039477,1.500576345975196,0.0,0.0,0.522581608403299,0.38654237945806613,0.0,0.0,0.0,0.0,0.0
sparccle_trade,SSP3_STS3_ins10,R12_MEA>R12_SAS,Trade|Primary Energy|Gas [Volume]|Piped,EJ/yr,0.0,0.0,0.0,0.0,0.0,0.27097058823529413,0.27097058823529413,0.0,0.0,0.0,0.0,0.0,0.0,0.0,0.0,0.0
sparccle_trade,SSP3_STS3_ins10,R12_MEA>R12_SAS,Trade|Primary Energy|Gas [Volume]|Shipped,EJ/yr,0.0,0.0,0.0,0.0,0.0,7.701930888328296,9.912863813933404,0.11776412523341581,4.926988427606411,0.0,0.0,0.0,0.0,0.0,0.0,0.0
sparccle_trade,SSP3_STS3_ins10,R12_MEA>R12_SAS,Trade|Primary Energy|Oil [Volume]|Piped,EJ/yr,0.0,0.0,0.0,0.0,0.0,0.0,3.2047754826996866,0.7527434724713628,0.0,0.0,0.0,0.0,0.8149284164272697,0.4876957448148509,0.16111910424059742,0.3530653591111354
sparccle_trade,SSP3_STS3_ins10,R12_MEA>R12_SAS,Trade|Primary Energy|Oil [Volume]|Shipped,EJ/yr,0.0,0.0,0.0,0.0,0.0,3.3752381366524724,0.4164009623367569,2.0026688774157075,2.1914200972147686,1.4508332288344807,1.6729540019954907,1.7142886915188522,0.14618090855618993,0.0,0.0,0.0
sparccle_trade,SSP3_STS3_ins10,R12_MEA>R12_WEU,Trade|Primary Energy|Biomass [Volume]|Shipped,EJ/yr,0.0,0.0,0.0,0.0,0.0,0.05002842523399219,0.050734631600857304,0.04582825887564748,0.11339548655244512,0.3144269653760894,0.3021238134167769,0.27422481613924804,0.2481145968504878,0.20687921086789643,0.14487815692004802,0.22855479381664587
sparccle_trade,SSP3_STS3_ins10,R12_MEA>R12_WEU,Trade|Primary Energy|Gas [Volume]|Piped,EJ/yr,0.0,0.0,0.0,0.0,0.0,0.45081630434782605,0.37710869565217386,0.0,0.0,0.0,0.0,0.0,0.0,0.0,0.0,0.0
sparccle_trade,SSP3_STS3_ins10,R12_MEA>R12_WEU,Trade|Primary Energy|Gas [Volume]|Shipped,EJ/yr,0.0,0.0,0.0,0.0,0.0,1.211223743142623,0.0,0.0,0.0,0.0,0.0,0.0,0.0,0.0,0.0,0.0
sparccle_trade,SSP3_STS3_ins10,R12_MEA>R12_WEU,Trade|Primary Energy|Oil [Volume]|Piped,EJ/yr,0.0,0.0,0.0,0.0,0.0,3.432032399446024,2.642567626771446,1.4351193849318928,0.5262771374996351,0.40722321683928414,0.40722321683928403,0.3570802348941281,0.11295947428434909,0.06763300989098751,0.04049438133360888,0.024245481936036727
sparccle_trade,SSP3_STS3_ins10,R12_NAM>R12_EEU,Trade|Primary Energy|Biomass [Volume]|Shipped,EJ/yr,0.0,0.0,0.0,0.0,0.0,0.0,0.0,0.24531214652170677,0.967047170938504,0.6701772242563158,0.7574790243683284,0.5108798319063311,0.0,0.0,0.32542243832647,0.0
sparccle_trade,SSP3_STS3_ins10,R12_NAM>R12_LAM,Trade|Primary Energy|Coal [Volume]|Shipped,EJ/yr,0.0,0.0,0.0,0.0,0.0,0.0,0.0,0.03227628592872458,0.0,0.0,0.0,0.0,0.0,0.0,0.0,0.0
sparccle_trade,SSP3_STS3_ins10,R12_NAM>R12_WEU,Trade|Primary Energy|Biomass [Volume]|Shipped,EJ/yr,0.0,0.0,0.0,0.0,0.0,0.0,0.41622645441516115,0.8925835946324959,1.9637251893357521,3.279285571062487,3.2595508401866384,2.985173901914797,1.2175637464117592,0.0008646958866884427,0.579092141197658,2.5684934632128122
sparccle_trade,SSP3_STS3_ins10,R12_PAO>R12_CHN,Trade|Primary Energy|Biomass [Volume]|Shipped,EJ/yr,0.0,0.0,0.0,0.0,0.0,0.0,0.0,0.0,0.037481214876427235,0.28849542971197384,0.0,0.0,0.0,0.0,0.0,0.45166794766971147
sparccle_trade,SSP3_STS3_ins10,R12_PAO>R12_CHN,Trade|Primary Energy|Coal [Volume]|Shipped,EJ/yr,0.0,0.0,0.0,0.0,0.0,3.3338892223263725,2.1137361018130303,1.9720881190193795,2.067834509237182,1.5262059970467978,1.042746216606637,0.3504670488783275,0.17363043808336343,0.0,0.0,0.0
sparccle_trade,SSP3_STS3_ins10,R12_PAO>R12_EEU,Trade|Primary Energy|Biomass [Volume]|Shipped,EJ/yr,0.0,0.0,0.0,0.0,0.0,0.0,0.0,0.0,0.0,0.0,0.08819285655416172,0.0,0.0,0.0,0.21060591325072123,0.0
sparccle_trade,SSP3_STS3_ins10,R12_PAO>R12_RCPA,Trade|Primary Energy|Biomass [Volume]|Shipped,EJ/yr,0.0,0.0,0.0,0.0,0.0,0.0,0.0,0.0,0.0,0.0,0.056699894436987856,0.0,0.0,0.0,0.0,0.0
sparccle_trade,SSP3_STS3_ins10,R12_PAS>R12_CHN,Trade|Primary Energy|Biomass [Volume]|Shipped,EJ/yr,0.0,0.0,0.0,0.0,0.0,0.0,0.0,0.12733156564913534,0.0,0.0,0.0,0.0,0.0,0.0,0.0,0.0
sparccle_trade,SSP3_STS3_ins10,R12_PAS>R12_RCPA,Trade|Primary Energy|Biomass [Volume]|Shipped,EJ/yr,0.0,0.0,0.0,0.0,0.0,0.0,0.0,0.0,0.027687971160964796,0.0,0.0,0.0,0.0,0.0,0.0,0.0
sparccle_trade,SSP3_STS3_ins10,R12_PAS>R12_RCPA,Trade|Primary Energy|Oil [Volume]|Piped,EJ/yr,0.0,0.0,0.0,0.0,0.0,0.0,0.0,0.0,0.0,0.0,0.0,0.0,0.0,0.0,0.7232717116840387,3.199134872428781
sparccle_trade,SSP3_STS3_ins10,R12_RCPA>R12_CHN,Trade|Primary Energy|Biomass [Volume]|Shipped,EJ/yr,0.0,0.0,0.0,0.0,0.0,0.03581321859716162,0.0,0.006773988891858336,0.0,0.0,0.0,0.0,0.0,0.029398174223329597,0.0,0.0
sparccle_trade,SSP3_STS3_ins10,R12_RCPA>R12_CHN,Trade|Primary Energy|Oil [Volume]|Shipped,EJ/yr,0.0,0.0,0.0,0.0,0.0,0.0,0.0,0.0,0.0,0.0,0.0,0.0,0.0,0.0,0.0,0.2745948431071812
sparccle_trade,SSP3_STS3_ins10,R12_RCPA>R12_PAO,Trade|Primary Energy|Gas [Volume]|Shipped,EJ/yr,0.0,0.0,0.0,0.0,0.0,0.0,0.0,0.0,0.0,0.0,0.0,0.0,0.7155286632472906,0.693033548006583,1.501546448285934,0.9199326084622378
sparccle_trade,SSP3_STS3_ins10,R12_RCPA>R12_PAO,Trade|Primary Energy|Oil [Volume]|Shipped,EJ/yr,0.0,0.0,0.0,0.0,0.0,0.0,0.0,0.0,0.0,0.0,0.0,0.0,0.0,0.0,0.0,0.034891574476771506
sparccle_trade,SSP3_STS3_ins10,R12_RCPA>R12_PAS,Trade|Primary Energy|Coal [Volume]|Shipped,EJ/yr,0.0,0.0,0.0,0.0,0.0,0.0,0.0,0.09570882925923145,0.0,0.0,0.0,0.0,0.0,0.0,0.0,0.0
sparccle_trade,SSP3_STS3_ins10,R12_RCPA>R12_PAS,Trade|Primary Energy|Oil [Volume]|Shipped,EJ/yr,0.0,0.0,0.0,0.0,0.0,0.0,0.0,0.0,0.0,0.0,0.0,0.0,0.0,0.0,0.0,0.6599720824357705
sparccle_trade,SSP3_STS3_ins10,R12_SAS>R12_CHN,Trade|Primary Energy|Biomass [Volume]|Shipped,EJ/yr,0.0,0.0,0.0,0.0,0.0,0.0,0.3343965353726794,0.011712571316300545,0.0,0.0,0.0,0.0,0.0,0.0,0.0,0.0
sparccle_trade,SSP3_STS3_ins10,R12_SAS>R12_MEA,Trade|Primary Energy|Coal [Volume]|Shipped,EJ/yr,0.0,0.0,0.0,0.0,0.0,0.0,0.0,0.0,0.3557231802796109,0.3390559187459766,0.8508622487270279,0.7532721616423804,0.622820376361253,0.03486236642927788,0.0,0.0
sparccle_trade,SSP3_STS3_ins10,R12_SAS>R12_PAS,Trade|Primary Energy|Biomass [Volume]|Shipped,EJ/yr,0.0,0.0,0.0,0.0,0.0,0.3322714822649129,0.17733545946468504,0.0,0.0,0.11661826794329412,0.0,0.0,0.0,0.0,0.0,0.0
sparccle_trade,SSP3_STS3_ins10,R12_SAS>R12_RCPA,Trade|Primary Energy|Biomass [Volume]|Shipped,EJ/yr,0.0,0.0,0.0,0.0,0.0,0.0,0.0,0.0,0.0,0.23568812650130203,0.0,0.0,0.0,0.0,0.0,0.0
sparccle_trade,SSP3_STS3_ins10,R12_SAS>R12_WEU,Trade|Primary Energy|Biomass [Volume]|Shipped,EJ/yr,0.0,0.0,0.0,0.0,0.0,0.0,0.0,1.2099015025652755,2.353142444410206,2.6306771451958895,1.9611121824101168,0.13690996091106145,0.0,0.0,0.0,0.0
sparccle_trade,SSP3_STS3_ins10,R12_WEU>R12_AFR,Trade|Primary Energy|Gas [Volume]|Piped,EJ/yr,0.0,0.0,0.0,0.0,0.0,0.0,0.0,0.0,0.0,0.0,0.0,0.0,0.0,0.0,13.450273308966484,31.96562374857646
sparccle_trade,SSP3_STS3_ins10,R12_WEU>R12_EEU,Trade|Primary Energy|Gas [Volume]|Piped,EJ/yr,0.0,0.0,0.0,0.0,0.0,0.0,0.0,0.0,0.0,0.029811732537945414,0.01416725061125085,0.007674276767838878,0.0009330128958359936,0.0009330128958359936,0.0,0.0001134325865655992
sparccle_trade,SSP3_STS3_ins10,R12_WEU>R12_EEU,Trade|Primary Energy|Oil [Volume]|Shipped,EJ/yr,0.0,0.0,0.0,0.0,0.0,0.10857446801912671,0.0,0.010448412618009379,0.008084782510950126,0.006255850590806592,0.004840657935014255,0.0,0.0,0.0,0.0,0.0
sparccle_trade,SSP3_STS3_ins10,R12_WEU>R12_FSU,Trade|Primary Energy|Coal [Volume]|Shipped,EJ/yr,0.0,0.0,0.0,0.0,0.0,0.0,0.0,0.0,0.0,0.0,0.0,0.0,0.08536570473644195,0.0,0.0,0.0
sparccle_trade,SSP3_STS3_ins10,R12_WEU>R12_FSU,Trade|Primary Energy|Oil [Volume]|Shipped,EJ/yr,0.0,0.0,0.0,0.0,0.0,2.7672399137443358,0.0,0.0,0.0,0.620016040586728,0.19435862390023478,0.0,0.0,0.0,0.0,0.0
sparccle_trade,SSP3_STS3_ins10,R12_WEU>R12_LAM,Trade|Primary Energy|Oil [Volume]|Shipped,EJ/yr,0.0,0.0,0.0,0.0,0.0,0.0,0.0,0.1469057239155033,0.0,0.0,0.0,0.0,0.0,0.0,0.0,0.0
sparccle_trade,SSP3_STS3_ins10,R12_WEU>R12_MEA,Trade|Primary Energy|Coal [Volume]|Shipped,EJ/yr,0.0,0.0,0.0,0.0,0.0,0.12165362791716303,0.9111250298671826,0.8307222646956574,0.6285271543158287,0.4720724322482091,0.03896963717288469,0.1844946218375683,0.0,0.025799926896981382,0.0,0.0
sparccle_trade,SSP3_STS3_ins10,R12_WEU>R12_MEA,Trade|Primary Energy|Gas [Volume]|Piped,EJ/yr,0.0,0.0,0.0,0.0,0.0,0.0,0.0,0.0,0.0,5.189106615583363,3.7925545290875005,5.626297714433623,9.345583110545798,15.238455926353652,11.378740988618306,8.480358516802399
sparccle_trade,SSP3_STS3_ins10,R12_WEU>R12_NAM,Trade|Primary Energy|Coal [Volume]|Shipped,EJ/yr,0.0,0.0,0.0,0.0,0.0,0.0,0.0,0.0,0.0,0.0,0.3120411135575398,0.0003568068216885814,0.0,0.0,0.0,0.0
sparccle_trade,SSP3_STS3_ins10,R12_WEU>R12_NAM,Trade|Primary Energy|Oil [Volume]|Shipped,EJ/yr,0.0,0.0,0.0,0.0,0.0,0.0,2.082551363771914,1.3113854254928228,0.9856989081121269,0.0,0.1426989846250016,0.17094913323012534,0.0,0.0,0.0,0.0
sparccle_trade,SSP3_STS3_ins10,R12_AFR>R12_CHN,Trade|Secondary Energy|Ethanol [Volume]|Shipped,EJ/yr,0.0,0.0,0.0,0.0,0.0,0.0,0.0,0.0,0.0,0.0,0.0,0.0,0.0,0.0,0.0,0.0
sparccle_trade,SSP3_STS3_ins10,R12_AFR>R12_EEU,Trade|Secondary Energy|Ethanol [Volume]|Shipped,EJ/yr,0.0,0.0,0.0,0.0,0.0,0.0,0.0,0.0,0.0,0.0,0.0,0.0,0.0990562029813985,0.1258296892736929,0.0,0.0
sparccle_trade,SSP3_STS3_ins10,R12_AFR>R12_LAM,Trade|Secondary Energy|Ethanol [Volume]|Shipped,EJ/yr,0.0,0.0,0.0,0.0,0.0,0.0,0.0,0.119935296391534,0.047230291509448574,0.0,0.0,0.0,0.0,0.009246906935661471,0.08481783323880013,0.02723867876851749
sparccle_trade,SSP3_STS3_ins10,R12_AFR>R12_LAM,Trade|Secondary Energy|Fuel Oil [Volume]|Shipped,EJ/yr,0.0,0.0,0.0,0.0,0.0,0.0,0.0,0.005834995072584079,0.045825367985471516,0.0,0.0,0.0,0.0,0.0,0.0,0.0
sparccle_trade,SSP3_STS3_ins10,R12_AFR>R12_LAM,Trade|Secondary Energy|Light Oil [Volume]|Shipped,EJ/yr,0.0,0.0,0.0,0.0,0.0,0.0,0.20006885309710962,0.0,0.0927443766264905,0.04325313454382691,0.0,0.29251487464942477,0.0,0.07232214224656418,0.0,0.0
sparccle_trade,SSP3_STS3_ins10,R12_AFR>R12_NAM,Trade|Secondary Energy|Ethanol [Volume]|Shipped,EJ/yr,0.0,0.0,0.0,0.0,0.0,0.0,0.0,0.0,0.023870571932385575,0.0031857325881493857,0.0,0.0,0.0,0.0,0.0,0.0
sparccle_trade,SSP3_STS3_ins10,R12_AFR>R12_PAS,Trade|Secondary Energy|Fuel Oil [Volume]|Shipped,EJ/yr,0.0,0.0,0.0,0.0,0.0,0.0,0.0,0.0,0.0,0.07618578148794217,0.0,0.0,0.0,0.0,0.0,0.0
sparccle_trade,SSP3_STS3_ins10,R12_AFR>R12_WEU,Trade|Secondary Energy|Ethanol [Volume]|Shipped,EJ/yr,0.0,0.0,0.0,0.0,0.0,0.08602497152813225,0.24373750588047383,0.48509844399824187,1.034712758044768,1.0814163522415778,1.0028382109826879,0.6589298619111129,0.03887639195589359,0.0,0.12037609281567514,0.6946508303229715
sparccle_trade,SSP3_STS3_ins10,R12_CHN>R12_EEU,Trade|Secondary Energy|Ethanol [Volume]|Shipped,EJ/yr,0.0,0.0,0.0,0.0,0.0,0.0,0.0,0.4968551611731778,0.7604974955682291,0.46376738303851606,0.5157570721690394,1.083670931687129,1.041448767690534,0.9130266069340566,1.3686431336038976,2.233448109153757
sparccle_trade,SSP3_STS3_ins10,R12_CHN>R12_FSU,Trade|Secondary Energy|Ethanol [Volume]|Shipped,EJ/yr,0.0,0.0,0.0,0.0,0.0,0.019398250082873554,0.0,0.007371686200432852,0.0,0.0,0.0,0.0,0.009926404235674556,0.0,0.0,0.0
sparccle_trade,SSP3_STS3_ins10,R12_CHN>R12_PAO,Trade|Secondary Energy|Ethanol [Volume]|Shipped,EJ/yr,0.0,0.0,0.0,0.0,0.0,0.0,0.0,0.00012768740373943766,0.0,0.0,0.0,0.0,0.0,0.0,2.6837042075610002e-05,2.5708466526541057e-05
sparccle_trade,SSP3_STS3_ins10,R12_CHN>R12_PAO,Trade|Secondary Energy|Fuel Oil [Volume]|Shipped,EJ/yr,0.0,0.0,0.0,0.0,0.0,0.0,0.07381284766445713,0.15531278898748857,0.11168961607873291,0.13888894516045996,0.12170120734607186,0.06698065568230437,0.09498708823169444,0.0,0.0,0.0
sparccle_trade,SSP3_STS3_ins10,R12_CHN>R12_PAO,Trade|Secondary Energy|Light Oil [Volume]|Shipped,EJ/yr,0.0,0.0,0.0,0.0,0.0,3.2576552236943876,3.1032885157135177,3.6828582807277517,2.748904907223751,2.0954328095888846,1.3625922791791425,0.5842839537863873,0.6231034344972317,0.7069212903038,0.2534140776057585,0.0
sparccle_trade,SSP3_STS3_ins10,R12_CHN>R12_PAS,Trade|Secondary Energy|Ethanol [Volume]|Shipped,EJ/yr,0.0,0.0,0.0,0.0,0.0,0.0,0.0,0.06870241916392683,0.0,0.0,0.0,0.0,0.0,0.0,0.0,0.0
sparccle_trade,SSP3_STS3_ins10,R12_CHN>R12_PAS,Trade|Secondary Energy|Fuel Oil [Volume]|Shipped,EJ/yr,0.0,0.0,0.0,0.0,0.0,0.0,0.0,0.12074284112491986,0.05517560049219077,0.002818199021848824,0.02646279595067531,0.0,0.0,0.0,0.0,0.0
sparccle_trade,SSP3_STS3_ins10,R12_CHN>R12_PAS,Trade|Secondary Energy|Light Oil [Volume]|Shipped,EJ/yr,0.0,0.0,0.0,0.0,0.0,0.0,0.0,0.0,0.32450005503584084,0.0,0.0,0.0,0.0,0.0,0.0,0.0
sparccle_trade,SSP3_STS3_ins10,R12_CHN>R12_RCPA,Trade|Secondary Energy|Fuel Oil [Volume]|Shipped,EJ/yr,0.0,0.0,0.0,0.0,0.0,0.0,0.0,0.0,0.06924494773100019,0.07166459891493544,0.05580650553374844,0.0,0.0,0.0,0.0,0.0
sparccle_trade,SSP3_STS3_ins10,R12_CHN>R12_RCPA,Trade|Secondary Energy|Light Oil [Volume]|Shipped,EJ/yr,0.0,0.0,0.0,0.0,0.0,0.0,0.0,0.6569907275955031,0.4114204656295226,0.0,0.0,0.0,0.0,0.0,0.0,0.0
sparccle_trade,SSP3_STS3_ins10,R12_CHN>R12_WEU,Trade|Secondary Energy|Ethanol [Volume]|Shipped,EJ/yr,0.0,0.0,0.0,0.0,0.0,0.0,0.0,0.0,0.03460126872035859,0.5893852928506612,0.534950930730081,0.0,0.0,0.0,0.0,0.0
sparccle_trade,SSP3_STS3_ins10,R12_EEU>R12_FSU,Trade|Secondary Energy|Light Oil [Volume]|Piped,EJ/yr,0.0,0.0,0.0,0.0,0.0,0.0,0.0,0.0,0.0,0.0,0.0,0.0,0.0,0.0,0.043646708178862265,0.043646708178862265
sparccle_trade,SSP3_STS3_ins10,R12_EEU>R12_FSU,Trade|Secondary Energy|Light Oil [Volume]|Shipped,EJ/yr,0.0,0.0,0.0,0.0,0.0,0.0,0.0,0.0,0.0,0.0,0.0,0.0,0.0,0.0,0.007523182029898222,0.0
sparccle_trade,SSP3_STS3_ins10,R12_EEU>R12_NAM,Trade|Secondary Energy|Light Oil [Volume]|Shipped,EJ/yr,0.0,0.0,0.0,0.0,0.0,0.0,0.0,0.0,0.0,0.0,0.0,0.007046696302843156,0.013316119695301937,0.02559540060580001,0.0,0.0
sparccle_trade,SSP3_STS3_ins10,R12_FSU>R12_CHN,Trade|Secondary Energy|Fuel Oil [Volume]|Piped,EJ/yr,0.0,0.0,0.0,0.0,0.0,0.25999792165139196,0.8206151331194568,1.0497565378333713,0.9612763165384701,1.1395983992040934,1.058400537893254,0.8581609523014361,0.814294486910396,0.5353291063510677,0.6104709199409953,0.0
sparccle_trade,SSP3_STS3_ins10,R12_FSU>R12_CHN,Trade|Secondary Energy|Light Oil [Volume]|Piped,EJ/yr,0.0,0.0,0.0,0.0,0.0,12.321733761989075,7.976742712812496,7.397695874889469,6.468423770703646,7.312253174075071,7.153598758218227,8.350843240650654,9.313304574127637,8.835117335014038,8.415178985146499,3.2472911675395735
sparccle_trade,SSP3_STS3_ins10,R12_FSU>R12_EEU,Trade|Secondary Energy|Fuel Oil [Volume]|Piped,EJ/yr,0.0,0.0,0.0,0.0,0.0,0.07196150722808155,0.037025192598735476,0.0,0.0,0.0,0.018168195823399638,0.010766153278344737,0.0,0.0,0.0,0.0
sparccle_trade,SSP3_STS3_ins10,R12_FSU>R12_EEU,Trade|Secondary Energy|Light Oil [Volume]|Piped,EJ/yr,0.0,0.0,0.0,0.0,0.0,0.0,0.0,0.0,0.11149262174306261,0.11149262174306261,0.0,0.0,0.0,0.0,0.0,0.0
sparccle_trade,SSP3_STS3_ins10,R12_FSU>R12_RCPA,Trade|Secondary Energy|Fuel Oil [Volume]|Piped,EJ/yr,0.0,0.0,0.0,0.0,0.0,0.0,0.11350564233854815,0.08873772362472224,0.005790373076050284,0.0,0.0,0.0075700343551002615,0.0,0.0,1.159842035442587,1.5173818004283073
sparccle_trade,SSP3_STS3_ins10,R12_FSU>R12_RCPA,Trade|Secondary Energy|Light Oil [Volume]|Piped,EJ/yr,0.0,0.0,0.0,0.0,0.0,0.11350564233854815,0.0,0.024767918713825915,0.10771526926249786,0.0,0.0,0.0,0.5251121577107188,1.003299396824314,0.9140647727284148,2.4245602103339388
sparccle_trade,SSP3_STS3_ins10,R12_FSU>R12_WEU,Trade|Secondary Energy|Ethanol [Volume]|Shipped,EJ/yr,0.0,0.0,0.0,0.0,0.0,0.0,0.0,0.0,0.0002869681495160827,0.0,0.0,0.0,0.0,0.0,0.0,0.0
sparccle_trade,SSP3_STS3_ins10,R12_FSU>R12_WEU,Trade|Secondary Energy|Fuel Oil [Volume]|Piped,EJ/yr,0.0,0.0,0.0,0.0,0.0,0.0,0.0,0.0,0.0,0.0,0.0,0.0,0.0,0.0,0.010025007600995933,0.0
sparccle_trade,SSP3_STS3_ins10,R12_LAM>R12_NAM,Trade|Secondary Energy|Ethanol [Volume]|Shipped,EJ/yr,0.0,0.0,0.0,0.0,0.0,0.0,0.0,0.0,0.0,0.007108563515498427,0.0,0.0010653350992728238,0.0,0.0,0.0,0.0
sparccle_trade,SSP3_STS3_ins10,R12_LAM>R12_NAM,Trade|Secondary Energy|Fuel Oil [Volume]|Piped,EJ/yr,0.0,0.0,0.0,0.0,0.0,0.0,0.0,0.0,0.0,0.0029612171648207212,0.11767709654079007,0.36325172605983597,0.3704968156562582,0.23337338828656137,0.048148972288047154,0.5818705293821532
sparccle_trade,SSP3_STS3_ins10,R12_LAM>R12_NAM,Trade|Secondary Energy|Light Oil [Volume]|Piped,EJ/yr,0.0,0.0,0.0,0.0,0.0,0.0,0.0,0.0,0.0,0.0,0.0,0.0,1.692687779232174,5.873423320142698,6.985645012527641,8.482493644762325
sparccle_trade,SSP3_STS3_ins10,R12_LAM>R12_WEU,Trade|Secondary Energy|Ethanol [Volume]|Shipped,EJ/yr,0.0,0.0,0.0,0.0,0.0,0.23690606868558248,0.0,0.0,0.0,0.0,0.020996908497346985,0.011350433717184732,0.0,0.0,0.0,0.0
sparccle_trade,SSP3_STS3_ins10,R12_MEA>R12_AFR,Trade|Secondary Energy|Light Oil [Volume]|Piped,EJ/yr,0.0,0.0,0.0,0.0,0.0,0.0,0.0,0.0,0.0,0.0,0.0,0.0,0.0,0.0,0.0,2.3624014997084233
sparccle_trade,SSP3_STS3_ins10,R12_MEA>R12_AFR,Trade|Secondary Energy|Light Oil [Volume]|Shipped,EJ/yr,0.0,0.0,0.0,0.0,0.0,0.0,0.0,0.0,0.0,0.0,0.2698317045871553,0.0,0.0,0.0,0.0,0.0
sparccle_trade,SSP3_STS3_ins10,R12_MEA>R12_EEU,Trade|Secondary Energy|Fuel Oil [Volume]|Piped,EJ/yr,0.0,0.0,0.0,0.0,0.0,0.0,0.0,0.0,0.0,0.0,0.0,0.0,0.0,0.0006963148890557823,0.0,0.00024961908528996375
sparccle_trade,SSP3_STS3_ins10,R12_MEA>R12_EEU,Trade|Secondary Energy|Light Oil [Volume]|Piped,EJ/yr,0.0,0.0,0.0,0.0,0.0,0.4706291527527614,0.3427383664330384,0.5550758218914328,0.5664057396575239,0.09577658690476254,0.09577658690476254,0.002766678167135138,0.0,0.0,0.0,0.0
sparccle_trade,SSP3_STS3_ins10,R12_MEA>R12_EEU,Trade|Secondary Energy|Light Oil [Volume]|Shipped,EJ/yr,0.0,0.0,0.0,0.0,0.0,0.0,0.0,0.0,0.0,0.1832770112636069,0.0,0.0,0.0,0.0,0.0,0.0
sparccle_trade,SSP3_STS3_ins10,R12_MEA>R12_FSU,Trade|Secondary Energy|Fuel Oil [Volume]|Piped,EJ/yr,0.0,0.0,0.0,0.0,0.0,0.0,0.0,0.0,0.0,0.0,0.0,0.0,0.0,0.0,0.0,0.03342285465926623
sparccle_trade,SSP3_STS3_ins10,R12_MEA>R12_FSU,Trade|Secondary Energy|Light Oil [Volume]|Piped,EJ/yr,0.0,0.0,0.0,0.0,0.0,4.67163451590629,0.4162667850765323,1.1920768128717656,0.0,0.8858120125044705,1.3250929083681344,1.3113311287321394,1.0004478979806,0.9575563492183948,0.9195626515611954,1.028303817658087
sparccle_trade,SSP3_STS3_ins10,R12_MEA>R12_LAM,Trade|Secondary Energy|Light Oil [Volume]|Shipped,EJ/yr,0.0,0.0,0.0,0.0,0.0,0.0,8.97633504468698,5.328311525791811,7.143658476476772,3.8581542951131254,2.6363719902667184,0.6528229568895426,0.0,0.0,0.0,0.0
sparccle_trade,SSP3_STS3_ins10,R12_MEA>R12_NAM,Trade|Secondary Energy|Light Oil [Volume]|Shipped,EJ/yr,0.0,0.0,0.0,0.0,0.0,0.0,3.2112992699583485,4.380269720787413,5.652976715405681,6.622192664368368,6.072244861808074,8.826754776198488,5.312360357282357,0.0,0.0,0.0
sparccle_trade,SSP3_STS3_ins10,R12_MEA>R12_PAS,Trade|Secondary Energy|Light Oil [Volume]|Shipped,EJ/yr,0.0,0.0,0.0,0.0,0.0,5.578105649366813,6.392920325620213,6.3858514623849,4.555316434152721,3.824108392506779,3.2305346885506756,2.7312504575883967,1.7152743365540108,0.3092364421288557,0.0,0.0
sparccle_trade,SSP3_STS3_ins10,R12_MEA>R12_RCPA,Trade|Secondary Energy|Light Oil [Volume]|Shipped,EJ/yr,0.0,0.0,0.0,0.0,0.0,0.0,0.4859336691600519,0.0,0.0,0.47098791467553164,0.663552558775738,0.8508778578543362,0.0,0.0,0.0,0.0
sparccle_trade,SSP3_STS3_ins10,R12_MEA>R12_SAS,Trade|Secondary Energy|Fuel Oil [Volume]|Piped,EJ/yr,0.0,0.0,0.0,0.0,0.0,0.0,0.0,0.0,0.0,0.0,0.0,0.0,0.6517341989574594,0.9368072026454559,0.4434699931227794,1.1609965277962941
sparccle_trade,SSP3_STS3_ins10,R12_MEA>R12_SAS,Trade|Secondary Energy|Fuel Oil [Volume]|Shipped,EJ/yr,0.0,0.0,0.0,0.0,0.0,0.0,0.0,0.0797551112445882,0.24914640061072332,0.3624443400295124,0.3907915743076866,0.6429728494115949,0.0,0.0,0.0,0.0
sparccle_trade,SSP3_STS3_ins10,R12_MEA>R12_SAS,Trade|Secondary Energy|Light Oil [Volume]|Piped,EJ/yr,0.0,0.0,0.0,0.0,0.0,3.2047754826996866,0.0,2.452032010228324,3.2047754826996866,0.0,0.0,0.0,12.977967784677809,15.67670283097604,18.267990149020598,20.78073427261855
sparccle_trade,SSP3_STS3_ins10,R12_MEA>R12_SAS,Trade|Secondary Energy|Light Oil [Volume]|Shipped,EJ/yr,0.0,0.0,0.0,0.0,0.0,7.226812101698891,9.065526200265667,4.659268695538373,1.5811506982493697,6.81643906778617,9.79027333680141,8.973131149550449,0.0,0.0,0.0,0.0
sparccle_trade,SSP3_STS3_ins10,R12_MEA>R12_WEU,Trade|Secondary Energy|Ethanol [Volume]|Shipped,EJ/yr,0.0,0.0,0.0,0.0,0.0,0.0,0.011286864329209093,0.024844732576757567,0.031087870807542557,0.0,0.0,0.0,0.0,0.0,0.0,0.0
sparccle_trade,SSP3_STS3_ins10,R12_MEA>R12_WEU,Trade|Secondary Energy|Fuel Oil [Volume]|Piped,EJ/yr,0.0,0.0,0.0,0.0,0.0,0.0,0.015284057935074907,0.10142767477465302,0.1566882297027504,0.133417370283698,0.05688414749548884,0.0,0.02801845541717568,0.016059088663745034,0.0,0.0079224348453335
sparccle_trade,SSP3_STS3_ins10,R12_MEA>R12_WEU,Trade|Secondary Energy|Light Oil [Volume]|Piped,EJ/yr,0.0,0.0,0.0,0.0,0.0,9.028733792248508,6.222413180777267,4.019781795392249,2.5380952564814536,1.399791035247534,0.5390375872487015,0.0027329575101070194,0.0,0.0,0.0,0.0
sparccle_trade,SSP3_STS3_ins10,R12_NAM>R12_EEU,Trade|Secondary Energy|Ethanol [Volume]|Shipped,EJ/yr,0.0,0.0,0.0,0.0,0.0,0.007657684323902003,0.30441038627196787,0.042464337989262975,0.0,0.0,0.0,0.0,0.0,0.0,0.0,0.0
sparccle_trade,SSP3_STS3_ins10,R12_NAM>R12_FSU,Trade|Secondary Energy|Ethanol [Volume]|Shipped,EJ/yr,0.0,0.0,0.0,0.0,0.0,0.0,0.015048129879689147,0.0,0.0,0.0,0.0,0.0,0.0,0.0,0.0,0.0
sparccle_trade,SSP3_STS3_ins10,R12_NAM>R12_WEU,Trade|Secondary Energy|Ethanol [Volume]|Shipped,EJ/yr,0.0,0.0,0.0,0.0,0.0,0.592327698744638,0.102409497472207,0.19475158409219898,0.0,0.0,0.0,0.0,0.0,0.0,0.0,0.0
sparccle_trade,SSP3_STS3_ins10,R12_PAO>R12_FSU,Trade|Secondary Energy|Ethanol [Volume]|Shipped,EJ/yr,0.0,0.0,0.0,0.0,0.0,0.00516386117703816,0.0,0.0,0.0,0.0,0.0,0.0,0.0,0.0,0.0,0.0
sparccle_trade,SSP3_STS3_ins10,R12_PAS>R12_CHN,Trade|Secondary Energy|Fuel Oil [Volume]|Piped,EJ/yr,0.0,0.0,0.0,0.0,0.0,0.23062373767134722,0.0,0.0,0.0,0.0,0.0,0.0,0.0,0.0,0.0,0.0
sparccle_trade,SSP3_STS3_ins10,R12_PAS>R12_CHN,Trade|Secondary Energy|Light Oil [Volume]|Piped,EJ/yr,0.0,0.0,0.0,0.0,0.0,0.0,0.23062373767134722,0.0,0.0,0.0,0.7697440676845316,0.7697440676845316,0.0,0.0,0.0,0.0
sparccle_trade,SSP3_STS3_ins10,R12_PAS>R12_EEU,Trade|Secondary Energy|Ethanol [Volume]|Shipped,EJ/yr,0.0,0.0,0.0,0.0,0.0,0.0,0.0,0.0,0.0,0.0,0.0,0.14054434759422155,0.527501761917752,0.5045147864301723,0.0,0.0
sparccle_trade,SSP3_STS3_ins10,R12_PAS>R12_MEA,Trade|Secondary Energy|Ethanol [Volume]|Shipped,EJ/yr,0.0,0.0,0.0,0.0,0.0,0.0006586210843345902,0.0,0.0,0.0,0.0,0.0,0.0,0.03119720551362918,0.0,0.0,0.0
sparccle_trade,SSP3_STS3_ins10,R12_PAS>R12_RCPA,Trade|Secondary Energy|Ethanol [Volume]|Shipped,EJ/yr,0.0,0.0,0.0,0.0,0.0,0.018298367051655936,0.0,0.0,0.0,0.0,0.0,0.0,0.0,0.0,0.0,0.0
sparccle_trade,SSP3_STS3_ins10,R12_PAS>R12_RCPA,Trade|Secondary Energy|Fuel Oil [Volume]|Piped,EJ/yr,0.0,0.0,0.0,0.0,0.0,0.0,0.0,0.0,0.0,0.0,0.0,0.0,0.0,0.0,0.0,0.18831531302164511
sparccle_trade,SSP3_STS3_ins10,R12_PAS>R12_WEU,Trade|Secondary Energy|Ethanol [Volume]|Shipped,EJ/yr,0.0,0.0,0.0,0.0,0.0,0.032326322058414264,0.0,0.0,0.16138386712557715,0.4950162213815503,0.5129288762225488,0.4040772751290452,0.0,0.0,0.36530980878801816,0.5217191656912968
sparccle_trade,SSP3_STS3_ins10,R12_RCPA>R12_CHN,Trade|Secondary Energy|Ethanol [Volume]|Shipped,EJ/yr,0.0,0.0,0.0,0.0,0.0,0.0,0.048110538362234716,0.0,0.0,0.0,0.0,0.0,0.0,0.0,0.0,0.0
sparccle_trade,SSP3_STS3_ins10,R12_RCPA>R12_CHN,Trade|Secondary Energy|Fuel Oil [Volume]|Shipped,EJ/yr,0.0,0.0,0.0,0.0,0.0,0.0,0.0,0.0,0.0,0.0,0.0,0.0,0.0,0.06522770187952225,0.03092526989627791,0.6213243702554465
sparccle_trade,SSP3_STS3_ins10,R12_RCPA>R12_CHN,Trade|Secondary Energy|Light Oil [Volume]|Shipped,EJ/yr,0.0,0.0,0.0,0.0,0.0,0.0,0.0,0.0,0.0,0.0,0.0,0.0,0.0,0.0,0.0,4.979371369141556
sparccle_trade,SSP3_STS3_ins10,R12_RCPA>R12_EEU,Trade|Secondary Energy|Ethanol [Volume]|Shipped,EJ/yr,0.0,0.0,0.0,0.0,0.0,0.0,0.0,0.0,0.0,0.21523357055882675,0.1987642313483203,0.1247182478273519,0.14815506009118454,0.11030929579028197,0.11879268529264961,0.13389591764205644
sparccle_trade,SSP3_STS3_ins10,R12_RCPA>R12_FSU,Trade|Secondary Energy|Ethanol [Volume]|Shipped,EJ/yr,0.0,0.0,0.0,0.0,0.0,0.0,0.0,0.0,0.0,0.009765558957813609,0.010423819596811722,0.009861269414347906,0.0,0.010449768143363352,0.011306367528934939,0.012387249837271637
sparccle_trade,SSP3_STS3_ins10,R12_RCPA>R12_PAO,Trade|Secondary Energy|Ethanol [Volume]|Shipped,EJ/yr,0.0,0.0,0.0,0.0,0.0,0.0,0.02419363753810166,0.0,9.991775469934376e-05,7.19202841868757e-05,5.009469709469252e-05,2.813841954353862e-05,2.9288449493840906e-05,2.8884143639965075e-05,0.0,0.0
sparccle_trade,SSP3_STS3_ins10,R12_RCPA>R12_PAO,Trade|Secondary Energy|Fuel Oil [Volume]|Shipped,EJ/yr,0.0,0.0,0.0,0.0,0.0,0.0,0.0,0.0,0.0,0.0,0.0,0.0,0.0,0.11376226365094079,0.15372060794690812,0.15659761780016399
sparccle_trade,SSP3_STS3_ins10,R12_RCPA>R12_PAO,Trade|Secondary Energy|Light Oil [Volume]|Shipped,EJ/yr,0.0,0.0,0.0,0.0,0.0,0.0,0.0,0.0,0.0,0.0,0.0,0.0,0.0,0.0,0.4505903229099544,0.7051145074507685
sparccle_trade,SSP3_STS3_ins10,R12_RCPA>R12_PAS,Trade|Secondary Energy|Ethanol [Volume]|Shipped,EJ/yr,0.0,0.0,0.0,0.0,0.0,0.0,0.0,0.07144605945187547,0.0,0.0,0.0,0.0,0.0,0.0,0.0,0.0
sparccle_trade,SSP3_STS3_ins10,R12_RCPA>R12_PAS,Trade|Secondary Energy|Fuel Oil [Volume]|Shipped,EJ/yr,0.0,0.0,0.0,0.0,0.0,0.0,0.06360345908484212,0.0,0.0,0.0,0.0,0.0,0.0905243413958723,0.033030916284900444,0.14806800928161853,0.5903527027150988
sparccle_trade,SSP3_STS3_ins10,R12_RCPA>R12_PAS,Trade|Secondary Energy|Light Oil [Volume]|Shipped,EJ/yr,0.0,0.0,0.0,0.0,0.0,0.0,0.0,0.0,0.0,0.0,0.0,0.0,0.0,1.3553133340761514,3.1571144521509593,3.8791455475923944
sparccle_trade,SSP3_STS3_ins10,R12_RCPA>R12_SAS,Trade|Secondary Energy|Fuel Oil [Volume]|Shipped,EJ/yr,0.0,0.0,0.0,0.0,0.0,0.0,0.0,0.0,0.0,0.0,0.0,0.0,0.0,0.0,0.6323776960556075,0.0
sparccle_trade,SSP3_STS3_ins10,R12_RCPA>R12_WEU,Trade|Secondary Energy|Ethanol [Volume]|Shipped,EJ/yr,0.0,0.0,0.0,0.0,0.0,0.0,0.0,0.0,0.12863735747972868,0.0,0.0,0.0,0.0,0.0,0.0,0.0
sparccle_trade,SSP3_STS3_ins10,R12_SAS>R12_EEU,Trade|Secondary Energy|Ethanol [Volume]|Shipped,EJ/yr,0.0,0.0,0.0,0.0,0.0,0.0,0.0,0.0,0.0,0.0,0.0,0.0,0.0,0.5114860788365411,1.484911972733532,1.8826694216202011
sparccle_trade,SSP3_STS3_ins10,R12_SAS>R12_MEA,Trade|Secondary Energy|Ethanol [Volume]|Shipped,EJ/yr,0.0,0.0,0.0,0.0,0.0,0.0,0.0,0.0,0.0,0.03965748812296528,0.02576024793066294,0.02550855788275954,0.0,0.033752398743453906,0.038618260425198364,0.04447824290587798
sparccle_trade,SSP3_STS3_ins10,R12_SAS>R12_PAS,Trade|Secondary Energy|Ethanol [Volume]|Shipped,EJ/yr,0.0,0.0,0.0,0.0,0.0,0.0,0.005709852795787747,0.0,0.0,0.0,0.0,0.0,0.0,0.0,0.0,0.0
sparccle_trade,SSP3_STS3_ins10,R12_SAS>R12_PAS,Trade|Secondary Energy|Light Oil [Volume]|Piped,EJ/yr,0.0,0.0,0.0,0.0,0.0,0.0,0.0,0.0,0.0,0.0,0.0,0.0,0.4739201807383692,0.4739201807383692,0.0,0.0
sparccle_trade,SSP3_STS3_ins10,R12_SAS>R12_WEU,Trade|Secondary Energy|Ethanol [Volume]|Shipped,EJ/yr,0.0,0.0,0.0,0.0,0.0,0.22362812219950126,0.3486344870526807,0.5916267636685498,1.0481209211358904,1.7656058833822224,2.6238548534216704,4.122557652678078,4.473343927156495,3.8401668793596335,2.834426834972434,2.481891257583498
sparccle_trade,SSP3_STS3_ins10,R12_WEU>R12_EEU,Trade|Secondary Energy|Fuel Oil [Volume]|Shipped,EJ/yr,0.0,0.0,0.0,0.0,0.0,0.0,0.0,0.04160428047325296,0.030879810012268,0.023659147182224873,0.0,0.0,0.006407105595534018,0.0031262616066558987,0.002283977712448594,0.0011162299902856823
sparccle_trade,SSP3_STS3_ins10,R12_WEU>R12_EEU,Trade|Secondary Energy|Light Oil [Volume]|Shipped,EJ/yr,0.0,0.0,0.0,0.0,0.0,2.6591272609187304,1.824334137738538,1.037511050946268,0.39262238141519445,0.31232404929559,0.30274035192973536,0.0,0.0,0.0,0.0,0.0
sparccle_trade,SSP3_STS3_ins10,R12_WEU>R12_FSU,Trade|Secondary Energy|Fuel Oil [Volume]|Piped,EJ/yr,0.0,0.0,0.0,0.0,0.0,0.0,0.0,0.0,0.0,0.0,0.0,0.0,0.0,0.0,0.0,0.002172177221702062
sparccle_trade,SSP3_STS3_ins10,R12_WEU>R12_FSU,Trade|Secondary Energy|Light Oil [Volume]|Piped,EJ/yr,0.0,0.0,0.0,0.0,0.0,0.0,0.0,0.0,0.0,0.0,0.0,0.0,0.0,0.0,0.06531762368794809,0.06314544646624604
sparccle_trade,SSP3_STS3_ins10,R12_WEU>R12_FSU,Trade|Secondary Energy|Light Oil [Volume]|Shipped,EJ/yr,0.0,0.0,0.0,0.0,0.0,0.0,0.08191438487179332,0.0,0.0,0.0,0.0,0.0,0.0,0.0,0.0,0.0
sparccle_trade,SSP3_STS3_ins10,R12_WEU>R12_NAM,Trade|Secondary Energy|Fuel Oil [Volume]|Shipped,EJ/yr,0.0,0.0,0.0,0.0,0.0,0.0,0.0,0.0,0.024615145210621334,0.03157241169855722,0.022010018217952697,0.0,0.0,0.0,0.0,0.0
sparccle_trade,SSP3_STS3_ins10,R12_WEU>R12_NAM,Trade|Secondary Energy|Light Oil [Volume]|Shipped,EJ/yr,0.0,0.0,0.0,0.0,0.0,0.0,0.15047259785410932,0.08600121853891596,0.0,0.0,0.0,0.26973481035070007,0.10748570655810329,0.07803613387660657,0.006726446808225409,0.0
