,2015-12-31,2020-12-31,2025-12-31,2030-12-31,2035-12-31,2040-12-31,2045-12-31,2050-12-31,2055-12-31,2060-12-31,2065-12-31,2070-12-31,2075-12-31,2080-12-31,2085-12-31,2090-12-31,2095-12-31,2100-12-31
0,93.9985213111139,88.21097574541645,90.73958901928319,84.60500797001008,88.543975748862,84.36918614582349,88.05593824603994,87.63754396007907,88.33589179213328,82.04280102391397,83.41332847841325,82.30283901723226,85.70053742439516,78.97649853417182,83.22450006915678,86.06739488417104,84.66309792582194,88.47178326760569
1,28.435919128910182,25.374326341690555,22.753294260742845,22.024584749283328,22.026295575787948,25.194977803384106,21.834911449391353,23.510577135721846,21.806108752568562,20.99523422382724,21.760439200862763,20.719854393456572,21.30810447323707,20.988430989378244,19.82171352201893,19.499867682426206,19.21491073546871,17.27165869776408
2,5.235817456368477,6.720545715490976,6.975719787915547,9.667838083267212,10.243954371770224,9.384091730876635,9.458403130050081,11.258391159919,9.54655113730892,8.439691198379762,8.481175196924518,8.506242525316052,9.95362616811773,9.41603969592433,9.744621436050961,12.324835671147992,10.139440400215888,10.574673013357524
3,3.338246612528319,3.93070996868995,3.9976439044706282,4.241732076675661,5.203490712822124,4.532629007677878,4.235933421042658,5.415838495069934,4.825097007751466,3.9463539063776696,3.645431405372517,3.457041967153549,3.745274099732325,3.4108961347918356,3.7151461434364315,4.36737650663622,3.184513485816217,3.3613189653171003
4,5.21450105016975,6.50150476117288,5.9548622001426015,6.384013455606276,9.075989443597338,7.332046349762773,7.180917251340805,10.2103590688244,8.867188557831373,9.992704882522881,12.632959495805396,10.239556912092267,11.585958586078597,11.913049262569796,18.291762887062564,14.567506232630823,17.379852228856855,20.21672590886393
5,28.72444955505863,19.644897319670648,18.903566356166717,15.597926478662798,17.7240386649101,18.185532714843752,16.207068140583655,15.314743054174608,16.69439996842415,14.453192531216528,16.578089666181995,15.495547436437299,17.708681831975138,18.53493030072284,17.66664020169166,18.656707371127222,17.335985026174974,16.94054074296644
6,147.89117973169425,147.90088885622072,163.08977661132815,156.33289041334584,155.89299697682605,153.52165155261343,147.58017564342867,149.07200305569557,144.14206739487187,138.11365494547903,129.41799519449617,122.78034991356634,120.15334320208993,122.72584633611864,124.45611657928704,131.70081265585765,139.60677038465226,122.79054187792237
7,38.275767689366496,36.70507951305759,37.27548368612193,35.90929694883285,39.72117233522477,37.18013598446473,38.41462743082354,38.715798964961884,36.59355878768429,35.76735995932336,33.727675825373915,33.877328663107214,32.92629711107175,32.64536579870409,34.51463087512601,37.144538310881586,32.82507686700689,31.72840464068997
8,68.97964431516586,66.70897813612416,64.44285388232815,56.369642204284666,63.242206132950315,62.60278008983981,59.758599767377305,58.69095190741426,59.67204332659322,60.3937952743038,61.80662805430094,60.163675912590435,62.00599356595931,62.61829571631646,62.737629581492435,68.1821086986911,63.22829246028777,66.72158998772406
9,1693.4612143397178,1628.1476498787172,1620.1775164598037,1595.6206920730426,1757.2782403446322,1637.9920087418097,1686.6774905572706,1535.5520013230846,1608.5149964560233,1570.2981795142389,1680.8210904422883,1812.0961670236893,1757.0209887288413,1614.7056016215663,1686.6309387994581,1870.8427209000124,1908.75394054782,1878.3246570638019
10,856.999699654528,822.4848997657413,788.8263559649067,820.8134764837449,853.6045610207178,834.6137922914567,849.6427880662487,799.4864892184349,824.1864891537434,801.3731431687878,846.428288670553,843.8237140483242,804.8446648185485,803.7148652895036,809.6480925332346,829.8997436523438,809.8353416590536,841.2497559775077
11,95.67510104297456,97.73961593082973,105.12076782226563,107.60637062811082,120.1461833781581,120.80647404824535,132.50995395422495,133.71542475862987,130.69538019364882,137.57887774274855,134.17478239173712,132.03211462293353,141.74341555589248,132.8227822162259,139.86183466071904,167.1921708158126,180.1766391452256,158.44827636226532
12,7.154764527536209,6.43536780600394,6.130076049804687,6.056300848991642,5.888226957859532,6.603635909480433,7.067358789761862,6.20680669571251,6.507440639926542,5.647970459999576,6.041341347479051,6.0083727415761645,6.7379069575955794,6.1527438138326005,5.367297646768631,5.38373059180475,5.508525405991462,4.716635957517932
13,180.1111274965348,173.81007251370335,180.0536345608619,188.6270203522713,173.65563271077477,172.52732184855142,155.93012700530022,171.74923772569886,157.01586847941078,166.0172500265798,155.78331842549642,156.90951490734471,168.21093701713318,156.7991514129639,152.62047263081868,157.85184983579578,152.45976520316833,146.87823017735636
14,1.026337709888335,0.7228132013159414,0.616562307823089,0.4283513939476782,0.5764298368692398,0.5415117802485343,0.5373088388628856,0.51602210713939,0.542493630378477,0.4551226877147152,0.6071699220903458,0.4162388569789548,0.4672260936517869,0.487169146714672,0.4576249856625193,0.40589446584063194,0.3128212704918077,0.43211973468526715
15,76.16479174460133,76.84626027507166,79.26575255117109,84.61798065406197,88.16326180480347,85.99201108044743,92.34797993813791,90.33658781833913,92.42167630349435,88.32265736996796,86.77422562172886,85.49278233928065,90.35406439504315,86.62251224245345,89.83012725830078,100.08474600515058,97.42314019641303,90.65080081816643
16,224.59960677608368,249.8832753202886,279.3785486131659,252.00544371574156,306.0819506828905,264.17228489045175,284.08684237572453,278.38308590796686,285.8897003666047,288.8156122800062,350.9620210709111,334.00919908092874,326.9529600915162,315.50656265961965,401.8690782214749,425.0970926426479,357.74198778027284,401.7248654456073
17,6.237569549575929,5.890136567823348,6.560923164767605,5.012518692667766,6.071525747499158,7.295540134906768,5.527751012807252,5.782577250849816,5.99124300864435,5.612701470831389,5.842052230904178,4.444772168743995,5.778434383300044,5.908612072160167,4.31295236309113,5.038194984159161,5.8696845309965076,4.606615177923633
18,105.34322929529988,107.78952752431233,116.17834894053141,108.41439477145289,137.48581961785595,131.09298383118005,129.73196713158393,127.73056498078377,140.63881384277343,146.889407913208,151.965986123526,158.15597606658935,142.30029324595137,149.1699575772029,179.9745779062907,181.1116569026824,201.08815748346566,198.5298388190434
19,5.505123861143666,5.993132025176081,6.358908832216043,6.205652719005462,6.566889168308627,6.135624560309994,6.202777456160515,6.777127505948466,6.3106248830979865,5.298794619883261,5.215348731686992,4.682423058089023,4.440083084902058,5.029446592013041,4.806898117752498,5.0383761456126255,4.02112231316105,3.8094528241157537
20,37.75567625107304,43.81724047736146,44.589174273090975,43.66743892660888,65.38841836129465,50.32696930907289,46.31527874485139,52.791549370084496,54.38220189320498,56.27416714232279,73.09712416519658,79.96206795879077,70.20476328302199,74.43529138183595,90.85655251041537,90.6074404741923,96.97161484107444,117.84564808359454
21,29.49356167208764,25.414923715078704,24.538850352174496,21.36662212058037,23.017144235364853,27.08043836991505,23.812096061706544,23.303102216577017,22.070257621129354,19.770124535755443,21.590498133013323,23.6685297295355,21.66347774444088,22.400323792488344,18.640500080108644,21.78868692213489,21.967264373707515,21.042491929761827
22,0.7199106721789353,0.7416362538068526,0.28232351888219515,0.4874642580831724,0.4828431618524896,0.5191649285155719,0.27424621842110586,0.42168811826792457,0.32617005294128765,0.26653238569133936,0.26614587916495897,0.2925981119269943,0.31910786409035163,0.27150228245544333,0.1943485219242672,0.21823510287654008,0.19532230636525535,0.2000908115442224
23,13.313936109784562,12.182478336452888,12.369444439371383,12.814018176294143,13.100421197337488,13.960915226299095,14.676333037769965,13.92709073405112,14.17486465834253,13.2880509698336,13.872640680190056,13.620650188142802,13.358080157618367,14.07768399773655,13.897456998803857,15.170603456189555,14.852042631333875,14.719484356284692
24,148.7922092043969,115.92331183402769,121.88238789482527,115.95381132950322,118.32201122160882,107.1054216933712,110.71598266864079,104.59621668924312,101.77103344825008,96.71175801849365,113.23174129740397,108.83491446710401,117.92964881896974,114.18397731526693,109.77158447954731,121.87541173299152,113.34104030354818,118.00335489482265
25,13.859991128983037,14.292600893370018,16.86205791719498,16.199121690873174,16.433987479671355,15.226493029935021,18.807793084421462,17.934120886402745,18.803732599443006,19.342780335334037,20.46796650978827,23.071006191117426,23.52272433966536,24.36857513939048,29.132364807744178,29.220587928525866,28.0936690761197,37.88876969614336
26,73.77071332426993,64.54801098042151,68.64364023393202,58.519898378662255,69.99391822888775,67.2129941694198,61.93150847945674,77.85084311577582,67.13631031282488,71.0525135889361,64.50388032113352,61.70115339849329,79.13156548604657,67.55234206045827,80.02367903407927,68.65061075764318,61.905215935773015,61.395175004487406
27,7.806021092937837,7.187241724800953,7.263806896660186,7.1770982323868475,7.407429325349869,7.624891136696774,7.88715030940447,8.663197340624674,8.269720361463486,8.29758026182377,7.911394243833657,8.935037893567767,10.128917884519023,10.090455861091614,9.875520154583839,10.59278540297038,12.378358429609905,12.204598799290196
28,2.159020547361784,2.4439856710075047,2.668583720468706,2.4862729575634,3.2051553110896904,2.843962088177281,3.202527428288614,2.8281642216482474,3.209419869581858,3.3108137988403277,3.3817774678045702,3.8887588305960414,4.7313273960749305,4.48233913313958,4.657016661782419,5.264267434289379,5.462744699637096,5.672977047827936
29,5.527503318600757,1.4168312396651588,2.107800723122012,1.4966088413958727,1.6786577556210178,1.600373118690082,1.535601045361587,2.3135534152676978,1.9497610365323412,2.1288746658448248,1.7959354678167174,1.4850382684546135,1.6627933568792412,1.6572775721165443,1.6862419326538771,1.522485826814116,1.7385077003496037,1.4457457509417138
30,63.175600115499186,73.77813990931358,92.74779142564343,74.31485090649512,75.2251158933035,96.47533267236525,67.95811412971251,90.84325001747378,74.70010987427132,94.13542528771842,84.13040503594182,71.36142891176286,80.59937976591048,74.470822516059,80.08824914642194,68.81238313517076,79.59981661273588,62.25930497446369
31,22.233473065612138,15.110900514971824,18.081164842113374,14.475367914938158,18.235939550399785,16.650110167841753,18.870423671014848,20.909147379167617,16.51744502375203,20.782330630825413,17.059832557247532,20.03412401660796,26.449023785744945,20.5415419960022,28.29914933389233,22.014822995893415,20.395802001953125,22.65456890229256
32,3.3303268362028255,2.7232543780265317,2.996061753226865,3.259103705962499,3.132500991129106,3.4713066278734517,4.081717106526898,3.854865211648326,3.7504590708414716,4.01018773873647,4.101983514993421,6.3408896348989146,5.167665957768758,3.6391380470029766,5.793298800206954,4.947518425209182,5.962783055843846,6.522314316057391
33,9.247633075922865,7.047257092075963,7.399138315493061,6.627980832438316,6.4658569697410835,6.133205139406265,6.794966492806711,7.3955619055225,6.770053043673116,7.341585587224653,6.491058159182149,6.4892834103492,7.477967731919706,6.580344086308633,7.310977465106595,7.935839416338002,8.317408590459983,8.388035961889452
34,0.548823461128991,0.49172554901049986,0.4226446475328937,0.5925776207062505,0.6230104534664461,0.42802758129528173,0.8859065471926043,0.6155106661733121,0.7207335481480245,0.8700900994274887,0.7244051338245151,0.7518772618448542,0.7694569090633623,0.883338051713923,1.0771203798199853,0.7907755682703949,1.1463910232051726,1.0428959154287976
35,9.820122191576365,8.620834803119783,8.98022401071364,8.109005128315516,8.107094745328348,8.528768597264442,8.684350650673089,10.349962323096491,8.617797854023593,9.658312104429516,9.028414399459065,8.403487711557046,8.506142408309444,8.741124520307123,8.881757273435326,9.217698763878113,9.8681966471261,8.999559979900239
36,5.933083931553749,8.249366088836425,8.654522739225818,8.135960668902245,7.2501814284017,7.270073426515825,10.608368117963114,9.376376795614922,10.30095082354802,9.60371627908112,8.477861918641674,11.10827091217041,11.450460013804896,9.659196893445907,10.819317140212624,12.21281288383853,9.508127118210638,10.388615923235493
37,0.04489430240138119,0.0830035613554139,0.06813836657309104,0.11875875493771926,0.08394949732901104,0.06546594750438814,0.1729998287059847,0.0978131579394422,0.15502956934721876,0.14865313280686251,0.13480265833231433,0.16156692906328904,0.15363814425324235,0.19980763328772397,0.14026968024130304,0.15595152239713775,0.13439903411052878,0.1843928121446121
38,6.077367656747318,6.676799600508906,6.26617820003615,6.596814736787076,7.66814779260741,7.024114735320095,7.454071069862437,8.143430400097973,7.331914035627994,8.501584546918352,8.558547335989465,8.25372685396177,9.436802364670188,9.10624910655659,9.613176363195691,11.593453985337288,13.161881127731041,13.140324568287019
39,0.2972525653435338,0.3876250476318021,0.4340507009817708,0.3658294220998334,0.3323765712565389,0.3966151340290887,0.4938419713127997,0.4077886336715677,0.5677901710233382,0.6150190445684618,0.4523402478326164,0.830304918416909,0.885582021205656,0.9269638667279676,0.9362418443561975,1.1641438469579144,0.9209211491673225,1.7552229076239372
40,9.851970814181914,8.589263516702959,9.169895214173103,9.634939810352941,10.370810784555252,9.966205483098186,9.56249062045928,10.45344138997601,10.103219714010917,11.08845752285373,12.94355193599578,10.987735979633946,10.963931488836966,10.477726397668162,13.387725350472236,11.982856366249823,13.739908135937107,14.474122361521568
41,290.2343287383049,262.43756684334045,300.68608622889366,231.20154440110733,280.2013069300498,314.16375707351517,295.8680980736517,292.53794804726874,274.64548139194187,315.3565287421442,267.0828201097058,244.91385143649194,341.2932797290433,277.035542548395,323.9675800485919,302.94058317122926,270.8927349141439,253.7198746061545
42,13.801168489076758,8.994922707696116,8.784270371749837,7.777468456349065,8.248443522357173,7.157656306969222,8.639754688362922,9.532163668604309,8.072375646186131,10.384468588886723,7.915730809392467,8.978164121535517,10.097858377928373,10.860030787098793,10.709715848315147,11.376693786536494,10.98910909452746,10.262884426116942
43,27.28302058746994,24.48329227632092,23.9462033800925,22.900433814448697,22.451349808477584,21.098048552543887,20.393919700437973,19.714156050220613,17.146918330346384,13.150023967066119,14.166360857563635,14.572745144444127,14.918302007182952,12.359392184288273,10.150360463665377,11.531063321021296,9.588510156908345,11.367953230391267
44,84.24965942637127,95.10208144280217,90.68597762815413,97.35288156168947,87.4897386720719,84.47030590057372,87.78201164245607,88.48404946604083,77.62443736906972,61.752862913767494,60.65106337738037,60.63035940724034,63.77115431139547,59.90746706316549,58.817699499684,56.825584132409865,53.80277117907617,58.71247293427171
45,10.373665466000958,11.588986030896505,10.578783992336643,10.6008872756958,10.983775975627283,11.130583918253581,11.100066696495137,12.30860014404789,11.40339546868109,10.61295932699019,9.443683307709232,10.273478582166858,9.885364742279053,10.048499566662695,9.817039934589015,9.978299947769411,10.247032280645064,10.730486503416493
46,83.73999359253915,98.30910879729896,92.13781380930256,97.77190084100538,97.22214718906854,101.06393095324117,99.29029484238163,109.185474371141,98.58106532681373,101.78513128711332,94.06193391861453,97.43284972898422,94.25328762669717,105.9635032899918,105.15830311436807,100.23886547851562,111.84018873957153,103.53591940258394
47,5.190107182610419,4.566590454270763,4.703601600585445,4.801246480372645,4.446068654829456,4.492415175591746,5.059267126329483,4.667554816122978,4.430043306904455,4.578535250540702,5.011551373866297,4.709770794222432,6.136572244090419,5.435903685477473,4.82654655339641,4.86179707496397,4.750817514547738,5.710014448182557
48,31.30247192567395,26.770653149506142,31.521691917063002,37.96670453089173,33.782856493303846,27.99781635735423,34.4339787747783,32.87936318472234,39.353775507361526,35.3823502104623,39.66542492462193,46.68186655967467,43.80684015216916,44.439225536893815,47.971164376043504,55.36196999141148,56.28134900923698,78.35647269130303
49,2.2412969335982327,1.9572487192769206,2.2082785971421064,2.292116051222689,2.3283217737751625,2.7195438047378295,3.309553291048322,3.2504311988046095,4.094581952103254,4.297241317550341,6.6872034477418465,6.7052262697706935,7.8415614110628775,9.218787440825169,9.454540235029386,13.26875927833368,11.064972940721818,12.727498274905706
50,159.8329005850515,127.25739438579929,140.80224948021674,112.3273012613569,115.09209215225711,147.17656941409484,136.7056335232115,152.8929623437697,158.25665142625377,163.69082333472466,166.15879374186198,188.8591248797931,163.3726172603484,181.28298316742269,205.85166758088144,206.0008111473822,213.38300775540262,234.28072000811179
51,25.19161266634541,21.573316253938987,21.451257368190316,26.480148611489163,25.02965192302581,21.897068493525186,24.622578598022457,23.5802156588339,17.833048595736106,15.12512529923839,17.58403894793603,13.833158189404394,15.064789058008502,17.896552224005422,16.56681567761206,13.980438236657012,16.34519520728819,18.32101464456128
52,17.477383955855522,19.343294310031396,17.617430086828044,20.741668573041117,17.00930294759043,17.184100128373792,19.616733825129845,14.850749148945654,11.685074380213214,10.42138949994118,16.098272772296784,9.208147323754526,14.444669287777716,11.589676124402272,11.030833904743197,8.489332810709552,7.477217695713042,9.24777831088343
53,0.0,0.0,0.0,0.0,0.0,0.0,0.0,0.0,0.0,0.0,0.0,0.0,0.0,0.0,0.0,0.0,0.0,0.0
54,17.229588306334712,18.38169082733893,17.85434123451479,17.945246942274036,16.84277055863411,14.581341319237985,18.335769145104194,18.559941522316265,13.71936444808078,14.926329851735023,14.247582159349996,12.99213559335278,13.990162512410071,16.65291638728111,15.144482424643734,10.113367391247904,7.72009426406122,11.934718091410977
55,7.220567660946999,7.406864636021276,7.830719699751946,8.215503881116065,7.1817255749241,7.837529033906997,7.159343652766238,7.629057726090955,6.697900215195071,6.076509436145906,5.006806618418745,5.266059966702615,5.356496952390158,5.775508630265472,5.369597592966531,5.658188892108138,5.781745100339253,5.496215306661462
56,36.469238244333575,46.266496826171874,38.380877709706624,43.8586108992792,37.24969421641032,44.96260466347971,46.40059692255655,46.8270093460083,43.43276510558591,43.89448870160503,42.445429832909696,40.63748173953641,40.07919593302409,43.89874379910705,45.771387314334994,45.97624317903417,51.69353728632773,51.6504429550171
57,12.164528258600544,13.876311541721384,14.700044758304474,17.428157026608783,14.521242239182996,15.86293390550921,14.910723559697466,14.152828412455898,12.595201978560418,12.317781467078834,11.273406977776558,10.762061955544254,12.148915610959454,12.00955661412721,12.51598888858672,11.48543156058814,12.946892160477178,11.323724123524082
58,31.635636343186903,39.00920676016038,27.728469763232813,35.07178527512089,34.590863508409065,37.24323899669032,40.51104804131292,37.9150396156311,31.96815626636628,37.07573543240948,38.36810617044921,31.925882341077248,31.277439795176193,37.02384335339453,38.1779301635373,43.35746067945419,39.615776532080865,51.40108345031738
59,0.0,0.0,0.0,0.0,0.0,0.0,0.0,0.0,0.0,0.0,0.0,0.0,0.0,0.0,0.0,0.0,0.0,0.0
60,0.01698171440428247,0.016401292753080086,0.021342538204640465,0.015663265335643915,0.020703237091603075,0.013869580899436013,0.018952674892321098,0.02119158317087093,0.013723815354778195,0.014172195683143264,0.01767710670063799,0.02220403451892299,0.018728878320133573,0.020925863825110885,0.014906269735989242,0.013099355004045096,0.01584141841984439,0.013165925854021926
61,1.5085332073511617,1.3766077347916943,1.2847126096487045,1.2782315859313589,1.4524251038708171,1.5741567816053117,1.4070064967129323,2.2008289379561274,1.7534622916050493,2.0790610864829575,2.509040931206935,2.4464455359626207,2.2562696276792256,2.526115444685022,2.392437064801172,2.4132078330134674,2.057146622300148,2.6012619259499257
62,53.7446015092964,61.92740153158865,69.91873655272235,72.91863400323051,63.28642941312307,74.81821671957964,84.06605690002439,89.88167812224357,95.3177629031344,89.74905200835197,117.60964691707066,122.28729811883743,106.03217271690545,137.89466182339578,153.09131088010727,149.433981396993,157.89152265930176,181.2519499659421
63,6.333779439349328,5.209083389480909,4.956350594447505,4.806519351697737,4.912918775696909,5.8421064035354116,6.890893792062677,5.232746331614834,5.3346474945775935,5.13612995592753,7.648606265821765,4.680032321294148,5.741343726183778,5.39869198045423,6.730815017231048,5.83508932987849,6.29351722148157,7.668132872427663
64,13.382468413691365,11.903924132173511,14.131514998954561,12.51958641215953,14.074168746086858,16.946218543074647,15.06060244221841,14.765076254567791,16.7965824367154,19.69567643934681,20.27232002640195,20.519338161714614,20.39428350202499,24.24375152464836,27.165152267948272,27.46184324572163,30.355174950630435,46.759984133320465
65,91.3835623018174,120.49645476310484,106.94569666251608,102.52630827521399,117.46590368455456,114.49512526525331,139.285478970576,155.0741680159327,175.5672202374858,161.89403395112814,166.38549280210574,214.83907430784166,177.11959327451643,180.08666797760995,233.27842256164553,249.95657452392575,254.48072180471115,291.8427745828937
66,17.57142047236043,21.66400347073873,20.115426646447954,22.45847715746972,20.061045424779252,22.59123109325286,21.480294058563892,22.983625498863958,22.6126157555734,25.78625323867798,23.68625713475545,25.58291945697415,23.302604849415438,29.689937933275772,29.025664584006037,27.17369454377698,32.308320283869264,32.032337973194736
67,7.207662834813518,5.3827223107599975,4.901048115321569,5.628814422089933,5.75075975110454,4.343368987485106,7.8042867370135225,7.273699456623622,8.001559065388095,7.714145425792985,8.361032604402112,10.353186841774836,10.451762087169332,10.238854329917535,11.068713298865726,14.711528455959854,16.19481976313525,17.256294768087326
68,37.84154537865423,35.052846712912284,41.48126315332228,35.343594604131816,37.29243173004478,42.86120938268201,38.26756003705916,42.22332580566406,35.318018504112,40.4351815675715,42.382269836179674,49.108763129859845,40.646854421554075,43.01024136397659,45.89705605640206,44.03563859890353,46.46672605239704,48.494335403442385
69,12.88184969715845,14.12791988332492,14.452204060334763,16.83795861925397,13.689971634847229,18.39198252837646,19.185379724502564,17.410265557337464,20.274529051780704,20.302241773605346,24.178133546965462,23.5853744826998,27.114491052651054,25.27875251122921,31.744368758399364,32.313733531406946,34.65882543700083,42.06741459890445
70,159.04734766630534,124.73656275612967,128.3487283950956,148.7953979972101,129.4334556556737,141.47858850131482,156.36096701257242,164.99083590396125,166.68579876473424,190.09467242027682,248.77836084638324,269.40038856664563,258.811447384742,324.46758026509787,324.96516836232155,332.38159787333075,417.6649101505373,376.5980906712405
71,10.716397102109847,14.256683974758271,15.032510054188393,14.795961880868482,14.392643594434183,16.072850786024524,17.446698945629983,14.536779655025851,14.688539707737586,16.50139909617106,16.423778600467152,14.288661155300755,15.584554450127388,14.408941092952606,17.664062295975224,14.78686626995251,17.90503365452059,16.771142947289253
72,0.37215937058771814,0.3376043037060768,0.3232723181217497,0.31922163841293155,0.3330046583664033,0.3767276883121872,0.43176205612959395,0.40063242548278394,0.3427417381444285,0.38458326078230337,0.41891696903230663,0.40445648883138935,0.4090078206140599,0.431577186261918,0.4634272552776035,0.49783961008633343,0.5695408123635477,0.4958190085845334
73,0.0,0.0,0.0,0.0,0.0,0.0,0.0,0.0,0.0,0.0,0.0,0.0,0.0,0.0,0.0,0.0,0.0,0.0
74,119.36907761260001,156.12608778775123,127.58169294295773,126.60098024725146,136.13010241945327,141.2877024565666,148.30411767840639,142.8943092543079,147.04741528320312,168.59670515983336,169.61587998125628,171.42290952325638,157.44095011557303,157.19683669551728,219.45505852844894,210.5118174235026,224.4571721788632,253.90669346372542
75,44.20474665857131,42.556770216682544,45.03792706366509,42.66754170839688,41.175036176822154,47.806503986323484,52.42127094910442,54.19580664111721,60.970150620245164,61.4640809414941,63.65705839562338,87.00456467597715,78.71213454954086,71.30212880842149,115.51234702817854,122.41450721494614,116.15487963953325,173.81612726387337
76,3512.5880104901717,3073.2190607673892,2957.4364543693296,2855.733324329007,2978.5505446383568,2744.537734768775,2506.6176792753486,2660.855974919145,2646.6201204952117,2559.8482749495965,2391.281413889239,2419.2288822848413,2270.130864431074,2240.844252304897,2173.15722093939,2222.6919771059097,2125.8954541566914,2044.8397807748447
77,0.08372111207639335,0.10746794185426924,0.13297336520999667,0.15735125859658564,0.12438057159560337,0.12629878611614304,0.12982667577482998,0.11082297511062311,0.19576321536502847,0.10838567934025033,0.13037398017942903,0.19393508332150594,0.19554221759400056,0.15952255558506934,0.16819317449629304,0.20423609017364439,0.16776294725436353,0.15795178797252232
78,49.661029036737254,48.993240640619746,45.457457877128356,46.33679210293677,48.04676863235263,49.29564724497641,45.86344867952408,43.046527725738315,46.50358391230916,42.22063881720266,47.64913314597837,44.54681002340009,39.91896521618839,32.60336088921558,45.85923002992357,37.47473964691162,36.339452605313426,28.21070119558941
79,203.98852121168568,149.69176121865547,154.42193477261452,140.64886177607946,151.27681021905715,128.05803425802063,117.51742918972596,149.68971983386623,146.30789826494208,133.96125516337733,126.09868363499093,133.2861242023591,108.13089271009243,112.37071159019997,121.99236144281203,120.89190654656194,113.57992099304902,101.29821618934095
80,321.60400745613344,223.18287360423102,255.68980003865562,240.86857017008464,253.81918138795257,216.43768454996746,211.0258794498004,254.142243140436,237.32182433589813,212.28834503173826,194.74179287818168,201.71425080362957,162.77951071462326,187.68192326797978,167.69850831587596,162.68478026211648,145.60952311944448,156.5408659661406
81,123.68109003666467,113.25027691759381,115.26521796835621,111.08870627811976,123.16389883718183,102.90610604861915,102.7113363661993,109.36410068438128,106.62018536340624,104.87447578166487,98.43744639078777,97.0275263949803,93.98852068747244,89.5173657567014,89.13813083525626,85.06667589396815,82.3876089967297,78.81662511869509
82,406.40853417673424,343.3209610569225,372.2689691358997,366.2789014951645,352.64922526697956,352.69586713138705,322.41525083480343,371.8572849779964,366.17710689421625,347.4280252272083,355.5442063362368,349.2071338048135,335.644758354269,331.6053139372795,356.418714176301,350.23133882359093,359.26076980098605,362.6267610033917
83,12.75250310413812,12.70468149617923,12.119691731135049,11.657877188651792,10.916491717676962,10.456499039557672,11.408706777203468,10.946844544256889,11.21625751316932,10.652801345086866,11.680813440302368,11.49726913134257,12.133434477160053,12.70144579487462,11.433072972451487,12.367317656834919,11.9393614109511,11.679357772827148
84,648.2964444461945,585.0220476704259,567.1301446139428,560.9947981311428,538.6418393758139,504.31005345498363,532.3025617833291,579.3158180679814,558.2771773478189,564.1096380772744,497.40384321249684,584.940099852203,544.2995874023437,551.9666613572645,575.3400097065587,551.7806915742608,560.8919371574157,640.219053069084
85,7.872666591059776,8.073702334814174,8.072662011731055,7.540422035248048,7.737229959734025,7.6448612099309114,7.24670384403967,6.860890329114852,7.26283967943089,6.865882314251315,7.25279115061606,7.319081399056219,7.80916732012841,8.031580601753728,6.999850185455814,7.988629742099393,7.831557652873379,7.83493165739121
86,194.6182793841384,140.1904593781502,151.05982477987968,171.24767543915777,143.56002122518655,132.22089565578372,126.69252268004529,143.61260986328122,139.5768471896264,142.29222301694105,132.24428708318192,130.21455801686932,101.14633537433114,105.86729875837052,124.5917688792532,119.65703007223873,108.4047147738549,98.57253471374511
87,8.441503469559455,6.797395095379122,5.772554200172424,6.57043456139103,6.589473743202865,6.3918687675845245,7.16628343407313,6.774951731461352,6.579546260218466,6.413029934052498,6.254306214547927,6.660456460829704,6.957068334564086,7.7954568141352745,6.875616206815167,8.059884444821266,6.900483725076081,6.97573160497604
88,26.99335153505879,23.40195862983835,23.110751790692728,22.137619883629583,22.011195068162063,20.61101571236887,19.92587200718541,19.961487341850038,19.985972477082285,18.834445581955954,19.436007357566588,17.58004987026689,19.920254177585726,16.800383480375263,18.810983516939224,20.884872595017956,17.21823610736478,16.40085754966736
89,0.057141414415331576,0.04494181747858718,0.055201864161158076,0.06899401208477951,0.051637481303264655,0.047523286373745005,0.05702538583451697,0.04458155349497829,0.07415712366501487,0.058933977101358635,0.06692926352158665,0.07834053546949336,0.08619183258896551,0.07433562376538427,0.06209503961354489,0.07558331792801615,0.06014163539674809,0.0708844491226538
90,88.31115147629605,86.16793756644958,85.0106757477791,88.39309645818896,85.1515484058011,81.99110685615129,79.96673785236318,86.63556138102213,87.53716204489432,80.63871477762858,81.06672939718923,81.22365814463298,79.41281288360267,81.01904645776236,80.08636224906675,82.70352233123779,82.66771962877499,79.16218349998229
91,43.516757591748565,39.4346643792702,39.94357501860588,38.244306297302245,38.98946391655004,32.79053837503706,32.92648558831984,33.301972667940205,35.33782662541086,31.91756352166843,31.503518032587404,28.837118034362792,29.547983615629132,27.40777125230223,29.052523813555315,26.841362448784608,24.21316703796387,23.344473274556176
92,376.912365632088,307.3116952416205,313.06822584812613,305.52405690937655,307.57711888073334,263.8140431384015,229.37641130410472,276.8344024658203,280.22603909301756,247.8882085905998,226.9963771870931,199.6916624125819,183.12396619439895,189.92665326518397,198.58745619250882,200.57990767054406,184.5298857914094,173.1335010477702
93,628.9244209458311,609.8283759536391,598.9875343364944,595.8201378016317,577.5665593364381,565.9744078843029,512.4651077565838,535.6419589451381,542.7707573281565,510.65151871782297,494.81565152849475,460.40534290296137,404.3170883305281,425.14929514238906,421.4287584770296,439.53365954983616,416.2588283204812,385.1624078664472
94,33.206264189750925,27.18252453549703,20.838964264469762,31.886641397045505,28.483864233724535,26.744385634740194,29.156148944977787,27.454189472198486,31.416770845249133,31.049338878918718,30.899370061505223,21.848233144821663,23.786683903888992,37.061577418645214,26.869453254822762,33.62611186778161,26.675052913542718,36.03002197111807
95,35.772237345418624,32.99607145986249,30.75440582628148,30.2241680465206,29.41606719724594,29.40140935221026,31.778664478671164,33.30348363146218,33.27362887720908,29.89763669081657,30.918178096894298,32.5898850946734,32.230697765965616,37.11967456284389,34.02990724284675,34.463337470023866,37.49118445587158,35.17620700343963
96,2.4467044724187548,2.5024667508602145,2.4212691979920993,2.12639553400778,2.1795427442391713,2.559208318100181,2.368146476427714,2.1923415860360667,2.5212699656255784,2.4413718441224868,2.558437449375788,3.1733029991221686,2.8862983086801344,3.036587873812645,3.23566489865703,3.3300409885068096,3.264684800332592,4.1172585740550875
97,10.910146852001066,9.854910563902807,6.896658423257312,6.892307293303495,6.282553165265492,5.07641750746059,6.96459163811899,5.063515082713097,6.789869263583215,6.868767845800944,7.380594118987361,7.769045537040549,5.946970056902978,7.516063497808121,6.889448778141326,5.8215166990960245,7.181727177508017,7.693995125832096
98,66.18002267899053,70.81523823891916,58.81692812519689,58.2020721878544,59.37317041950841,56.18909483140514,58.03418889363607,59.186936342793125,60.55543917854884,58.6361830343431,58.06386676665276,61.53950574813351,63.025878335275955,64.21408145043158,59.35255356967064,59.18963753854075,59.69800188975181,63.17526939732541
99,0.1360611232825985,0.13488524521526787,0.11298672788341836,0.09081924359163927,0.12396500552710021,0.11443217613475934,0.12412862887305594,0.13237128281545252,0.15322674362794045,0.18822190688502402,0.18861933167903652,0.2147185997738633,0.2104047748629124,0.24277102570732434,0.24955294353202462,0.3356731260043959,0.4367858670651913,0.44682434465952453
100,8.224280006393311,9.286125776229365,8.672122335910798,11.628387727627556,10.071499612490335,8.130808078273649,9.620183439459119,10.594809728520257,11.796300268173216,9.457495031049175,9.388241736542794,9.999252447979792,9.262394245660433,10.022533183538785,10.760258320377721,12.788321241624892,8.285962502305226,10.422113639852052
101,227.13608395976405,220.7670618579355,226.626436202581,200.0532518900155,207.51509975916784,188.569159522221,200.86299351633855,201.31188135700842,193.35902710699267,188.75430142310358,203.38701115269814,178.1123129347173,191.68327590467743,185.29477975845333,178.87403205502417,177.94990966846098,180.73292280627837,169.4355015283576
102,302.65270031344505,300.581662109375,276.39993026241183,283.54422307168284,284.0263934424616,267.2926845995175,260.66667299200896,277.92734974161783,268.7132635498047,241.67163005541732,243.9325406750095,247.77499276831844,235.81329057164348,248.15591098810015,236.30839975664693,226.71781570926785,232.630611714681,218.1859962463379
103,560.0827634887695,533.8751013774256,560.258275471349,568.6095025142547,519.8362384377757,530.5933027038574,505.8947354175198,552.3445370384954,548.7795977783202,533.1432971444079,570.085998518749,570.9974443346249,511.6085077672158,532.6666936340332,573.7569641106719,565.1694740653089,589.0444620440082,639.8482757469916
104,27.367240752373974,26.35262296104431,32.5368336715083,30.260842848747004,28.170257906226702,29.679985299633397,26.823972722125305,26.633712136894147,28.50107854486281,27.35577080105197,29.458236974039384,27.52179847225066,28.38271539815267,25.68730621194327,27.534052363077805,29.707611253717893,32.1239290593055,29.589693292679325
105,6.059896813218312,6.170915849593378,6.73911552359981,7.414887555952995,7.5393378677368155,5.318824314302015,4.498394945185672,5.742381751921869,5.0719099790562865,3.9221697638880824,4.560453933285129,4.324430849713664,4.310560354417371,3.7588687463575794,3.580961578892124,3.703893020311991,2.9465638944487416,2.911266388047126
106,0.4755172042615952,0.43944531776635876,0.42129226032764683,0.37444874557628427,0.5553045414090156,0.5043306308771883,0.5567124748056934,0.5621658608714739,0.5496470417579015,0.6469154814173435,0.615828939632062,0.5577977945700219,0.6640065937619055,0.7324914614019856,0.7136037738209221,0.6750867770679536,1.1226177711685499,1.0873197878406893
107,12.263061024384566,18.02559517297437,19.045640973285963,18.846282421235117,21.423803588354456,21.99054343014672,15.917453441373764,19.886023325294577,18.241414865534793,22.60872856199613,28.608824300622427,27.838796422076484,26.248880930518226,30.750143438134142,33.270661815520256,28.798304533562902,31.731254455627933,37.74205606079102
108,1.4342729064437651,0.6301885189433252,0.70015836083889,0.6929363854039581,0.7108049539019985,0.6511477954445347,0.8126066444660387,0.7068491004723856,0.6416104969055422,0.6436722458394304,0.5919818091296379,0.6333217108416301,0.6334357069673078,0.6956621988571139,0.7887201803816903,0.5694985846248205,0.6282584760746648,0.6140558165112331
109,4.664271296813283,3.7037425643487643,4.322055595769677,5.165131239506506,4.828652221214387,2.9748248565004722,4.235060587506141,3.8598340822996624,3.287532797936471,3.2526219048327016,2.7422965868826834,3.2483110316722623,3.0188393548227124,3.9446054144540144,4.027170360088348,2.843411007883728,2.9028900002715408,2.902848516510379
110,5.21437881265148,5.151123458226522,5.221856859371226,4.96183098820717,5.979696057381168,6.072823215366692,4.806622929265423,4.817259840708906,4.670964737943424,4.844280586596458,5.939808657169342,6.729358747420773,6.350894668025354,6.0695996523416165,6.364375720818838,6.505728500904575,5.557948391252948,7.0161252813621235
111,0.39266113537934516,0.4829033704342381,0.5279998312344154,0.45325013324233787,0.4623510356019903,0.6159100961223725,0.4925558743694777,0.45253232998232684,0.38032680186917706,0.41066469261242494,0.4212816492040311,0.549380760885054,0.48098803045576627,0.5622924312872272,0.45504209582010907,0.45897568201826466,0.44671827231684036,0.4737656246221834
112,0.6701177184812485,0.4746279630362988,0.5054664374887944,0.47583215255794986,0.5803569804003803,0.6254076013962427,0.4074753643428125,0.41521499225208836,0.45598937039413756,0.3811983212251817,0.5669950803120931,0.6608814132354592,0.3772916751907718,0.47264123100426886,0.5130159039013488,0.5212249015886938,0.5472676647603512,0.6304980487929236
113,2.4526351178681245,2.59825625255031,2.783862526008061,2.834811548200147,3.06235606104987,3.0768432188691763,3.265170549753075,3.355895510842723,3.357194387810571,3.437323629471563,3.2596875335602533,3.179094276735859,3.4197959062415886,3.231598106673786,3.251493754279778,3.6866318924388577,4.324736423823141,4.052101897438001
114,1.0428322722531294,0.8292310312390329,0.923413820285951,0.7827209494094695,0.8073763579995402,1.147104165131046,0.8141727371946458,0.7638221788598645,0.7405032403719041,0.7441876344238558,0.7050045721377096,0.7169523716741992,0.7528583677449535,0.7257535510293899,0.6599075590465018,0.6708490121893345,0.7612687275486608,0.6927826006854735
115,14.200632923269785,11.952283852484921,11.699019972278224,11.554702925220614,10.92265489578247,11.18011205150235,9.475253156538932,9.431767663648051,10.04636735466988,8.763221837628274,8.709082731431531,9.432063860431795,9.182001081282094,7.878430573355767,7.726081169815474,7.922814300906274,8.034753801899571,7.276652704361947
116,0.18331467575219362,0.2783982959298356,0.3080746157251058,0.41146232778314623,0.3470681054660115,0.39015456538206783,0.525625820659822,0.6649755764392113,0.5656319883696495,0.49687785798503503,0.3629236695641471,0.4423524374147898,0.5798830179004443,0.43154025237758953,0.5139319677506724,0.7018890426524225,0.784635996580124,0.7965752227017956
117,118.2173724463678,117.57534687130132,124.85338504422096,117.41128865800147,134.86106289068124,131.08532946544327,135.2084409625849,133.61344252063384,141.7968091115644,144.760552107288,150.1022859538206,145.91692696074736,152.26125360216412,142.41588165741476,157.06352229948965,167.55117345689,195.27767379760743,182.6109825183499
118,1.1599658373286648,1.1741187472881807,1.2304638951863012,1.2343410071173022,1.4277407905747814,1.6269798607159687,1.0232728719153712,1.1012584586912586,1.2488307321648444,1.063878197362346,1.5871257949663746,1.9288355642172599,1.3884623212416967,1.1997876834465613,1.539623612938389,1.4135978355042396,1.2877162558801711,1.783966480147454
119,2.7275699359627175,3.6083916187670924,2.9577496702747963,3.6381519080197213,6.845513240291227,5.3849744297304465,3.377618463787274,3.846380026032848,3.771734385236617,5.12104568886757,6.114862385738464,5.409015499243538,4.685072715820804,7.715632973947831,7.107273005239426,5.918133063008709,7.02258788904533,8.174302648205911
120,0.7218422759732892,0.7425240534159445,0.8762816604106657,0.7834694309642511,1.1312938277749789,1.0048327928863912,0.9292357050658371,0.9487842902861614,1.2946616803253852,1.1856997542532453,1.3452054118417924,1.5833825114234803,1.6466908211092792,1.5138724059859912,1.7152035211914332,2.501380244889567,2.582096173878639,2.371967553019524
121,6.339733029950049,6.707739642209904,6.947195625002667,6.000724330717518,7.107907323129715,7.239875628502138,6.469574876600697,6.618879551426057,5.697725846998153,5.997969980696197,6.367269566797442,6.741662876682896,7.396580923295789,7.121533555369223,6.68828658305445,6.697491617033558,6.356559589601332,6.748262105811026
122,278.45440499615415,295.45731062452194,302.136861018027,312.10493448565086,311.55740842068576,328.83983501803493,330.84476423694235,332.3950700565461,334.72746468033324,328.39089060465494,332.4343781488438,334.07850729074784,315.1330853271484,315.7650002339681,319.8974888315509,323.62363666788735,339.1993437746109,318.49211193256997
123,34.494112395378856,36.78665932686098,38.5594901786312,37.85096487106815,39.188676445253435,33.10661621462914,31.608373578225414,36.32149651656612,38.21913914219025,37.280938808728294,36.16909823715046,36.16448965355658,37.062509080743276,40.4958908787389,38.441444924877544,36.94119910266835,37.0362212962489,36.18811554082236
124,4.532243038569727,4.013433231050746,3.804947014047254,3.3782910177976855,3.522842531119074,3.495292680041123,3.661776376979691,3.34466564547631,3.571927452644994,2.4801798339880285,2.855430889733376,2.791891225837892,1.8363772583474762,2.14234531763901,2.6781889275389332,2.0703224820914903,1.8527265505257793,1.3383019841630615
125,0.0937225895579303,0.05837915579477942,0.060891383534918186,0.0682821190772197,0.056692564744261924,0.049411061019947085,0.06717635381606313,0.04794513127496161,0.059866177991873756,0.05792598195125655,0.07498300047927803,0.08189694393678534,0.11261867739500536,0.08338402428934645,0.07822979594550783,0.08130283049866553,0.06801480770509646,0.09083682134685414
126,77.31452188824069,74.12427717081705,83.31785300215856,82.1359557364679,84.18882286440942,85.63293105701733,83.37695755300214,83.24748544311524,90.59123922729492,89.50420106654015,89.42434110579951,90.72048153292748,86.970814250823,94.04403266759073,94.31765168712985,95.6848761764034,97.64493715840003,99.67155509505734
127,450.4973071348129,474.72833880024575,482.44725005119074,464.55952916299145,500.03132156864285,470.0296315248552,439.95403040732106,416.5986631135018,446.5375765892767,420.225472894484,417.32778392176476,398.204341765373,402.38807197816914,414.4877086417906,406.86100987588213,412.1620025339434,382.2371085874496,393.62887535833545
128,16.119411366555,14.877218845736595,15.368813751343758,16.225080610870034,16.058706797630556,15.281884574890135,15.543619812996159,15.36338665500764,18.07871846660491,18.886429639016427,18.75092746180873,20.256361223036244,22.169963371522964,21.678843013127644,22.035091511880196,24.332086483637493,24.28620646249094,26.723076325734453
129,100.7556486332801,76.54461027602446,84.08108697583599,73.48864947620515,69.30541502183483,84.00675450742811,79.24228263464428,70.73600943297285,68.61782098339451,69.94005429175593,79.64619681749475,77.69530482630576,95.94674391592703,79.43857101313272,80.61430911987058,73.61453940073649,76.55634398589595,76.14634294509888
130,161.90112109251945,211.98421719458796,181.862355250697,185.5591338619109,164.226376604716,182.28826401002945,199.02272506886146,188.38887994499618,174.31785281273625,217.44584668559415,188.0405088232717,181.72883869556713,200.39103661912486,196.10839870329826,202.17043123060657,200.09420383084205,200.478374420166,175.0221121037801
131,197.3453465221774,178.3450749821817,200.04029176597768,225.92130764767114,211.8148838013146,229.95063337756739,246.27394372931275,234.43590397250264,251.36819678521923,257.9011347616873,304.7819617043772,284.7239077189222,362.53104616050894,323.096620109312,347.57478719030263,409.808906663464,398.69514710457094,416.21936442713576
132,56.9215123507592,58.48660069619455,59.50778405220278,70.8741532479563,69.2154226807625,86.65240294671828,87.56089257517168,78.73250262293323,83.5573981008222,83.85662027420535,99.43599406088552,111.30791945918914,110.35197599103375,117.47471702575683,131.48433138570476,126.79045716237363,137.70517609134797,162.05749120158532
133,685.9225184395083,627.247877339681,619.7562911501649,670.5325722479053,542.896025763727,656.6252960441344,620.8794198017737,647.8016559034778,627.4015052723219,641.7652906376009,665.4121480437249,708.5217009631742,657.4287546091388,647.2400070334813,644.7794588150517,641.7825694885253,620.4617955656976,570.137594053207
134,16.44443219087457,19.4569769680782,18.780274319761542,23.779948249816893,16.80581162071228,16.336253448240218,18.44526782642898,15.59946444732912,23.568729239433043,17.926924500383357,18.57904919593565,21.82284856833181,26.757371933619183,25.533129813286564,20.780733860385034,21.36989125569662,23.064383811950687,26.511846696792112
135,111.17912984944707,118.09197923932757,121.14369848435926,120.03190415518625,129.01493434358625,132.47980065181338,133.09438653673445,149.7966142817906,147.11519845883416,150.14755644328034,164.52799122401646,170.91426534345072,189.3562284107472,218.54462822918825,237.27280263102108,245.24277998788017,290.6512142307846,338.5340232701455
136,27.013278948876163,24.58308732924923,27.437978936513264,25.81483967442666,26.397617810157037,25.89300880505962,24.03045949554443,26.843156699272892,28.056525998105283,27.615597237617738,26.600510640462243,26.61160042252079,25.184503419937627,27.991320375011814,25.479085130999167,26.254317009218273,26.421265155423075,25.150893923441572
137,293.11788597648376,332.25654744899765,306.3566510501985,350.402578402049,349.02922322919295,428.6808503860263,430.85096828337635,413.2497711385091,456.55723649547946,513.4267163152739,527.0844066595263,605.1702246406661,626.6411525353639,620.6689807522682,611.7513503339214,684.1178318835844,715.1858605622323,709.2127847733036
138,15.415721415335133,19.416457430521646,18.527160616690114,16.123524802730927,13.413385247640345,16.449543137611883,18.107499575461112,14.47431963214054,16.296677684958265,12.658042797522496,16.933910000862614,18.48726017728929,20.69177196313489,18.579948107504073,16.548501531532835,13.52635825002578,14.509109169947935,16.500484028549604
139,40.151546829100575,46.344882156618176,45.16697668202718,48.55713141390072,45.123929118084654,57.20080540814964,50.38182951916931,51.02226037917598,56.84870752900647,52.09155887985229,59.31921513711252,56.03324036998133,58.046413256327305,52.574864397048955,66.49015733591716,53.18207178608064,48.79022029431661,53.53661016648816
140,0.0,0.0,0.0,0.0,0.0,0.0,0.0,0.0,0.0,0.0,0.0,0.0,0.0,0.0,0.0,0.0,0.0,0.0
141,365.84124668244385,364.4072978456559,412.0453606783959,386.1528128596714,378.03978844427286,405.48020198698964,387.55893643286925,425.1352141841765,423.59619033715035,451.7332698994298,440.1666857191517,439.2798649902344,401.389689596853,418.7485771267798,398.9526971386325,404.1941736725838,439.0009429045647,411.77903387155845
142,160.0147611541748,158.92586593431045,152.3478713328044,162.13421897888185,155.09133493927985,155.82923071092173,150.69755132630056,166.45958561017437,170.53815450852917,181.64544931194348,190.5635131048387,181.490378683767,181.54660564168296,165.12316551946824,168.98429322667278,171.69900835590977,179.77340111418695,180.41559808891049
143,128.75050806599282,83.80122465285436,79.04132566981161,72.5349074757894,81.26757677205403,77.86108291625978,71.30009121950211,88.6564071433775,83.36645191701254,80.71147850282732,76.27651956049601,64.20026277234477,68.61753421660393,71.22571700065366,70.60549040972802,60.81552517675584,53.09600428082866,69.17227680329353
144,81.21327924543812,53.21141148401077,56.483195517016995,53.954380757649744,61.88579899449502,60.64592065626575,59.44217944717408,69.20938163757323,68.90171900349277,66.73295787442115,66.8284117569462,54.452285491574195,60.370366420499735,71.36076856305523,72.50634580206102,64.24145351348385,59.01760178350633,67.12830115533644
145,137.21411885907574,123.80844999251826,134.62800974527997,131.4715077455582,124.18727576963364,133.4993308993104,128.06695095382196,134.22020599250382,138.8404130313012,141.28848088910502,133.75338950372512,128.33031485772904,137.71224177551272,142.65685038872178,148.2583707928401,145.84247426219653,142.22160221354164,136.11362116233252
146,10.063817840612064,8.536833533092214,7.739436850388845,7.6813929143259605,10.066666084258786,6.684590124607087,6.46089146734932,9.380786341031392,11.067440853436787,8.632136121565297,6.777361581094803,7.100343969228081,7.852098115877439,7.135554054803747,6.963591786384582,6.592167142929569,5.869197387326149,8.080192236833676
147,22.691077461673366,17.83076242129008,19.383284619116015,25.298200611093993,23.926889511354506,19.888548127451255,17.591247724102388,19.836728721126434,19.618221847657235,19.126474144228045,14.706288624425088,14.236905401691313,16.086096403060424,17.102548037805864,14.62544032232223,13.596960016804358,13.906094029744468,13.608628273010254
148,225.9369294128418,218.51743862661897,232.69908986737647,230.40852246649254,230.27532456920994,233.41548158842943,224.1481401229366,244.55349040369836,242.74157905824725,246.82638612457137,252.71922555246658,239.2747496887066,282.38917800886344,271.78389053508795,261.1145567693488,246.45751053067397,251.78012500196886,256.8368744482225
149,139.70684191230038,70.87691609782557,62.662331880754046,61.4654403339509,71.03206099356375,62.91732981999716,58.28772780531904,72.25530187479656,64.12538909296836,71.06451222118255,66.01661360525316,59.32234506217383,51.70339749120897,57.072253712069596,54.93651232614825,45.53294343148509,39.12579634539287,59.97908606867636
150,210.8593556262601,196.7229738308486,197.50567901330058,200.36840379543963,196.238691351391,192.6791154926845,197.3510830983808,197.9427519022624,196.21362543705533,196.67200055038873,212.20348232269285,209.0643294992755,196.62346457520937,196.76056483792712,208.51083683136974,196.31183607693376,199.58865381460586,209.94338324794975
151,22.820970091050672,24.50092386922529,22.08702981335776,21.83038394000673,23.375800589592224,22.741522051573902,23.538927967932917,21.639027413398992,21.438588813438944,21.811942503770922,21.286067347988006,23.02189951821956,22.397962857325506,21.02863378395573,19.451623943040317,22.346675168793777,22.07980879061214,23.12136119583235
152,53.65323363203057,51.00863371563398,54.21303993963426,51.84043712000693,51.12618014920143,53.13327746483587,47.6961177818017,50.366246979621145,53.515506601641256,53.04865101229761,52.62503420183736,49.696192266156594,50.37662364282915,53.89789670390468,53.797741490764,56.84463118522398,57.46280156744094,59.46041337806948
153,37.588376435310614,37.51429488372803,36.86238230403777,39.85993869513713,36.08446193589593,33.99789261048841,36.20826640265329,40.07729970009097,37.85410072831609,39.194765095987634,38.931875100904904,37.22448243927846,37.23825724349483,39.104507262366155,36.641512580247515,34.17160806510562,42.53280855987478,40.484297706103
154,1244.9998938578944,1102.0604739379885,1137.0045324510143,1159.8514441902405,1216.7973487529139,1274.0688108723957,1140.336113348192,1156.1229445984543,1220.310328621157,1196.2155786710348,1136.3138293457032,1238.2143349812825,1249.1268663533529,1296.8447780289189,1179.724580127347,1453.2181638997397,1335.8215825398763,1380.8436411408454
155,184.75007923460225,174.83866966901505,181.0752885393415,177.3140967485982,172.9464122723359,174.8227707650321,171.574928444647,172.21090076077368,175.8452747604295,177.61927274987008,182.01837467386977,173.68307159494145,180.19271035471272,186.22490754861437,190.42753753586945,197.77884362357008,192.877848042806,202.28916092903384
156,131.65677223648566,74.85614061097175,62.36611242478892,79.86692819902974,65.44231354301206,61.28853345071116,56.83035528613676,65.8143719851586,78.99373530234061,68.20289793199107,61.77407626383792,59.16353924363659,69.86066414371614,58.00281660879811,58.01109225718181,67.4467450578751,58.56920160847326,67.38768560643351
157,1101.8350884497859,1019.1946862792969,996.2787412975681,1069.6825084517284,1006.2355453944053,1022.6167868927986,977.9935017956149,1053.3141868542089,1082.0797488278624,1092.8554019263481,1012.9082654832409,1034.5827088189894,1050.7842832897554,1006.6276258623676,1045.7078933919272,1069.6399386629494,1065.9767282793598,1068.5741244802166
158,57.31212392446632,53.14275021706858,56.16340741592619,56.927545266920525,55.78534719405636,54.84660866478982,53.071760279705316,59.97913907303349,56.59661926269531,58.38486963253303,53.9234537751334,55.85604890480568,55.05416515227287,55.04490011484658,55.71749993847263,55.23888978764759,56.70566040856498,55.99285264045962
159,15.071129029407297,12.514401938838345,14.547410058667584,11.525082945618577,13.757431457632332,14.607393264134723,14.818380110033097,15.1370517681491,13.37373685150762,17.043127379922826,13.515824950433547,15.143025725210867,16.6011968504998,14.889143641625681,15.122257927504918,20.95600509920428,15.278267620148199,19.54649544562063
160,42.36588313687233,27.51592919388638,31.925558830507335,33.03435855061521,30.756666040112897,30.682368302663168,27.78380728998492,31.562866247722077,34.89557361920674,30.015483307520547,26.10076944732666,28.115905496597293,35.370857346770585,30.053333383375605,24.983515834480208,30.555697676463797,27.29466540145874,28.453528418264085
161,56.9273141784668,79.7749194271949,84.31946988229889,89.0151250642346,84.45846090943473,91.6181163368225,98.03322919661,69.72786626705046,75.63000192580684,86.5319613022343,80.41837847888085,86.51978339041433,95.28614103378787,93.08502891048309,74.45483632467128,97.5614382133484,87.5327536580613,82.6073345298767
162,382.51757041488156,187.45439914449057,208.32044924916207,181.25903336309614,223.26883436190695,187.1848909708784,181.5935197477795,207.7571488952637,203.0144739057831,181.91055335330523,162.80564777300432,179.87406555632842,179.61249019991968,141.48322566511445,138.53771737162273,156.7838332194667,169.4744122254684,138.3132225582984
163,297.5169129402407,219.39366848273212,183.8539729456748,185.48532254126764,206.65253019074473,154.53035277412053,181.113039284983,234.09411205133534,229.14644115817163,175.18396322631835,162.58749711559665,180.01619870503743,193.63000322227654,200.6433912133658,170.11357610050325,229.7811673969556,203.900369447629,190.74758841237716
164,48.23603933637885,54.97783750788371,56.87177420733052,51.8289155816109,49.00200266265869,55.741302221934006,51.48175633875528,50.94940870100452,46.827383796076624,53.58818601792859,49.40314355595907,49.652480259392846,50.718959207842424,51.748653857282406,46.16191794204712,54.11200400198659,49.735027429396105,47.01166135234217
165,24.90496234727675,17.681963025739115,16.9983602868357,20.23481571874311,20.466062655848845,16.223227073854016,15.633507513046267,18.179319348489084,17.843562157313027,19.274912181054393,16.513030145891253,15.5829870365512,14.78562046973936,16.96986705995375,16.502792111366027,18.374401961911108,16.67458322648079,18.26882046656455
166,146.83481340272965,93.45551096171717,107.28912560354252,123.63094224039713,98.32744341023763,100.07997615469655,104.22714080761327,118.00940620676677,131.3850896327521,117.9350906279369,105.36747017669678,116.14001277406754,140.71766370646156,112.60396503128544,115.68321695635396,119.17093031819661,105.70143928773942,121.51500540530296
167,427.08237271807275,470.78268540905367,444.17817975641066,425.1107798717868,458.98042748235895,465.1224298811062,403.3606045571604,470.63535333251957,445.86316693705896,422.12898291015625,426.82403452128744,415.88140582472283,436.7833858071604,358.7234120430895,413.2915036207629,421.6158111178491,399.04928263116653,406.5703378085885
168,13.19399865788862,13.078539630289999,13.804318846771793,11.141942103197497,13.73969058254802,12.60529010603505,11.474915129138576,13.567519142127805,14.017622281445611,11.57390326416108,10.85033568326504,10.805678191098474,13.106697628085332,12.46284351356568,12.537316142871358,10.201844037535004,10.60930058215895,8.812052092917504
169,1.5870971602888149,1.6877097383567266,1.7416907339788252,1.6287786392143797,1.7092832608322794,1.4751554411072885,1.6153840661900383,1.5635045332581767,1.618747082668894,1.78987617519594,1.8626996513775416,1.8177109339407513,2.2609907090279364,2.0131683218094607,2.0356827629532686,2.023162079703423,2.1917802996789257,2.2025149080830237
170,1.1242408896428284,1.0858341293950233,1.3745831026954036,1.214661821588393,1.2488390032706722,1.3938772668761592,1.5767842882679355,1.4868095529463983,1.5415364336659831,1.447802920038982,1.6576268029610315,1.8536184418585993,2.3835375624126005,2.485741239295211,2.536387784163157,2.422997703283064,2.775190380862964,2.625146567706139
171,28.770600478989735,21.62866650853838,25.204359688297394,23.982579907190235,24.140557862646567,24.791703732398247,26.30246679987226,26.427384741998488,26.72400094177317,26.712816258795254,23.9088250955151,25.51663884488119,26.131066103289207,25.220365732869794,24.62895093512615,24.9983416018508,27.181757444654195,24.820334233626944
172,26.68807030339395,23.87889829341168,25.264615532044445,23.697098742190597,24.03372558784485,23.996176509835962,23.298912084113617,28.32878387106033,23.487108866592934,26.269237740380426,23.718772379424188,22.64718951563681,22.64985457612963,25.538881451104277,24.37439843186585,24.78651732581609,25.910756506941834,25.19204011427017
173,136.08399126114384,120.53587349809919,128.47454648699082,131.425718117324,127.78402878247098,121.01864173150832,120.7612604171589,131.7752012975549,130.01294657655234,133.10760759077402,125.359174605163,133.75559134347097,132.10154686899153,130.48702118937175,129.2256331514631,127.51288672317996,131.03972294398716,131.95603169686453
174,8.351426543420361,8.060900300241288,9.226235337411204,7.9543400115351535,7.838085071963648,8.478440229200547,10.759318301600793,9.458912010808143,10.0657899069017,11.25030840704518,8.937464304201065,13.124786460989265,10.628892927062127,10.627065786823149,12.219539161959004,14.318240676695304,11.002071766699514,13.45818927334201
175,0.0009435716287815267,0.0018221206567522745,0.0014119140212892495,0.0012710728115796575,0.002116632212627032,0.001383460011603554,0.0020035235065545727,0.0018797536367685488,0.0019110209772353322,0.0019096297222101636,0.002519193866643103,0.0032839939015965824,0.004953225618862648,0.003495767811597184,0.003309504725553434,0.0032725035667844475,0.005252247179851608,0.005290599637390194
176,0.19252797008522093,0.2617104567386519,0.3183602043553706,0.23649294504234866,0.2724859543817658,0.2556556313893487,0.3934786196485643,0.3756556420460824,0.456220901666149,0.40453952079819094,0.4266732974013974,0.6079580055321415,0.5205622958659484,0.619505014909852,0.7474433591961861,0.9967035440879483,0.6072074855719843,0.935139756821817
177,86.6024501332929,61.387560628073565,67.76223843974451,63.50870243382572,67.15119354961766,59.62690757333079,59.72076080540249,71.83887614875712,68.07570655374484,68.02916109884939,60.78638297085388,63.71433556341355,66.92629895346505,68.25911207326254,60.347407354627336,62.63027194370323,64.92276844051028,66.28775151623881
178,0.4043940547012514,0.3557754034669169,0.42780565026237677,0.3585440698554439,0.36740616629929906,0.38653881638280807,0.3849065650467362,0.34336180884991924,0.38923410964588967,0.3848792428547336,0.36244686805432835,0.459177368581295,0.41824688576916036,0.4324039924728194,0.5065251773352035,0.47821513822963163,0.4962198195822777,0.6186307627924027
179,0.8398281537909661,1.2955465785380333,1.1585585919041788,1.2200353724559148,1.063881380365741,1.1658074431457828,1.3275353731647614,1.2150610598223184,1.2081411027908326,1.1200804642323523,1.1929943716141487,1.3725388120066735,1.405907036652488,1.1894265091233358,1.3477455176845674,1.1429312016919095,1.4206375307806076,1.4142908586609748
180,3.810493494780382,3.8673668736796225,3.835907043641613,3.760758099319748,3.9901653274678277,3.609737380334309,3.6604496479803514,4.481634672836414,3.7682531024563697,3.998326886592372,3.540009679195519,3.725959484023433,4.169623410179868,4.198464139507663,3.5454337481888394,4.054241919745681,4.515151810338421,4.084482672418716
181,0.029383638184637746,0.020936204661434886,0.021961501926904672,0.028645557062820515,0.04048956648668931,0.043985725420216684,0.029080230260858646,0.022432800700227046,0.024424073001901966,0.018481664050848945,0.02897685284546061,0.04842950711307181,0.03634280668713216,0.0263618883824336,0.039761858012527185,0.027515724264905696,0.03519033579035627,0.03000945631030101
182,21.16810889213316,19.273347417769894,19.596661459399808,20.402236612249627,20.294497339099234,20.263407086762303,19.72633250882549,19.0826060326293,20.95133157762988,21.389827856853096,21.386143674982307,19.19543913133683,18.995447568585796,18.814296558485605,20.63727498085268,21.550567175342188,21.74807668009112,22.8863819085398
183,0.09224120578410158,0.09431058984870708,0.08900453355970478,0.09556914251794413,0.08869999721574202,0.09224143032605446,0.07511818126084341,0.08844646929060256,0.08865590171748267,0.09141672662956014,0.1027586822112401,0.10536622687429187,0.09539736081038909,0.09469599352777001,0.09414042205736037,0.09722631885483857,0.10075255643141762,0.11724061657177902
184,2.1709155313250843,1.9990937469646501,2.3955333630961757,2.557829815069834,2.6132979328632358,2.80501234276064,1.786103376610305,1.9031348579352902,2.346532885591189,2.328836816885138,2.908590189735095,3.8511786297957107,2.6012777111350847,2.2388109682375386,3.7489369164218185,2.9691414570808417,3.170042563407652,3.758526886124765
185,346.9760398815524,347.9903969057145,339.35711486816405,344.7467504939066,334.89801693402126,343.64292182184033,318.74733254639233,331.9241684613909,334.37774734004853,338.987057386829,369.79381732673346,371.1918993057743,331.79545054774127,345.4120112757529,383.5548589099937,374.6416389120779,399.604895245952,426.18373781617333
186,177.3704754140945,165.62493826097057,159.34730585750458,160.23865696619563,169.60282534199376,164.98838163103375,174.7285137278239,173.6415368290211,165.18546848138908,180.17554106189357,186.95946609040007,180.2941005717686,171.66295174153643,166.70148581482542,171.01959604986786,194.43223185877645,219.12757066999163,206.95684925694619
187,94.53467963469194,84.23086107364777,83.8080649837371,80.96283654489825,86.30565005711148,89.43774982165264,88.65899916371993,88.77038517121345,87.1217786763509,91.29645200597527,93.37708000691731,97.64468472880702,86.36284025622952,92.9508164887787,88.60954173725321,93.91182982519474,111.7982874765704,111.10690216890677
188,62.557723602787135,76.08462535538212,78.1411649642452,78.37399785441737,80.59423534491755,92.12790523652109,77.51715413493496,64.13429354292347,83.39130757756386,84.12310008510467,97.31435333776986,100.02211056772867,96.86122139543103,98.90174078639862,93.32912934916507,98.94780482072728,116.35314976846018,122.5616309971963
189,5.344488706786512,4.860966833945244,5.0772342901845136,5.126559989529271,4.896626816647394,4.884018016938241,4.696056858207773,4.937236996372724,5.1243591210149955,5.2483492769733555,5.264395261426126,4.8497043993341205,5.294187143612567,5.3822598218807975,6.129776340915311,5.946550659715855,5.535181156907763,6.087802307847458
190,0.6870715495892751,0.5452833336018107,0.7063296187321345,0.5686156094631842,0.7825815901506332,0.8558388790090878,0.5933685472972932,0.6185402100099031,0.7333395758226353,0.5037772824514297,0.7133406376242638,1.0563520477414132,0.5006150505984983,0.5497654024455495,0.8417879196713046,0.9077101587480114,0.6883186838239111,0.966359660067866
191,12.797125378947104,10.476810585021973,8.676252623285567,8.809352783695342,11.636274906096919,10.686015332129694,10.618320796874261,9.550069859720047,10.196577609062196,10.200212499864639,13.707362534471738,14.104180042697537,12.557001599034956,15.275993167041275,17.380388541877913,14.92497116869972,18.460430069584998,16.578897536005293
192,17.3827331561427,17.918933934242496,16.76479332462434,14.845644539863834,21.39409027604134,17.82581259397867,16.27385782726862,17.35629191214039,15.17101528229252,17.902594471680956,20.118749445248678,19.072973667575468,21.57921319469329,17.60465467885892,17.725531081538044,17.93213388473757,19.71243535389439,17.426006297724587
193,0.03579475027539072,0.022102413001440183,0.026736081357738653,0.02579091699102949,0.03177499494965995,0.03361438060948439,0.034620118797306046,0.037940899686703264,0.03955470225907938,0.03366035321186622,0.0486256016393502,0.0431568949657582,0.04420589466368956,0.03775619853167759,0.06598040627375722,0.052926782032975545,0.06624017697248241,0.06322381493665515
194,10.705919690911486,9.103661956648672,8.655830157495314,8.214005756993448,8.52974391929565,7.063176045110149,7.756799849540958,7.601482793054273,6.469390840376579,4.58975636851403,5.434499705453073,5.655430721936687,6.1641899250399685,4.200409567239464,4.486047972471483,4.501230959123181,3.7715256912862096,3.9477652736248507
195,0.11463658351395074,0.1238239719466336,0.1521239378471528,0.16851366405044826,0.15690774616983627,0.11875716628086179,0.09629751984150176,0.1220417705851216,0.1159434214666966,0.09989297565569476,0.12395562598814241,0.10607861812556937,0.0949291930756261,0.10732445070580125,0.08032722026950886,0.09137268233803969,0.0922562788405245,0.07872553888107495
196,200.74257159817606,205.0579644283172,210.79964440917965,237.76813046627953,249.83870610555013,270.0328224772791,293.3330686556908,321.73838242667057,335.7083670565697,357.5943377551007,384.8403898659983,424.92319638849074,472.9664534912109,515.0310132767872,560.8956362915039,609.8439098664034,680.3246873982748,746.1352479727608
197,12.963900674348237,13.424883288721883,12.24540514069219,14.722907731456143,12.555011350570187,12.205714283297139,12.099144558137462,10.665762551215387,10.156367061676518,7.6061211718282395,11.128193611637238,9.11314553691495,8.514090062725929,9.622059623195277,9.620670918187788,7.15481005136941,7.268769175955045,7.101250111672186
198,0.16989198861823926,0.24221761051517338,0.16801474809927,0.24387017172366698,0.23033301237181467,0.22756616284706258,0.21461355446030694,0.18358552176513332,0.20766478645481087,0.1404642837590748,0.1636104510426521,0.18098754433169956,0.1890025839079772,0.23086164215559596,0.1994453762141206,0.14415930186428366,0.16543485290100496,0.1896960051320092
199,54.26100253869861,63.62717465273539,60.43032153574626,58.59865494918823,64.05636051828412,58.892816731852875,60.77709116894075,61.40810533769668,60.185751202491026,56.550882810777225,47.89039891620348,51.96563232778734,50.13478832490983,46.93686697990663,51.96849154687697,46.453858779907236,42.04528592509608,46.01717797814646
200,20.328562670061668,25.00124214910692,23.72234462578066,21.453485730817242,24.24415978686015,24.648415352606,25.41553477322158,23.763725771688645,23.697515122567456,25.779170216878256,22.551502123063614,24.373752190374564,21.813137894948326,26.212225461159985,24.2363073829938,23.680478803573116,27.637791102009434,26.74479555829366
201,15.731617018771427,15.632575943239274,13.468461310786587,13.851435254927605,15.147954644233952,8.79454431872214,8.695140758945096,11.438745984569673,8.914735698546131,9.398612884470213,12.565660392392067,8.893554270498214,10.08736983403852,8.32380138181871,8.336194655664507,7.197291925799463,6.336521574912533,6.03604071763254
202,48.71077260889033,41.210657424311485,35.97117936903431,36.83773258502509,34.794231839949084,32.65295244102068,30.62259775284798,31.8662834530492,25.581224235411618,29.950352162084275,23.643742069736607,25.176669646847635,22.899760183518932,23.212186049492132,24.10501422789789,22.818003103010113,17.30213753669493,17.067975396187073
203,181.8599135756954,209.1032411489179,177.83905217373757,177.3921611303514,192.66394008201684,190.53218545056413,185.33693557739258,188.7731531829834,175.52793479673323,174.43976398591073,161.74062661447834,175.3264548467821,166.9077554887341,157.53134502386277,179.31182357295867,158.5014491124307,161.11376449667,150.13855447584584
204,106.48878206166913,108.24717175883632,105.94475618489584,106.74003171071699,104.43576927431168,108.13676493835447,104.94980049822408,104.26146683231477,103.27093840076078,110.5635574731314,101.1155776667441,105.91958532025738,104.16469274705457,105.28118945919572,109.3307959968813,101.64757342923073,112.10476205493559,106.84719176343692
205,41.60206476309992,44.59729288918025,50.182456036885576,46.30583038814094,42.76799599653675,47.891728542697045,45.113488069964994,45.46516396799395,40.23282349084013,47.01058579709453,51.39986457258655,51.477095915271406,49.83041471419796,55.50427052774737,59.817004291739515,61.51374802144368,65.77688984286401,66.72059729028516
206,84.32403030237295,76.05266393267723,81.55046075267177,80.3113878508537,85.81554718263688,87.14242717755225,85.15499127840665,86.52338391207623,96.5794691103213,87.42180354186027,89.60194969669465,86.69229221343996,85.91963038290702,88.26768027860412,86.27846319101921,94.59105844682263,92.89525212564776,89.43279362930791
207,53.43608034441548,53.26347871964978,52.81888622283935,52.88650570038826,51.29353461013302,52.29160639855169,49.428538102180724,51.280503291468456,52.345724529143304,53.56759758241714,52.8012317977413,53.28623410616639,51.38585317057948,52.40375326472457,54.40511150606217,51.02615247911022,54.613316172199866,54.2527938219296
208,6.648604100586266,5.1108460027556255,6.079000588386289,5.255913812268164,4.371654667315944,4.936742726910499,4.336606509608607,4.23671371752216,3.914990466017877,3.4614538271196427,3.321141864330538,2.687193081955756,3.630147004742776,2.8951331239515734,2.294821574222657,2.35687414073175,2.434335271466163,2.1882363394768007
209,3.200035787008142,1.7748668649427353,2.054359933214803,2.478565426141985,2.374038104280349,1.5073699191693337,1.7475741688666804,1.8798105251404549,1.836032297188236,1.3324078028759647,1.5705105894611728,1.5330363552416524,1.7483293870187577,1.3613039979473238,1.022740007042885,1.1197299112235346,0.7097205262164916,0.6896380239917387
210,0.4551164615154267,0.6047991876204809,0.5024544773130648,0.4817636425793171,0.5582346468394803,0.5673236402939724,0.6806788540174884,0.6959468709727128,0.5958441662980664,0.6310812211978819,0.5948065661012486,0.563517309350352,0.5651018192556596,0.5984202751709569,0.6041006321387907,0.5773075168478874,0.6885168700827066,0.6437013544581269
211,50.896212478716805,49.04537000951035,39.46218137187343,47.21512112283487,43.62702486099735,39.2043824576101,37.33518396304367,37.675005887246904,40.219192656855434,30.86664260279748,30.05073470638644,28.987873488210866,31.26002662474109,24.82468420966979,25.918258044642783,24.708478919921383,18.985779916824832,20.33082406751571
212,196.1918444530645,196.63531854937153,195.15507502402028,189.49095948250064,180.77895638250536,188.2270209577007,195.42183547973633,172.02463357740834,164.50862141270792,176.00126794630484,180.39336667952998,178.2445338686051,162.19884591379474,168.459134900493,170.0297329219695,160.87016722648374,179.1645978324644,181.4179464672458
213,0.713757917331111,0.7972318392799747,0.7443572549294399,0.7963647665131477,0.7912621496518453,0.8172800548153538,0.8084215725237324,0.7854174328798889,0.8000651975216403,0.7953910420325496,0.8193576286941446,0.8451330820398945,0.7932348990824915,0.8530887841793797,0.9132767093181611,0.8722173056999842,0.9067469086916216,0.9386823490473533
214,92.34555849629064,98.17643237522671,106.84201462369077,101.82145964802686,104.53028105043066,116.23420046406406,117.86884643046061,111.16500859414377,99.93365330456149,120.40775780954671,123.60686529344129,117.64003841966199,109.30698288751417,125.0695700220908,121.04883950018115,117.73778958228327,138.98553919835243,128.1623766843734
215,12.661248117549444,10.172843828488423,9.741021014182799,10.936918102387459,10.136698931724792,8.418864173673816,8.922415678270402,8.324086805312863,8.51719850940089,6.617176152967638,7.7330790724292875,6.52742064306813,7.548009608484082,5.212286962770646,4.945834905839736,5.491105240948739,3.4500228742630257,4.023780442937728
216,3.346250101481715,3.484150225270179,3.47404238670103,3.3259632233650454,3.135116667334752,3.5389887058452887,3.1286470503191794,2.987173187194332,3.258981986661111,2.707376164082558,2.83627890786817,2.568743311261618,2.9564479864797284,3.022132493680523,2.692904160868737,2.5355509898739474,2.642581836408185,2.5635747708812837
