node,year,value
R12_AFR,2015,2.241640342
R12_AFR,2019,2.194992539
R12_AFR,2020,2.057786723
R12_AFR,2022,2.15169614
R12_AFR,2025,2.134202922
R12_AFR,2030,2.141095669
R12_AFR,2035,2.179443821
R12_AFR,2040,2.231076634
R12_AFR,2045,2.269838825
R12_AFR,2050,2.309412908
R12_AFR,2055,2.360476787
R12_AFR,2060,2.414812527
R12_AFR,2065,2.415738092
R12_AFR,2070,2.421102166
R12_AFR,2075,2.423502518
R12_AFR,2080,2.42782795
R12_AFR,2085,2.429384365
R12_AFR,2090,2.432380575
R12_AFR,2095,2.432759821
R12_AFR,2100,2.434439902
R12_CHN,2015,2.101214885
R12_CHN,2019,1.925271832
R12_CHN,2020,2.009513562
R12_CHN,2022,1.919876426
R12_CHN,2025,1.922536027
R12_CHN,2030,1.927115207
R12_CHN,2035,1.924378692
R12_CHN,2040,1.971627688
R12_CHN,2045,2.007096569
R12_CHN,2050,2.048486904
R12_CHN,2055,2.107848346
R12_CHN,2060,2.180454658
R12_CHN,2065,2.194546872
R12_CHN,2070,2.223171498
R12_CHN,2075,2.254266371
R12_CHN,2080,2.280450936
R12_CHN,2085,2.307985657
R12_CHN,2090,2.330908921
R12_CHN,2095,2.354649096
R12_CHN,2100,2.374140336
R12_EEU,2015,1.837456736
R12_EEU,2019,1.830533902
R12_EEU,2020,1.849304762
R12_EEU,2022,1.835411226
R12_EEU,2025,1.873936979
R12_EEU,2030,1.892318783
R12_EEU,2035,1.901540529
R12_EEU,2040,1.911951389
R12_EEU,2045,1.927582334
R12_EEU,2050,1.939729627
R12_EEU,2055,1.949878613
R12_EEU,2060,1.962886904
R12_EEU,2065,1.964531461
R12_EEU,2070,1.96612921
R12_EEU,2075,1.967563493
R12_EEU,2080,1.969311389
R12_EEU,2085,1.970951954
R12_EEU,2090,1.973309981
R12_EEU,2095,1.973757486
R12_EEU,2100,1.975156608
R12_FSU,2015,2.013572697
R12_FSU,2019,1.970412206
R12_FSU,2020,1.93801799
R12_FSU,2022,1.962958261
R12_FSU,2025,1.981770187
R12_FSU,2030,1.978985497
R12_FSU,2035,1.989919485
R12_FSU,2040,2.003341774
R12_FSU,2045,2.02490465
R12_FSU,2050,2.0446015
R12_FSU,2055,2.068860548
R12_FSU,2060,2.089502434
R12_FSU,2065,2.091585922
R12_FSU,2070,2.092863296
R12_FSU,2075,2.094714617
R12_FSU,2080,2.098394012
R12_FSU,2085,2.100653392
R12_FSU,2090,2.109547159
R12_FSU,2095,2.117491147
R12_FSU,2100,2.125927002
R12_LAM,2015,1.707774033
R12_LAM,2019,1.723704252
R12_LAM,2020,1.732752079
R12_LAM,2022,1.71359096
R12_LAM,2025,1.720743871
R12_LAM,2030,1.76258302
R12_LAM,2035,1.799662519
R12_LAM,2040,1.846272703
R12_LAM,2045,1.874862168
R12_LAM,2050,1.902966708
R12_LAM,2055,1.930815625
R12_LAM,2060,1.966972114
R12_LAM,2065,1.973937647
R12_LAM,2070,1.990491468
R12_LAM,2075,1.996382967
R12_LAM,2080,2.00824988
R12_LAM,2085,2.012700634
R12_LAM,2090,2.026637218
R12_LAM,2095,2.03085412
R12_LAM,2100,2.047024347
R12_MEA,2015,1.436309043
R12_MEA,2019,1.447885377
R12_MEA,2020,1.467753966
R12_MEA,2022,1.451674937
R12_MEA,2025,1.447045869
R12_MEA,2030,1.480205443
R12_MEA,2035,1.493417809
R12_MEA,2040,1.50845022
R12_MEA,2045,1.527722524
R12_MEA,2050,1.541314707
R12_MEA,2055,1.553614561
R12_MEA,2060,1.5740034
R12_MEA,2065,1.565194488
R12_MEA,2070,1.582591456
R12_MEA,2075,1.588832426
R12_MEA,2080,1.600807304
R12_MEA,2085,1.628490666
R12_MEA,2090,1.729513844
R12_MEA,2095,2.072718535
R12_MEA,2100,2.491499479
R12_NAM,2015,1.758176055
R12_NAM,2019,1.771913628
R12_NAM,2020,1.662579961
R12_NAM,2022,1.782924709
R12_NAM,2025,1.796165002
R12_NAM,2030,1.836421043
R12_NAM,2035,1.827468985
R12_NAM,2040,1.84741886
R12_NAM,2045,1.863590731
R12_NAM,2050,1.881069765
R12_NAM,2055,1.894247354
R12_NAM,2060,1.893775317
R12_NAM,2065,1.902108874
R12_NAM,2070,1.896656951
R12_NAM,2075,1.895597423
R12_NAM,2080,1.894987245
R12_NAM,2085,1.895730306
R12_NAM,2090,1.91343041
R12_NAM,2095,1.931463753
R12_NAM,2100,1.949094171
R12_PAO,2015,1.463359859
R12_PAO,2019,1.470872869
R12_PAO,2020,1.466821042
R12_PAO,2022,1.468086565
R12_PAO,2025,1.464790602
R12_PAO,2030,1.469344493
R12_PAO,2035,1.493635862
R12_PAO,2040,1.535904499
R12_PAO,2045,1.5854338
R12_PAO,2050,1.628188756
R12_PAO,2055,1.680283286
R12_PAO,2060,1.72949505
R12_PAO,2065,1.744775377
R12_PAO,2070,1.759255933
R12_PAO,2075,1.770728287
R12_PAO,2080,1.784096206
R12_PAO,2085,1.793163883
R12_PAO,2090,1.802929404
R12_PAO,2095,1.807484909
R12_PAO,2100,1.812907202
R12_PAS,2015,1.796694492
R12_PAS,2019,1.771616732
R12_PAS,2020,1.741278776
R12_PAS,2022,1.763739836
R12_PAS,2025,1.78954849
R12_PAS,2030,1.827363876
R12_PAS,2035,1.859576451
R12_PAS,2040,1.89544025
R12_PAS,2045,1.924247809
R12_PAS,2050,1.970881768
R12_PAS,2055,2.022882324
R12_PAS,2060,2.076092059
R12_PAS,2065,2.092557052
R12_PAS,2070,2.113092928
R12_PAS,2075,2.128268832
R12_PAS,2080,2.150310706
R12_PAS,2085,2.164302964
R12_PAS,2090,2.182048159
R12_PAS,2095,2.191289885
R12_PAS,2100,2.198070731
R12_RCPA,2015,1.941529041
R12_RCPA,2019,1.923227933
R12_RCPA,2020,1.886230835
R12_RCPA,2022,1.898882397
R12_RCPA,2025,1.925769056
R12_RCPA,2030,1.977121656
R12_RCPA,2035,2.021421307
R12_RCPA,2040,2.070062178
R12_RCPA,2045,2.117027053
R12_RCPA,2050,2.161063706
R12_RCPA,2055,2.193443829
R12_RCPA,2060,2.235076326
R12_RCPA,2065,2.238060362
R12_RCPA,2070,2.257268246
R12_RCPA,2075,2.270444499
R12_RCPA,2080,2.291944985
R12_RCPA,2085,2.304677584
R12_RCPA,2090,2.318036434
R12_RCPA,2095,2.325046362
R12_RCPA,2100,2.337841292
R12_SAS,2015,3.396388535
R12_SAS,2019,3.316921692
R12_SAS,2020,3.273679818
R12_SAS,2022,3.298715034
R12_SAS,2025,3.293576604
R12_SAS,2030,3.228151301
R12_SAS,2035,3.199455536
R12_SAS,2040,3.183084169
R12_SAS,2045,3.19049009
R12_SAS,2050,3.182807472
R12_SAS,2055,3.256188108
R12_SAS,2060,3.317070105
R12_SAS,2065,3.32529848
R12_SAS,2070,3.317710371
R12_SAS,2075,3.317792313
R12_SAS,2080,3.30205442
R12_SAS,2085,3.297589421
R12_SAS,2090,3.276689198
R12_SAS,2095,3.268243331
R12_SAS,2100,3.246175058
R12_WEU,2015,1.392524019
R12_WEU,2019,1.388232058
R12_WEU,2020,1.388793355
R12_WEU,2022,1.392288707
R12_WEU,2025,1.403071748
R12_WEU,2030,1.423821192
R12_WEU,2035,1.439800082
R12_WEU,2040,1.462311074
R12_WEU,2045,1.485109801
R12_WEU,2050,1.51539151
R12_WEU,2055,1.545937967
R12_WEU,2060,1.588786981
R12_WEU,2065,1.599764106
R12_WEU,2070,1.616258047
R12_WEU,2075,1.625713224
R12_WEU,2080,1.640582019
R12_WEU,2085,1.649561933
R12_WEU,2090,1.662834439
R12_WEU,2095,1.668030708
R12_WEU,2100,1.677156229
