node,technology,year,value
R12_AFR,2W,2020,131.84775
R12_AFR,2W,2025,154.93201
R12_AFR,2W,2030,206.14015
R12_AFR,2W,2035,213.82047
R12_AFR,2W,2040,231.90846
R12_AFR,2W,2045,238.77794
R12_AFR,2W,2050,258.9136
R12_AFR,2W,2055,245.4066
R12_AFR,2W,2060,249.59865
R12_AFR,2W,2070,233.73033
R12_AFR,2W,2080,207.04109
R12_AFR,2W,2090,181.09409
R12_AFR,2W,2100,155.5722
R12_AFR,2W,2110,155.5722
R12_AFR,AIR,2020,113.61699
R12_AFR,AIR,2025,204.82837
R12_AFR,AIR,2030,236.39433
R12_AFR,AIR,2035,279.65359
R12_AFR,AIR,2040,297.70407
R12_AFR,AIR,2045,296.27264
R12_AFR,AIR,2050,290.9068
R12_AFR,AIR,2055,281.85797
R12_AFR,AIR,2060,273.43011
R12_AFR,AIR,2070,245.86093
R12_AFR,AIR,2080,227.57057
R12_AFR,AIR,2090,216.1554
R12_AFR,AIR,2100,209.86963
R12_AFR,AIR,2110,209.86963
R12_AFR,BUS,2020,525.36401
R12_AFR,BUS,2025,794.28186
R12_AFR,BUS,2030,1266.1676
R12_AFR,BUS,2035,1499.1292
R12_AFR,BUS,2040,1702.2799
R12_AFR,BUS,2045,2018.1813
R12_AFR,BUS,2050,2241.8152
R12_AFR,BUS,2055,2442.0952
R12_AFR,BUS,2060,2632.5513
R12_AFR,BUS,2070,2994.1208
R12_AFR,BUS,2080,3242.8723
R12_AFR,BUS,2090,3419.2595
R12_AFR,BUS,2100,3509.01
R12_AFR,BUS,2110,3509.01
R12_AFR,LDV,2020,603.90643
R12_AFR,LDV,2025,807.8479
R12_AFR,LDV,2030,1039.5254
R12_AFR,LDV,2035,1098.5837
R12_AFR,LDV,2040,1180.4962
R12_AFR,LDV,2045,1304.5991
R12_AFR,LDV,2050,1433.1565
R12_AFR,LDV,2055,1491.2839
R12_AFR,LDV,2060,1560.7769
R12_AFR,LDV,2070,1757.4633
R12_AFR,LDV,2080,2062.6321
R12_AFR,LDV,2090,2432.0854
R12_AFR,LDV,2100,2834.2219
R12_AFR,LDV,2110,2834.2219
R12_AFR,RAIL,2020,13.383467
R12_AFR,RAIL,2025,18.196106
R12_AFR,RAIL,2030,18.180176
R12_AFR,RAIL,2035,18.264761
R12_AFR,RAIL,2040,22.783646
R12_AFR,RAIL,2045,24.498398
R12_AFR,RAIL,2050,23.162521
R12_AFR,RAIL,2055,24.478008
R12_AFR,RAIL,2060,25.525749
R12_AFR,RAIL,2070,25.869324
R12_AFR,RAIL,2080,24.755341
R12_AFR,RAIL,2090,24.514324
R12_AFR,RAIL,2100,26.747658
R12_AFR,RAIL,2110,26.747658
R12_CHN,2W,2020,464.48947
R12_CHN,2W,2025,582.12506
R12_CHN,2W,2030,590.2865
R12_CHN,2W,2035,568.12146
R12_CHN,2W,2040,497.80554
R12_CHN,2W,2045,487.4967
R12_CHN,2W,2050,494.21439
R12_CHN,2W,2055,494.46667
R12_CHN,2W,2060,512.27606
R12_CHN,2W,2070,559.0863
R12_CHN,2W,2080,578.94104
R12_CHN,2W,2090,577.85626
R12_CHN,2W,2100,547.54486
R12_CHN,2W,2110,547.54486
R12_CHN,AIR,2020,352.495
R12_CHN,AIR,2025,1046.6039
R12_CHN,AIR,2030,1212.1698
R12_CHN,AIR,2035,1531.973
R12_CHN,AIR,2040,1898.5853
R12_CHN,AIR,2045,2250.553
R12_CHN,AIR,2050,2338.9873
R12_CHN,AIR,2055,2349.5383
R12_CHN,AIR,2060,2374.5376
R12_CHN,AIR,2070,2616.0664
R12_CHN,AIR,2080,2893.271
R12_CHN,AIR,2090,3215.4841
R12_CHN,AIR,2100,3564.6047
R12_CHN,AIR,2110,3564.6047
R12_CHN,BUS,2020,1239.4891
R12_CHN,BUS,2025,1856.8713
R12_CHN,BUS,2030,2054.4319
R12_CHN,BUS,2035,2305.7532
R12_CHN,BUS,2040,2381.491
R12_CHN,BUS,2045,2636.2664
R12_CHN,BUS,2050,2846.1616
R12_CHN,BUS,2055,3251.053
R12_CHN,BUS,2060,3721.6875
R12_CHN,BUS,2070,4316.0791
R12_CHN,BUS,2080,4682.3149
R12_CHN,BUS,2090,4962.6665
R12_CHN,BUS,2100,5152.6714
R12_CHN,BUS,2110,5152.6714
R12_CHN,LDV,2020,1230.8112
R12_CHN,LDV,2025,1751.0748
R12_CHN,LDV,2030,1979.6583
R12_CHN,LDV,2035,2130.342
R12_CHN,LDV,2040,2163.8752
R12_CHN,LDV,2045,2429.9109
R12_CHN,LDV,2050,2696.0569
R12_CHN,LDV,2055,3015.3132
R12_CHN,LDV,2060,3396.6379
R12_CHN,LDV,2070,4448.4858
R12_CHN,LDV,2080,5359.5635
R12_CHN,LDV,2090,6170.125
R12_CHN,LDV,2100,6804.9028
R12_CHN,LDV,2110,6804.9028
R12_CHN,RAIL,2020,531.59961
R12_CHN,RAIL,2025,1064.5298
R12_CHN,RAIL,2030,1413.8649
R12_CHN,RAIL,2035,1668.2096
R12_CHN,RAIL,2040,2009.6237
R12_CHN,RAIL,2045,2419.7441
R12_CHN,RAIL,2050,2673.6323
R12_CHN,RAIL,2055,2785.7266
R12_CHN,RAIL,2060,2892.3389
R12_CHN,RAIL,2070,3167.8142
R12_CHN,RAIL,2080,3406.1499
R12_CHN,RAIL,2090,3676.4744
R12_CHN,RAIL,2100,3976.0933
R12_CHN,RAIL,2110,3976.0933
R12_EEU,2W,2020,104.44717
R12_EEU,2W,2025,95.039352
R12_EEU,2W,2030,103.98541
R12_EEU,2W,2035,85.691895
R12_EEU,2W,2040,102.05189
R12_EEU,2W,2045,75.5616
R12_EEU,2W,2050,95.411804
R12_EEU,2W,2055,77.727615
R12_EEU,2W,2060,96.667801
R12_EEU,2W,2070,99.183235
R12_EEU,2W,2080,100.80918
R12_EEU,2W,2090,103.00379
R12_EEU,2W,2100,104.04722
R12_EEU,2W,2110,104.04722
R12_EEU,AIR,2020,187.16833
R12_EEU,AIR,2025,701.99768
R12_EEU,AIR,2030,798.48145
R12_EEU,AIR,2035,970.05597
R12_EEU,AIR,2040,1173.5217
R12_EEU,AIR,2045,1400.7539
R12_EEU,AIR,2050,1620.7998
R12_EEU,AIR,2055,1584.2659
R12_EEU,AIR,2060,1353.0338
R12_EEU,AIR,2070,1426.5828
R12_EEU,AIR,2080,1505.3855
R12_EEU,AIR,2090,1578.0785
R12_EEU,AIR,2100,1644.3428
R12_EEU,AIR,2110,1644.3428
R12_EEU,BUS,2020,451.8992
R12_EEU,BUS,2025,743.68829
R12_EEU,BUS,2030,675.95416
R12_EEU,BUS,2035,704.01874
R12_EEU,BUS,2040,692.69952
R12_EEU,BUS,2045,755.66418
R12_EEU,BUS,2050,816.52704
R12_EEU,BUS,2055,812.82068
R12_EEU,BUS,2060,871.19495
R12_EEU,BUS,2070,896.64813
R12_EEU,BUS,2080,919.17975
R12_EEU,BUS,2090,939.61877
R12_EEU,BUS,2100,942.5484
R12_EEU,BUS,2110,942.5484
R12_EEU,LDV,2020,3787.9211
R12_EEU,LDV,2025,6104.5381
R12_EEU,LDV,2030,6597.1221
R12_EEU,LDV,2035,6975.1558
R12_EEU,LDV,2040,7523.8071
R12_EEU,LDV,2045,8194.5615
R12_EEU,LDV,2050,8948.7871
R12_EEU,LDV,2055,9885.7832
R12_EEU,LDV,2060,10773.099
R12_EEU,LDV,2070,11306.608
R12_EEU,LDV,2080,11868.734
R12_EEU,LDV,2090,12401.351
R12_EEU,LDV,2100,12855.021
R12_EEU,LDV,2110,12855.021
R12_EEU,RAIL,2020,174.48784
R12_EEU,RAIL,2025,417.80997
R12_EEU,RAIL,2030,527.13239
R12_EEU,RAIL,2035,451.53262
R12_EEU,RAIL,2040,470.29926
R12_EEU,RAIL,2045,577.24084
R12_EEU,RAIL,2050,711.60205
R12_EEU,RAIL,2055,937.80536
R12_EEU,RAIL,2060,1153.802
R12_EEU,RAIL,2070,1192.2966
R12_EEU,RAIL,2080,1238.7274
R12_EEU,RAIL,2090,1284.2601
R12_EEU,RAIL,2100,1328.1796
R12_EEU,RAIL,2110,1328.1796
R12_FSU,2W,2020,231.35109
R12_FSU,2W,2025,302.73825
R12_FSU,2W,2030,335.88324
R12_FSU,2W,2035,311.84589
R12_FSU,2W,2040,335.24191
R12_FSU,2W,2045,291.83667
R12_FSU,2W,2050,302.47324
R12_FSU,2W,2055,267.75031
R12_FSU,2W,2060,279.45319
R12_FSU,2W,2070,275.13873
R12_FSU,2W,2080,256.41977
R12_FSU,2W,2090,214.93129
R12_FSU,2W,2100,175.1676
R12_FSU,2W,2110,175.1676
R12_FSU,AIR,2020,593.92712
R12_FSU,AIR,2025,992.30756
R12_FSU,AIR,2030,1226.9431
R12_FSU,AIR,2035,1584.0281
R12_FSU,AIR,2040,1912.2473
R12_FSU,AIR,2045,2152.9531
R12_FSU,AIR,2050,2371.8315
R12_FSU,AIR,2055,2594.0938
R12_FSU,AIR,2060,2830.8254
R12_FSU,AIR,2070,2853.8076
R12_FSU,AIR,2080,2889.6829
R12_FSU,AIR,2090,2934.4082
R12_FSU,AIR,2100,2994.1917
R12_FSU,AIR,2110,2994.1917
R12_FSU,BUS,2020,820.01556
R12_FSU,BUS,2025,1381.6061
R12_FSU,BUS,2030,1528.2886
R12_FSU,BUS,2035,1623.1193
R12_FSU,BUS,2040,1751.1798
R12_FSU,BUS,2045,1880.5831
R12_FSU,BUS,2050,2045.8657
R12_FSU,BUS,2055,2173.4717
R12_FSU,BUS,2060,2221.5737
R12_FSU,BUS,2070,2306.5454
R12_FSU,BUS,2080,2416.0593
R12_FSU,BUS,2090,2441.4041
R12_FSU,BUS,2100,2361.741
R12_FSU,BUS,2110,2361.741
R12_FSU,LDV,2020,2183.0471
R12_FSU,LDV,2025,3564.9861
R12_FSU,LDV,2030,3480.3896
R12_FSU,LDV,2035,3465.3088
R12_FSU,LDV,2040,3514.4133
R12_FSU,LDV,2045,3632.7551
R12_FSU,LDV,2050,3992.3542
R12_FSU,LDV,2055,4253.3105
R12_FSU,LDV,2060,4356.4429
R12_FSU,LDV,2070,4684.7856
R12_FSU,LDV,2080,5079.8491
R12_FSU,LDV,2090,5277.4868
R12_FSU,LDV,2100,5168.52
R12_FSU,LDV,2110,5168.52
R12_FSU,RAIL,2020,277.16385
R12_FSU,RAIL,2025,687.77679
R12_FSU,RAIL,2030,634.12585
R12_FSU,RAIL,2035,650.45789
R12_FSU,RAIL,2040,646.69556
R12_FSU,RAIL,2045,751.45856
R12_FSU,RAIL,2050,861.17096
R12_FSU,RAIL,2055,997.88831
R12_FSU,RAIL,2060,1076.2029
R12_FSU,RAIL,2070,1115.4708
R12_FSU,RAIL,2080,1186.2997
R12_FSU,RAIL,2090,1232.0768
R12_FSU,RAIL,2100,1211.7424
R12_FSU,RAIL,2110,1211.7424
R12_LAM,2W,2020,225.4317
R12_LAM,2W,2025,243.263
R12_LAM,2W,2030,209.51222
R12_LAM,2W,2035,175.67664
R12_LAM,2W,2040,156.31812
R12_LAM,2W,2045,135.46344
R12_LAM,2W,2050,124.09882
R12_LAM,2W,2055,112.99511
R12_LAM,2W,2060,113.27306
R12_LAM,2W,2070,113.6894
R12_LAM,2W,2080,122.39072
R12_LAM,2W,2090,137.74301
R12_LAM,2W,2100,156.20541
R12_LAM,2W,2110,156.20541
R12_LAM,AIR,2020,382.73593
R12_LAM,AIR,2025,827.2876
R12_LAM,AIR,2030,916.67792
R12_LAM,AIR,2035,1131.3488
R12_LAM,AIR,2040,1285.017
R12_LAM,AIR,2045,1312.874
R12_LAM,AIR,2050,1327.4611
R12_LAM,AIR,2055,1364.722
R12_LAM,AIR,2060,1416.1696
R12_LAM,AIR,2070,1432.9196
R12_LAM,AIR,2080,1469.042
R12_LAM,AIR,2090,1520.5048
R12_LAM,AIR,2100,1581.6371
R12_LAM,AIR,2110,1581.6371
R12_LAM,BUS,2020,2492.0015
R12_LAM,BUS,2025,3587.698
R12_LAM,BUS,2030,4147.8906
R12_LAM,BUS,2035,4317.0791
R12_LAM,BUS,2040,4620.9189
R12_LAM,BUS,2045,4893.4604
R12_LAM,BUS,2050,5219.0732
R12_LAM,BUS,2055,5556.8325
R12_LAM,BUS,2060,5935.8862
R12_LAM,BUS,2070,6090.5381
R12_LAM,BUS,2080,6311.8223
R12_LAM,BUS,2090,6722.1895
R12_LAM,BUS,2100,7348.8018
R12_LAM,BUS,2110,7348.8018
R12_LAM,LDV,2020,3504.2739
R12_LAM,LDV,2025,5134.2036
R12_LAM,LDV,2030,5334.1567
R12_LAM,LDV,2035,5168.2197
R12_LAM,LDV,2040,5279.8745
R12_LAM,LDV,2045,5491.0449
R12_LAM,LDV,2050,5996.3101
R12_LAM,LDV,2055,6390.4712
R12_LAM,LDV,2060,6929.1787
R12_LAM,LDV,2070,7105.5464
R12_LAM,LDV,2080,7314.5439
R12_LAM,LDV,2090,7588.5522
R12_LAM,LDV,2100,7896.7314
R12_LAM,LDV,2110,7896.7314
R12_LAM,RAIL,2020,443.26068
R12_LAM,RAIL,2025,545.89966
R12_LAM,RAIL,2030,652.60535
R12_LAM,RAIL,2035,739.24011
R12_LAM,RAIL,2040,659.14813
R12_LAM,RAIL,2045,592.9278
R12_LAM,RAIL,2050,545.30145
R12_LAM,RAIL,2055,518.64764
R12_LAM,RAIL,2060,504.21552
R12_LAM,RAIL,2070,451.90927
R12_LAM,RAIL,2080,413.7294
R12_LAM,RAIL,2090,402.54419
R12_LAM,RAIL,2100,407.90665
R12_LAM,RAIL,2110,407.90665
R12_MEA,2W,2020,387.20746
R12_MEA,2W,2025,394.72995
R12_MEA,2W,2030,444.33878
R12_MEA,2W,2035,385.5932
R12_MEA,2W,2040,363.96286
R12_MEA,2W,2045,357.28107
R12_MEA,2W,2050,352.55722
R12_MEA,2W,2055,331.4429
R12_MEA,2W,2060,325.47409
R12_MEA,2W,2070,323.71893
R12_MEA,2W,2080,322.13919
R12_MEA,2W,2090,475.68408
R12_MEA,2W,2100,2803.2776
R12_MEA,2W,2110,2803.2776
R12_MEA,AIR,2020,364.50397
R12_MEA,AIR,2025,743.04572
R12_MEA,AIR,2030,903.60687
R12_MEA,AIR,2035,1124.51
R12_MEA,AIR,2040,1270.0237
R12_MEA,AIR,2045,1311.2437
R12_MEA,AIR,2050,1307.8649
R12_MEA,AIR,2055,1294.2822
R12_MEA,AIR,2060,1296.7993
R12_MEA,AIR,2070,1249.7361
R12_MEA,AIR,2080,1228.3224
R12_MEA,AIR,2090,1222.9192
R12_MEA,AIR,2100,1230.7952
R12_MEA,AIR,2110,1230.7952
R12_MEA,BUS,2020,1642.79
R12_MEA,BUS,2025,2093.8494
R12_MEA,BUS,2030,2523.5715
R12_MEA,BUS,2035,2601.0168
R12_MEA,BUS,2040,2669.9138
R12_MEA,BUS,2045,2934.824
R12_MEA,BUS,2050,3026.396
R12_MEA,BUS,2055,3295.9333
R12_MEA,BUS,2060,3219.96
R12_MEA,BUS,2070,3656.2058
R12_MEA,BUS,2080,3923.7026
R12_MEA,BUS,2090,5680.8945
R12_MEA,BUS,2100,30241.262
R12_MEA,BUS,2110,30241.262
R12_MEA,LDV,2020,4277.6328
R12_MEA,LDV,2025,5050.5366
R12_MEA,LDV,2030,5736.8013
R12_MEA,LDV,2035,6007.543
R12_MEA,LDV,2040,6409.958
R12_MEA,LDV,2045,6876.5288
R12_MEA,LDV,2050,7732.1094
R12_MEA,LDV,2055,8561.9795
R12_MEA,LDV,2060,9558.9736
R12_MEA,LDV,2070,10012.772
R12_MEA,LDV,2080,10504.477
R12_MEA,LDV,2090,12341.356
R12_MEA,LDV,2100,32904.078
R12_MEA,LDV,2110,32904.078
R12_MEA,RAIL,2020,157.82957
R12_MEA,RAIL,2025,213.38898
R12_MEA,RAIL,2030,257.31015
R12_MEA,RAIL,2035,247.92908
R12_MEA,RAIL,2040,255.86018
R12_MEA,RAIL,2045,330.78854
R12_MEA,RAIL,2050,324.74881
R12_MEA,RAIL,2055,319.11542
R12_MEA,RAIL,2060,309.42737
R12_MEA,RAIL,2070,351.89166
R12_MEA,RAIL,2080,378.13928
R12_MEA,RAIL,2090,555.37854
R12_MEA,RAIL,2100,2855.8401
R12_MEA,RAIL,2110,2855.8401
R12_NAM,2W,2020,199.5873
R12_NAM,2W,2025,299.31531
R12_NAM,2W,2030,308.02466
R12_NAM,2W,2035,255.72661
R12_NAM,2W,2040,271.09912
R12_NAM,2W,2045,215.69623
R12_NAM,2W,2050,127.55863
R12_NAM,2W,2055,121.7812
R12_NAM,2W,2060,119.21991
R12_NAM,2W,2070,124.28654
R12_NAM,2W,2080,126.52883
R12_NAM,2W,2090,120.64321
R12_NAM,2W,2100,104.61009
R12_NAM,2W,2110,104.61009
R12_NAM,AIR,2020,2253.4631
R12_NAM,AIR,2025,5787.3462
R12_NAM,AIR,2030,6539.6577
R12_NAM,AIR,2035,7813.2065
R12_NAM,AIR,2040,8275.2129
R12_NAM,AIR,2045,8175.7676
R12_NAM,AIR,2050,7661.6528
R12_NAM,AIR,2055,7387.4619
R12_NAM,AIR,2060,7147.4077
R12_NAM,AIR,2070,6979.168
R12_NAM,AIR,2080,6859.1836
R12_NAM,AIR,2090,6824.8389
R12_NAM,AIR,2100,6851.9995
R12_NAM,AIR,2110,6851.9995
R12_NAM,BUS,2020,964.16998
R12_NAM,BUS,2025,2744.3586
R12_NAM,BUS,2030,3066.2332
R12_NAM,BUS,2035,4848.6694
R12_NAM,BUS,2040,6068.9331
R12_NAM,BUS,2045,5587.5884
R12_NAM,BUS,2050,4412.8325
R12_NAM,BUS,2055,4198.2446
R12_NAM,BUS,2060,4624.3359
R12_NAM,BUS,2070,4601.4834
R12_NAM,BUS,2080,4584.1943
R12_NAM,BUS,2090,4541.7241
R12_NAM,BUS,2100,4448.1279
R12_NAM,BUS,2110,4448.1279
R12_NAM,LDV,2020,15224.443
R12_NAM,LDV,2025,25941.973
R12_NAM,LDV,2030,26983.424
R12_NAM,LDV,2035,24297.873
R12_NAM,LDV,2040,24398.029
R12_NAM,LDV,2045,23639.637
R12_NAM,LDV,2050,23084.066
R12_NAM,LDV,2055,22323.666
R12_NAM,LDV,2060,22020.697
R12_NAM,LDV,2070,21703.932
R12_NAM,LDV,2080,21703.623
R12_NAM,LDV,2090,21128.859
R12_NAM,LDV,2100,20100.332
R12_NAM,LDV,2110,20100.332
R12_NAM,RAIL,2020,23.401897
R12_NAM,RAIL,2025,36.87706
R12_NAM,RAIL,2030,80.548027
R12_NAM,RAIL,2035,320.44852
R12_NAM,RAIL,2040,390.70166
R12_NAM,RAIL,2045,358.07111
R12_NAM,RAIL,2050,331.4393
R12_NAM,RAIL,2055,335.30618
R12_NAM,RAIL,2060,371.94873
R12_NAM,RAIL,2070,361.591
R12_NAM,RAIL,2080,373.28265
R12_NAM,RAIL,2090,378.60046
R12_NAM,RAIL,2100,373.86462
R12_NAM,RAIL,2110,373.86462
R12_PAO,2W,2020,358.2124
R12_PAO,2W,2025,300.92953
R12_PAO,2W,2030,338.59055
R12_PAO,2W,2035,387.32254
R12_PAO,2W,2040,438.81183
R12_PAO,2W,2045,481.45731
R12_PAO,2W,2050,521.16425
R12_PAO,2W,2055,568.54974
R12_PAO,2W,2060,640.79944
R12_PAO,2W,2070,765.02722
R12_PAO,2W,2080,899.14154
R12_PAO,2W,2090,1010.342
R12_PAO,2W,2100,1102.6255
R12_PAO,2W,2110,1102.6255
R12_PAO,AIR,2020,1644.7484
R12_PAO,AIR,2025,3414.2605
R12_PAO,AIR,2030,3721.6594
R12_PAO,AIR,2035,4081.3286
R12_PAO,AIR,2040,4075.1816
R12_PAO,AIR,2045,3841.4436
R12_PAO,AIR,2050,3387.0178
R12_PAO,AIR,2055,2913.178
R12_PAO,AIR,2060,2703.637
R12_PAO,AIR,2070,2814.4905
R12_PAO,AIR,2080,2945.2568
R12_PAO,AIR,2090,3076.4768
R12_PAO,AIR,2100,3223.7612
R12_PAO,AIR,2110,3223.7612
R12_PAO,BUS,2020,1152.5118
R12_PAO,BUS,2025,1758.6818
R12_PAO,BUS,2030,1770.0123
R12_PAO,BUS,2035,1780.9635
R12_PAO,BUS,2040,1824.1133
R12_PAO,BUS,2045,1905.3064
R12_PAO,BUS,2050,1910.8951
R12_PAO,BUS,2055,1946.0033
R12_PAO,BUS,2060,2051.6262
R12_PAO,BUS,2070,2229.1904
R12_PAO,BUS,2080,2374.0203
R12_PAO,BUS,2090,2451.6575
R12_PAO,BUS,2100,2473.6577
R12_PAO,BUS,2110,2473.6577
R12_PAO,LDV,2020,6014.9756
R12_PAO,LDV,2025,9815.7559
R12_PAO,LDV,2030,9674.2246
R12_PAO,LDV,2035,9742.4648
R12_PAO,LDV,2040,10079.469
R12_PAO,LDV,2045,10708.137
R12_PAO,LDV,2050,11266.692
R12_PAO,LDV,2055,11996.745
R12_PAO,LDV,2060,13233.568
R12_PAO,LDV,2070,14788.185
R12_PAO,LDV,2080,16361.876
R12_PAO,LDV,2090,17882.732
R12_PAO,LDV,2100,19041.23
R12_PAO,LDV,2110,19041.23
R12_PAO,RAIL,2020,2054.4114
R12_PAO,RAIL,2025,3591.3494
R12_PAO,RAIL,2030,3732.4893
R12_PAO,RAIL,2035,3613.604
R12_PAO,RAIL,2040,3701.6238
R12_PAO,RAIL,2045,3855.0557
R12_PAO,RAIL,2050,4138.626
R12_PAO,RAIL,2055,4382.9316
R12_PAO,RAIL,2060,4688.2544
R12_PAO,RAIL,2070,4768.6309
R12_PAO,RAIL,2080,4897.8247
R12_PAO,RAIL,2090,5035.7437
R12_PAO,RAIL,2100,5214.6123
R12_PAO,RAIL,2110,5214.6123
R12_PAS,2W,2020,882.47314
R12_PAS,2W,2025,1107.4196
R12_PAS,2W,2030,1293.9006
R12_PAS,2W,2035,1366.1443
R12_PAS,2W,2040,1445.1594
R12_PAS,2W,2045,1521.2251
R12_PAS,2W,2050,1639.8629
R12_PAS,2W,2055,1763.4431
R12_PAS,2W,2060,1831.7209
R12_PAS,2W,2070,2020.3424
R12_PAS,2W,2080,2221.8943
R12_PAS,2W,2090,2400.1907
R12_PAS,2W,2100,2278.6082
R12_PAS,2W,2110,2278.6082
R12_PAS,AIR,2020,463.11868
R12_PAS,AIR,2025,1017.5375
R12_PAS,AIR,2030,1222.092
R12_PAS,AIR,2035,1486.6361
R12_PAS,AIR,2040,1645.7985
R12_PAS,AIR,2045,1704.7157
R12_PAS,AIR,2050,1664.9286
R12_PAS,AIR,2055,1538.0775
R12_PAS,AIR,2060,1513.2039
R12_PAS,AIR,2070,1538.903
R12_PAS,AIR,2080,1582.1245
R12_PAS,AIR,2090,1643.5649
R12_PAS,AIR,2100,1720.6605
R12_PAS,AIR,2110,1720.6605
R12_PAS,BUS,2020,818.91101
R12_PAS,BUS,2025,1262.5225
R12_PAS,BUS,2030,1532.8055
R12_PAS,BUS,2035,1803.8644
R12_PAS,BUS,2040,2093.9141
R12_PAS,BUS,2045,2404.782
R12_PAS,BUS,2050,2843.6367
R12_PAS,BUS,2055,3380.2744
R12_PAS,BUS,2060,3756.7322
R12_PAS,BUS,2070,4738.3979
R12_PAS,BUS,2080,5727.7227
R12_PAS,BUS,2090,6427.0503
R12_PAS,BUS,2100,6353.8003
R12_PAS,BUS,2110,6353.8003
R12_PAS,LDV,2020,2539.9299
R12_PAS,LDV,2025,3965.2324
R12_PAS,LDV,2030,4191.77
R12_PAS,LDV,2035,4348.8135
R12_PAS,LDV,2040,4584.0161
R12_PAS,LDV,2045,4642.4297
R12_PAS,LDV,2050,5019.4829
R12_PAS,LDV,2055,5326.4561
R12_PAS,LDV,2060,5596.8037
R12_PAS,LDV,2070,6608.0596
R12_PAS,LDV,2080,7945.6245
R12_PAS,LDV,2090,9528.7012
R12_PAS,LDV,2100,10496.653
R12_PAS,LDV,2110,10496.653
R12_PAS,RAIL,2020,173.10405
R12_PAS,RAIL,2025,220.89714
R12_PAS,RAIL,2030,339.08051
R12_PAS,RAIL,2035,377.95447
R12_PAS,RAIL,2040,429.85681
R12_PAS,RAIL,2045,450.94336
R12_PAS,RAIL,2050,448.44586
R12_PAS,RAIL,2055,469.09415
R12_PAS,RAIL,2060,453.90311
R12_PAS,RAIL,2070,452.13235
R12_PAS,RAIL,2080,458.43832
R12_PAS,RAIL,2090,486.75281
R12_PAS,RAIL,2100,511.66077
R12_PAS,RAIL,2110,511.66077
R12_RCPA,2W,2020,609.20905
R12_RCPA,2W,2025,850.04871
R12_RCPA,2W,2030,1232.7067
R12_RCPA,2W,2035,1517.7592
R12_RCPA,2W,2040,1825.6118
R12_RCPA,2W,2045,2303.0244
R12_RCPA,2W,2050,2784.3748
R12_RCPA,2W,2055,3105.5691
R12_RCPA,2W,2060,3583.1497
R12_RCPA,2W,2070,3776.0852
R12_RCPA,2W,2080,4248.3657
R12_RCPA,2W,2090,4898.4976
R12_RCPA,2W,2100,5688.541
R12_RCPA,2W,2110,5688.541
R12_RCPA,AIR,2020,182.45558
R12_RCPA,AIR,2025,370.94769
R12_RCPA,AIR,2030,439.19913
R12_RCPA,AIR,2035,573.2829
R12_RCPA,AIR,2040,701.27399
R12_RCPA,AIR,2045,799.96259
R12_RCPA,AIR,2050,867.12738
R12_RCPA,AIR,2055,913.14044
R12_RCPA,AIR,2060,954.46979
R12_RCPA,AIR,2070,977.42755
R12_RCPA,AIR,2080,1013.8195
R12_RCPA,AIR,2090,1058.4131
R12_RCPA,AIR,2100,1108.9186
R12_RCPA,AIR,2110,1108.9186
R12_RCPA,BUS,2020,687.81348
R12_RCPA,BUS,2025,1082.0875
R12_RCPA,BUS,2030,1720.406
R12_RCPA,BUS,2035,2503.5203
R12_RCPA,BUS,2040,3299.1184
R12_RCPA,BUS,2045,4721.7764
R12_RCPA,BUS,2050,5991.6377
R12_RCPA,BUS,2055,7411.8306
R12_RCPA,BUS,2060,9003.2021
R12_RCPA,BUS,2070,11418.241
R12_RCPA,BUS,2080,15829.658
R12_RCPA,BUS,2090,20584.475
R12_RCPA,BUS,2100,26554.748
R12_RCPA,BUS,2110,26554.748
R12_RCPA,LDV,2020,1199.4203
R12_RCPA,LDV,2025,2070.043
R12_RCPA,LDV,2030,2696.9675
R12_RCPA,LDV,2035,3196.1531
R12_RCPA,LDV,2040,3512.4263
R12_RCPA,LDV,2045,4148.8687
R12_RCPA,LDV,2050,5138.397
R12_RCPA,LDV,2055,5966.8306
R12_RCPA,LDV,2060,7173.2666
R12_RCPA,LDV,2070,8823.7295
R12_RCPA,LDV,2080,11751.905
R12_RCPA,LDV,2090,16094.601
R12_RCPA,LDV,2100,22597.004
R12_RCPA,LDV,2110,22597.004
R12_RCPA,RAIL,2020,1.6123626
R12_RCPA,RAIL,2025,3.2267601
R12_RCPA,RAIL,2030,6.1397872
R12_RCPA,RAIL,2035,7.922708
R12_RCPA,RAIL,2040,65.247696
R12_RCPA,RAIL,2045,77.128914
R12_RCPA,RAIL,2050,73.41143
R12_RCPA,RAIL,2055,80.117058
R12_RCPA,RAIL,2060,88.856522
R12_RCPA,RAIL,2070,90.064171
R12_RCPA,RAIL,2080,92.874435
R12_RCPA,RAIL,2090,96.067223
R12_RCPA,RAIL,2100,99.522751
R12_RCPA,RAIL,2110,99.522751
R12_SAS,2W,2020,823.50562
R12_SAS,2W,2025,1018.6381
R12_SAS,2W,2030,1123.0597
R12_SAS,2W,2035,1081.0767
R12_SAS,2W,2040,1043.014
R12_SAS,2W,2045,1009.3184
R12_SAS,2W,2050,996.2738
R12_SAS,2W,2055,916.65118
R12_SAS,2W,2060,846.29547
R12_SAS,2W,2070,802.51154
R12_SAS,2W,2080,768.96393
R12_SAS,2W,2090,733.58112
R12_SAS,2W,2100,720.58704
R12_SAS,2W,2110,720.58704
R12_SAS,AIR,2020,117.71256
R12_SAS,AIR,2025,238.50688
R12_SAS,AIR,2030,269.35471
R12_SAS,AIR,2035,333.72363
R12_SAS,AIR,2040,385.47491
R12_SAS,AIR,2045,402.95898
R12_SAS,AIR,2050,413.45148
R12_SAS,AIR,2055,422.30637
R12_SAS,AIR,2060,443.78836
R12_SAS,AIR,2070,441.9317
R12_SAS,AIR,2080,448.32742
R12_SAS,AIR,2090,460.8515
R12_SAS,AIR,2100,477.14905
R12_SAS,AIR,2110,477.14905
R12_SAS,BUS,2020,1362.9243
R12_SAS,BUS,2025,1859.1707
R12_SAS,BUS,2030,2511.7263
R12_SAS,BUS,2035,2660.3972
R12_SAS,BUS,2040,2717.7393
R12_SAS,BUS,2045,2934.4302
R12_SAS,BUS,2050,3064.978
R12_SAS,BUS,2055,3135.6604
R12_SAS,BUS,2060,3108.2014
R12_SAS,BUS,2070,3239.2876
R12_SAS,BUS,2080,3333.5571
R12_SAS,BUS,2090,3388.2961
R12_SAS,BUS,2100,3558.5017
R12_SAS,BUS,2110,3558.5017
R12_SAS,LDV,2020,1074.2175
R12_SAS,LDV,2025,1578.4407
R12_SAS,LDV,2030,1795.6735
R12_SAS,LDV,2035,1845.9994
R12_SAS,LDV,2040,2010.3325
R12_SAS,LDV,2045,2262.6763
R12_SAS,LDV,2050,2577.0212
R12_SAS,LDV,2055,2771.6516
R12_SAS,LDV,2060,2971.488
R12_SAS,LDV,2070,3068.3953
R12_SAS,LDV,2080,3251.6123
R12_SAS,LDV,2090,3497.7727
R12_SAS,LDV,2100,3863.3809
R12_SAS,LDV,2110,3863.3809
R12_SAS,RAIL,2020,259.24274
R12_SAS,RAIL,2025,369.46094
R12_SAS,RAIL,2030,438.63907
R12_SAS,RAIL,2035,454.32922
R12_SAS,RAIL,2040,521.69202
R12_SAS,RAIL,2045,590.7392
R12_SAS,RAIL,2050,626.84613
R12_SAS,RAIL,2055,663.65576
R12_SAS,RAIL,2060,679.53491
R12_SAS,RAIL,2070,625.52521
R12_SAS,RAIL,2080,594.02802
R12_SAS,RAIL,2090,573.36176
R12_SAS,RAIL,2100,564.71924
R12_SAS,RAIL,2110,564.71924
R12_WEU,2W,2020,197.10875
R12_WEU,2W,2025,222.18663
R12_WEU,2W,2030,243.15227
R12_WEU,2W,2035,227.38295
R12_WEU,2W,2040,245.18376
R12_WEU,2W,2045,237.27151
R12_WEU,2W,2050,259.84738
R12_WEU,2W,2055,264.45081
R12_WEU,2W,2060,299.25406
R12_WEU,2W,2070,348.4671
R12_WEU,2W,2080,400.22687
R12_WEU,2W,2090,468.89746
R12_WEU,2W,2100,527.63208
R12_WEU,2W,2110,527.63208
R12_WEU,AIR,2020,1325.3384
R12_WEU,AIR,2025,3888.1731
R12_WEU,AIR,2030,4390.1338
R12_WEU,AIR,2035,5157.585
R12_WEU,AIR,2040,5559.5317
R12_WEU,AIR,2045,5565.501
R12_WEU,AIR,2050,5528.7266
R12_WEU,AIR,2055,5248.2319
R12_WEU,AIR,2060,4701.6255
R12_WEU,AIR,2070,4726.8115
R12_WEU,AIR,2080,4760.1411
R12_WEU,AIR,2090,4816.7109
R12_WEU,AIR,2100,4905.6445
R12_WEU,AIR,2110,4905.6445
R12_WEU,BUS,2020,734.51117
R12_WEU,BUS,2025,1521.0941
R12_WEU,BUS,2030,1417.761
R12_WEU,BUS,2035,1508.0319
R12_WEU,BUS,2040,1588.5336
R12_WEU,BUS,2045,1760.8477
R12_WEU,BUS,2050,1902.2881
R12_WEU,BUS,2055,2129.4736
R12_WEU,BUS,2060,2393.3281
R12_WEU,BUS,2070,2678.3264
R12_WEU,BUS,2080,2977.9883
R12_WEU,BUS,2090,3273.8767
R12_WEU,BUS,2100,3496.5264
R12_WEU,BUS,2110,3496.5264
R12_WEU,LDV,2020,5022.1011
R12_WEU,LDV,2025,10208.597
R12_WEU,LDV,2030,9806.6729
R12_WEU,LDV,2035,9413.6855
R12_WEU,LDV,2040,9246.4873
R12_WEU,LDV,2045,9303.7822
R12_WEU,LDV,2050,9307.751
R12_WEU,LDV,2055,9392.4307
R12_WEU,LDV,2060,9551.9121
R12_WEU,LDV,2070,10547.07
R12_WEU,LDV,2080,11631.56
R12_WEU,LDV,2090,12750.903
R12_WEU,LDV,2100,13661.217
R12_WEU,LDV,2110,13661.217
R12_WEU,RAIL,2020,739.52637
R12_WEU,RAIL,2025,1959.3843
R12_WEU,RAIL,2030,1920.95
R12_WEU,RAIL,2035,1900.7621
R12_WEU,RAIL,2040,2285.4399
R12_WEU,RAIL,2045,2661.6924
R12_WEU,RAIL,2050,3169.5972
R12_WEU,RAIL,2055,3675.8572
R12_WEU,RAIL,2060,4263.3755
R12_WEU,RAIL,2070,4255.1675
R12_WEU,RAIL,2080,4269.0752
R12_WEU,RAIL,2090,4306.2817
R12_WEU,RAIL,2100,4369.0635
R12_WEU,RAIL,2110,4369.0635
