label,region,variable,unit,year,value,model,scenario,version
M,GLB region (R12),Emissions|N2O|AFOLU,kt N2O/yr,2010,6947.4254,SSP_SSP2_v6.6_rep_upd2,SSP2 - Medium Emissions,1
M,GLB region (R12),Emissions|N2O|AFOLU,kt N2O/yr,2015,7298.3776,SSP_SSP2_v6.6_rep_upd2,SSP2 - Medium Emissions,1
M,GLB region (R12),Emissions|N2O|AFOLU,kt N2O/yr,2020,7430.797,SSP_SSP2_v6.6_rep_upd2,SSP2 - Medium Emissions,1
M,GLB region (R12),Emissions|N2O|AFOLU,kt N2O/yr,2025,7792.1031,SSP_SSP2_v6.6_rep_upd2,SSP2 - Medium Emissions,1
M,GLB region (R12),Emissions|N2O|AFOLU,kt N2O/yr,2030,8141.952496947588,SSP_SSP2_v6.6_rep_upd2,SSP2 - Medium Emissions,1
M,GLB region (R12),Emissions|N2O|AFOLU,kt N2O/yr,2035,8397.863084356955,SSP_SSP2_v6.6_rep_upd2,SSP2 - Medium Emissions,1
M,GLB region (R12),Emissions|N2O|AFOLU,kt N2O/yr,2040,8653.35550059341,SSP_SSP2_v6.6_rep_upd2,SSP2 - Medium Emissions,1
M,GLB region (R12),Emissions|N2O|AFOLU,kt N2O/yr,2045,8834.719016667077,SSP_SSP2_v6.6_rep_upd2,SSP2 - Medium Emissions,1
M,GLB region (R12),Emissions|N2O|AFOLU,kt N2O/yr,2050,9016.554077185694,SSP_SSP2_v6.6_rep_upd2,SSP2 - Medium Emissions,1
M,GLB region (R12),Emissions|N2O|AFOLU,kt N2O/yr,2055,9127.144871652989,SSP_SSP2_v6.6_rep_upd2,SSP2 - Medium Emissions,1
M,GLB region (R12),Emissions|N2O|AFOLU,kt N2O/yr,2060,9235.49459855302,SSP_SSP2_v6.6_rep_upd2,SSP2 - Medium Emissions,1
M,GLB region (R12),Emissions|N2O|AFOLU,kt N2O/yr,2070,9403.687914888544,SSP_SSP2_v6.6_rep_upd2,SSP2 - Medium Emissions,1
M,GLB region (R12),Emissions|N2O|AFOLU,kt N2O/yr,2080,9512.247649552708,SSP_SSP2_v6.6_rep_upd2,SSP2 - Medium Emissions,1
M,GLB region (R12),Emissions|N2O|AFOLU,kt N2O/yr,2090,9492.476738083607,SSP_SSP2_v6.6_rep_upd2,SSP2 - Medium Emissions,1
M,GLB region (R12),Emissions|N2O|AFOLU,kt N2O/yr,2100,9383.333923411152,SSP_SSP2_v6.6_rep_upd2,SSP2 - Medium Emissions,1
M,GLB region (R12),Emissions|CO2,Mt CO2/yr,2010,43754.15364602941,SSP_SSP2_v6.6_rep_upd2,SSP2 - Medium Emissions,1
M,GLB region (R12),Emissions|CO2,Mt CO2/yr,2015,45282.96539186884,SSP_SSP2_v6.6_rep_upd2,SSP2 - Medium Emissions,1
M,GLB region (R12),Emissions|CO2,Mt CO2/yr,2020,42423.366354534206,SSP_SSP2_v6.6_rep_upd2,SSP2 - Medium Emissions,1
M,GLB region (R12),Emissions|CO2,Mt CO2/yr,2025,43354.00860395303,SSP_SSP2_v6.6_rep_upd2,SSP2 - Medium Emissions,1
M,GLB region (R12),Emissions|CO2,Mt CO2/yr,2030,40007.46738395,SSP_SSP2_v6.6_rep_upd2,SSP2 - Medium Emissions,1
M,GLB region (R12),Emissions|CO2,Mt CO2/yr,2035,40160.12629210291,SSP_SSP2_v6.6_rep_upd2,SSP2 - Medium Emissions,1
M,GLB region (R12),Emissions|CO2,Mt CO2/yr,2040,40162.37821302829,SSP_SSP2_v6.6_rep_upd2,SSP2 - Medium Emissions,1
M,GLB region (R12),Emissions|CO2,Mt CO2/yr,2045,39137.7486135552,SSP_SSP2_v6.6_rep_upd2,SSP2 - Medium Emissions,1
M,GLB region (R12),Emissions|CO2,Mt CO2/yr,2050,38459.01298198077,SSP_SSP2_v6.6_rep_upd2,SSP2 - Medium Emissions,1
M,GLB region (R12),Emissions|CO2,Mt CO2/yr,2055,37821.70554260075,SSP_SSP2_v6.6_rep_upd2,SSP2 - Medium Emissions,1
M,GLB region (R12),Emissions|CO2,Mt CO2/yr,2060,38628.025756161005,SSP_SSP2_v6.6_rep_upd2,SSP2 - Medium Emissions,1
M,GLB region (R12),Emissions|CO2,Mt CO2/yr,2070,37979.512621659735,SSP_SSP2_v6.6_rep_upd2,SSP2 - Medium Emissions,1
M,GLB region (R12),Emissions|CO2,Mt CO2/yr,2080,38140.163325432426,SSP_SSP2_v6.6_rep_upd2,SSP2 - Medium Emissions,1
M,GLB region (R12),Emissions|CO2,Mt CO2/yr,2090,39586.66620126785,SSP_SSP2_v6.6_rep_upd2,SSP2 - Medium Emissions,1
M,GLB region (R12),Emissions|CO2,Mt CO2/yr,2100,40771.62218726279,SSP_SSP2_v6.6_rep_upd2,SSP2 - Medium Emissions,1
M,GLB region (R12),Emissions|N2O,kt N2O/yr,2010,9185.47997233152,SSP_SSP2_v6.6_rep_upd2,SSP2 - Medium Emissions,1
M,GLB region (R12),Emissions|N2O,kt N2O/yr,2015,9746.810497320495,SSP_SSP2_v6.6_rep_upd2,SSP2 - Medium Emissions,1
M,GLB region (R12),Emissions|N2O,kt N2O/yr,2020,9523.81496411846,SSP_SSP2_v6.6_rep_upd2,SSP2 - Medium Emissions,1
M,GLB region (R12),Emissions|N2O,kt N2O/yr,2025,9960.680011469996,SSP_SSP2_v6.6_rep_upd2,SSP2 - Medium Emissions,1
M,GLB region (R12),Emissions|N2O,kt N2O/yr,2030,10139.2568629362,SSP_SSP2_v6.6_rep_upd2,SSP2 - Medium Emissions,1
M,GLB region (R12),Emissions|N2O,kt N2O/yr,2035,10505.107763266697,SSP_SSP2_v6.6_rep_upd2,SSP2 - Medium Emissions,1
M,GLB region (R12),Emissions|N2O,kt N2O/yr,2040,10768.067154423532,SSP_SSP2_v6.6_rep_upd2,SSP2 - Medium Emissions,1
M,GLB region (R12),Emissions|N2O,kt N2O/yr,2045,10956.746560488562,SSP_SSP2_v6.6_rep_upd2,SSP2 - Medium Emissions,1
M,GLB region (R12),Emissions|N2O,kt N2O/yr,2050,11149.130563141927,SSP_SSP2_v6.6_rep_upd2,SSP2 - Medium Emissions,1
M,GLB region (R12),Emissions|N2O,kt N2O/yr,2055,11237.55721454962,SSP_SSP2_v6.6_rep_upd2,SSP2 - Medium Emissions,1
M,GLB region (R12),Emissions|N2O,kt N2O/yr,2060,11351.471242214358,SSP_SSP2_v6.6_rep_upd2,SSP2 - Medium Emissions,1
M,GLB region (R12),Emissions|N2O,kt N2O/yr,2070,11486.54318411718,SSP_SSP2_v6.6_rep_upd2,SSP2 - Medium Emissions,1
M,GLB region (R12),Emissions|N2O,kt N2O/yr,2080,11581.007490645245,SSP_SSP2_v6.6_rep_upd2,SSP2 - Medium Emissions,1
M,GLB region (R12),Emissions|N2O,kt N2O/yr,2090,11557.836618370786,SSP_SSP2_v6.6_rep_upd2,SSP2 - Medium Emissions,1
M,GLB region (R12),Emissions|N2O,kt N2O/yr,2100,11466.909574763393,SSP_SSP2_v6.6_rep_upd2,SSP2 - Medium Emissions,1
M,GLB region (R12),Emissions|CO2|AFOLU,Mt CO2/yr,2010,6667.9656,SSP_SSP2_v6.6_rep_upd2,SSP2 - Medium Emissions,1
M,GLB region (R12),Emissions|CO2|AFOLU,Mt CO2/yr,2015,5817.6245,SSP_SSP2_v6.6_rep_upd2,SSP2 - Medium Emissions,1
M,GLB region (R12),Emissions|CO2|AFOLU,Mt CO2/yr,2020,4967.2837,SSP_SSP2_v6.6_rep_upd2,SSP2 - Medium Emissions,1
M,GLB region (R12),Emissions|CO2|AFOLU,Mt CO2/yr,2025,4620.800899999999,SSP_SSP2_v6.6_rep_upd2,SSP2 - Medium Emissions,1
M,GLB region (R12),Emissions|CO2|AFOLU,Mt CO2/yr,2030,4160.737882580444,SSP_SSP2_v6.6_rep_upd2,SSP2 - Medium Emissions,1
M,GLB region (R12),Emissions|CO2|AFOLU,Mt CO2/yr,2035,3661.608397951648,SSP_SSP2_v6.6_rep_upd2,SSP2 - Medium Emissions,1
M,GLB region (R12),Emissions|CO2|AFOLU,Mt CO2/yr,2040,3185.655838404089,SSP_SSP2_v6.6_rep_upd2,SSP2 - Medium Emissions,1
M,GLB region (R12),Emissions|CO2|AFOLU,Mt CO2/yr,2045,2760.6004028316715,SSP_SSP2_v6.6_rep_upd2,SSP2 - Medium Emissions,1
M,GLB region (R12),Emissions|CO2|AFOLU,Mt CO2/yr,2050,2350.291824385419,SSP_SSP2_v6.6_rep_upd2,SSP2 - Medium Emissions,1
M,GLB region (R12),Emissions|CO2|AFOLU,Mt CO2/yr,2055,1768.2695762624624,SSP_SSP2_v6.6_rep_upd2,SSP2 - Medium Emissions,1
M,GLB region (R12),Emissions|CO2|AFOLU,Mt CO2/yr,2060,1185.1839228589452,SSP_SSP2_v6.6_rep_upd2,SSP2 - Medium Emissions,1
M,GLB region (R12),Emissions|CO2|AFOLU,Mt CO2/yr,2070,-0.4726023736205889,SSP_SSP2_v6.6_rep_upd2,SSP2 - Medium Emissions,1
M,GLB region (R12),Emissions|CO2|AFOLU,Mt CO2/yr,2080,-553.5399896327558,SSP_SSP2_v6.6_rep_upd2,SSP2 - Medium Emissions,1
M,GLB region (R12),Emissions|CO2|AFOLU,Mt CO2/yr,2090,-1107.637070222003,SSP_SSP2_v6.6_rep_upd2,SSP2 - Medium Emissions,1
M,GLB region (R12),Emissions|CO2|AFOLU,Mt CO2/yr,2100,-1350.3843586285209,SSP_SSP2_v6.6_rep_upd2,SSP2 - Medium Emissions,1
M,GLB region (R12),Emissions|CH4,Mt CH4/yr,2010,316.11091841243353,SSP_SSP2_v6.6_rep_upd2,SSP2 - Medium Emissions,1
M,GLB region (R12),Emissions|CH4,Mt CH4/yr,2015,337.6024123381135,SSP_SSP2_v6.6_rep_upd2,SSP2 - Medium Emissions,1
M,GLB region (R12),Emissions|CH4,Mt CH4/yr,2020,349.6773045714698,SSP_SSP2_v6.6_rep_upd2,SSP2 - Medium Emissions,1
M,GLB region (R12),Emissions|CH4,Mt CH4/yr,2025,354.7161348771454,SSP_SSP2_v6.6_rep_upd2,SSP2 - Medium Emissions,1
M,GLB region (R12),Emissions|CH4,Mt CH4/yr,2030,344.83021982480864,SSP_SSP2_v6.6_rep_upd2,SSP2 - Medium Emissions,1
M,GLB region (R12),Emissions|CH4,Mt CH4/yr,2035,365.90891697942567,SSP_SSP2_v6.6_rep_upd2,SSP2 - Medium Emissions,1
M,GLB region (R12),Emissions|CH4,Mt CH4/yr,2040,378.3535843080921,SSP_SSP2_v6.6_rep_upd2,SSP2 - Medium Emissions,1
M,GLB region (R12),Emissions|CH4,Mt CH4/yr,2045,390.4353232215673,SSP_SSP2_v6.6_rep_upd2,SSP2 - Medium Emissions,1
M,GLB region (R12),Emissions|CH4,Mt CH4/yr,2050,398.26476253601766,SSP_SSP2_v6.6_rep_upd2,SSP2 - Medium Emissions,1
M,GLB region (R12),Emissions|CH4,Mt CH4/yr,2055,409.4517306426865,SSP_SSP2_v6.6_rep_upd2,SSP2 - Medium Emissions,1
M,GLB region (R12),Emissions|CH4,Mt CH4/yr,2060,420.9539695374371,SSP_SSP2_v6.6_rep_upd2,SSP2 - Medium Emissions,1
M,GLB region (R12),Emissions|CH4,Mt CH4/yr,2070,428.8168523023818,SSP_SSP2_v6.6_rep_upd2,SSP2 - Medium Emissions,1
M,GLB region (R12),Emissions|CH4,Mt CH4/yr,2080,436.54407975006654,SSP_SSP2_v6.6_rep_upd2,SSP2 - Medium Emissions,1
M,GLB region (R12),Emissions|CH4,Mt CH4/yr,2090,453.41073813655896,SSP_SSP2_v6.6_rep_upd2,SSP2 - Medium Emissions,1
M,GLB region (R12),Emissions|CH4,Mt CH4/yr,2100,494.0325892834811,SSP_SSP2_v6.6_rep_upd2,SSP2 - Medium Emissions,1
M,GLB region (R12),Emissions|CH4|AFOLU,Mt CH4/yr,2010,138.31273190000002,SSP_SSP2_v6.6_rep_upd2,SSP2 - Medium Emissions,1
M,GLB region (R12),Emissions|CH4|AFOLU,Mt CH4/yr,2015,148.52737820000002,SSP_SSP2_v6.6_rep_upd2,SSP2 - Medium Emissions,1
M,GLB region (R12),Emissions|CH4|AFOLU,Mt CH4/yr,2020,141.7812037,SSP_SSP2_v6.6_rep_upd2,SSP2 - Medium Emissions,1
M,GLB region (R12),Emissions|CH4|AFOLU,Mt CH4/yr,2025,146.9673205,SSP_SSP2_v6.6_rep_upd2,SSP2 - Medium Emissions,1
M,GLB region (R12),Emissions|CH4|AFOLU,Mt CH4/yr,2030,151.9055396015737,SSP_SSP2_v6.6_rep_upd2,SSP2 - Medium Emissions,1
M,GLB region (R12),Emissions|CH4|AFOLU,Mt CH4/yr,2035,155.5900168125916,SSP_SSP2_v6.6_rep_upd2,SSP2 - Medium Emissions,1
M,GLB region (R12),Emissions|CH4|AFOLU,Mt CH4/yr,2040,158.8517994817587,SSP_SSP2_v6.6_rep_upd2,SSP2 - Medium Emissions,1
M,GLB region (R12),Emissions|CH4|AFOLU,Mt CH4/yr,2045,160.92279321242057,SSP_SSP2_v6.6_rep_upd2,SSP2 - Medium Emissions,1
M,GLB region (R12),Emissions|CH4|AFOLU,Mt CH4/yr,2050,162.66997731716214,SSP_SSP2_v6.6_rep_upd2,SSP2 - Medium Emissions,1
M,GLB region (R12),Emissions|CH4|AFOLU,Mt CH4/yr,2055,162.8742681547623,SSP_SSP2_v6.6_rep_upd2,SSP2 - Medium Emissions,1
M,GLB region (R12),Emissions|CH4|AFOLU,Mt CH4/yr,2060,162.959229550744,SSP_SSP2_v6.6_rep_upd2,SSP2 - Medium Emissions,1
M,GLB region (R12),Emissions|CH4|AFOLU,Mt CH4/yr,2070,162.52269680959546,SSP_SSP2_v6.6_rep_upd2,SSP2 - Medium Emissions,1
M,GLB region (R12),Emissions|CH4|AFOLU,Mt CH4/yr,2080,163.55144808564987,SSP_SSP2_v6.6_rep_upd2,SSP2 - Medium Emissions,1
M,GLB region (R12),Emissions|CH4|AFOLU,Mt CH4/yr,2090,162.23511717478064,SSP_SSP2_v6.6_rep_upd2,SSP2 - Medium Emissions,1
M,GLB region (R12),Emissions|CH4|AFOLU,Mt CH4/yr,2100,159.6447269746811,SSP_SSP2_v6.6_rep_upd2,SSP2 - Medium Emissions,1
ML,GLB region (R12),Emissions|N2O|AFOLU,kt N2O/yr,2010,6953.8898,SSP_SSP2_v6.5_rep_upd2,SSP2 - Medium-Low Emissions,1
ML,GLB region (R12),Emissions|N2O|AFOLU,kt N2O/yr,2015,7294.3862,SSP_SSP2_v6.5_rep_upd2,SSP2 - Medium-Low Emissions,1
ML,GLB region (R12),Emissions|N2O|AFOLU,kt N2O/yr,2020,7416.3497,SSP_SSP2_v6.5_rep_upd2,SSP2 - Medium-Low Emissions,1
ML,GLB region (R12),Emissions|N2O|AFOLU,kt N2O/yr,2025,7768.738300000001,SSP_SSP2_v6.5_rep_upd2,SSP2 - Medium-Low Emissions,1
ML,GLB region (R12),Emissions|N2O|AFOLU,kt N2O/yr,2030,8087.338908994563,SSP_SSP2_v6.5_rep_upd2,SSP2 - Medium-Low Emissions,1
ML,GLB region (R12),Emissions|N2O|AFOLU,kt N2O/yr,2035,8272.256363334882,SSP_SSP2_v6.5_rep_upd2,SSP2 - Medium-Low Emissions,1
ML,GLB region (R12),Emissions|N2O|AFOLU,kt N2O/yr,2040,8450.782385288088,SSP_SSP2_v6.5_rep_upd2,SSP2 - Medium-Low Emissions,1
ML,GLB region (R12),Emissions|N2O|AFOLU,kt N2O/yr,2045,8525.026071336959,SSP_SSP2_v6.5_rep_upd2,SSP2 - Medium-Low Emissions,1
ML,GLB region (R12),Emissions|N2O|AFOLU,kt N2O/yr,2050,8585.840271756328,SSP_SSP2_v6.5_rep_upd2,SSP2 - Medium-Low Emissions,1
ML,GLB region (R12),Emissions|N2O|AFOLU,kt N2O/yr,2055,8570.762674818043,SSP_SSP2_v6.5_rep_upd2,SSP2 - Medium-Low Emissions,1
ML,GLB region (R12),Emissions|N2O|AFOLU,kt N2O/yr,2060,8478.865720343512,SSP_SSP2_v6.5_rep_upd2,SSP2 - Medium-Low Emissions,1
ML,GLB region (R12),Emissions|N2O|AFOLU,kt N2O/yr,2070,8253.40261228586,SSP_SSP2_v6.5_rep_upd2,SSP2 - Medium-Low Emissions,1
ML,GLB region (R12),Emissions|N2O|AFOLU,kt N2O/yr,2080,8054.510132944735,SSP_SSP2_v6.5_rep_upd2,SSP2 - Medium-Low Emissions,1
ML,GLB region (R12),Emissions|N2O|AFOLU,kt N2O/yr,2090,7788.179229839968,SSP_SSP2_v6.5_rep_upd2,SSP2 - Medium-Low Emissions,1
ML,GLB region (R12),Emissions|N2O|AFOLU,kt N2O/yr,2100,7613.94639321818,SSP_SSP2_v6.5_rep_upd2,SSP2 - Medium-Low Emissions,1
ML,GLB region (R12),Emissions|CO2,Mt CO2/yr,2010,43777.001946029406,SSP_SSP2_v6.5_rep_upd2,SSP2 - Medium-Low Emissions,1
ML,GLB region (R12),Emissions|CO2,Mt CO2/yr,2015,45304.98679186885,SSP_SSP2_v6.5_rep_upd2,SSP2 - Medium-Low Emissions,1
ML,GLB region (R12),Emissions|CO2,Mt CO2/yr,2020,42395.30118964371,SSP_SSP2_v6.5_rep_upd2,SSP2 - Medium-Low Emissions,1
ML,GLB region (R12),Emissions|CO2,Mt CO2/yr,2025,43346.93117189216,SSP_SSP2_v6.5_rep_upd2,SSP2 - Medium-Low Emissions,1
ML,GLB region (R12),Emissions|CO2,Mt CO2/yr,2030,40065.03059402143,SSP_SSP2_v6.5_rep_upd2,SSP2 - Medium-Low Emissions,1
ML,GLB region (R12),Emissions|CO2,Mt CO2/yr,2035,39436.04763443716,SSP_SSP2_v6.5_rep_upd2,SSP2 - Medium-Low Emissions,1
ML,GLB region (R12),Emissions|CO2,Mt CO2/yr,2040,39127.53715807088,SSP_SSP2_v6.5_rep_upd2,SSP2 - Medium-Low Emissions,1
ML,GLB region (R12),Emissions|CO2,Mt CO2/yr,2045,36249.11680284651,SSP_SSP2_v6.5_rep_upd2,SSP2 - Medium-Low Emissions,1
ML,GLB region (R12),Emissions|CO2,Mt CO2/yr,2050,33886.99900065145,SSP_SSP2_v6.5_rep_upd2,SSP2 - Medium-Low Emissions,1
ML,GLB region (R12),Emissions|CO2,Mt CO2/yr,2055,31132.79483976974,SSP_SSP2_v6.5_rep_upd2,SSP2 - Medium-Low Emissions,1
ML,GLB region (R12),Emissions|CO2,Mt CO2/yr,2060,29016.38459554188,SSP_SSP2_v6.5_rep_upd2,SSP2 - Medium-Low Emissions,1
ML,GLB region (R12),Emissions|CO2,Mt CO2/yr,2070,23248.387731320072,SSP_SSP2_v6.5_rep_upd2,SSP2 - Medium-Low Emissions,1
ML,GLB region (R12),Emissions|CO2,Mt CO2/yr,2080,17045.998664673178,SSP_SSP2_v6.5_rep_upd2,SSP2 - Medium-Low Emissions,1
ML,GLB region (R12),Emissions|CO2,Mt CO2/yr,2090,7302.4723818845105,SSP_SSP2_v6.5_rep_upd2,SSP2 - Medium-Low Emissions,1
ML,GLB region (R12),Emissions|CO2,Mt CO2/yr,2100,-1380.8487328374715,SSP_SSP2_v6.5_rep_upd2,SSP2 - Medium-Low Emissions,1
ML,GLB region (R12),Emissions|N2O,kt N2O/yr,2010,9191.94437233152,SSP_SSP2_v6.5_rep_upd2,SSP2 - Medium-Low Emissions,1
ML,GLB region (R12),Emissions|N2O,kt N2O/yr,2015,9742.819097320496,SSP_SSP2_v6.5_rep_upd2,SSP2 - Medium-Low Emissions,1
ML,GLB region (R12),Emissions|N2O,kt N2O/yr,2020,9510.617888409157,SSP_SSP2_v6.5_rep_upd2,SSP2 - Medium-Low Emissions,1
ML,GLB region (R12),Emissions|N2O,kt N2O/yr,2025,9939.271400999534,SSP_SSP2_v6.5_rep_upd2,SSP2 - Medium-Low Emissions,1
ML,GLB region (R12),Emissions|N2O,kt N2O/yr,2030,10093.2948338715,SSP_SSP2_v6.5_rep_upd2,SSP2 - Medium-Low Emissions,1
ML,GLB region (R12),Emissions|N2O,kt N2O/yr,2035,10350.51881757647,SSP_SSP2_v6.5_rep_upd2,SSP2 - Medium-Low Emissions,1
ML,GLB region (R12),Emissions|N2O,kt N2O/yr,2040,10516.368707778924,SSP_SSP2_v6.5_rep_upd2,SSP2 - Medium-Low Emissions,1
ML,GLB region (R12),Emissions|N2O,kt N2O/yr,2045,10435.648441661153,SSP_SSP2_v6.5_rep_upd2,SSP2 - Medium-Low Emissions,1
ML,GLB region (R12),Emissions|N2O,kt N2O/yr,2050,10423.32896339917,SSP_SSP2_v6.5_rep_upd2,SSP2 - Medium-Low Emissions,1
ML,GLB region (R12),Emissions|N2O,kt N2O/yr,2055,10353.747629961972,SSP_SSP2_v6.5_rep_upd2,SSP2 - Medium-Low Emissions,1
ML,GLB region (R12),Emissions|N2O,kt N2O/yr,2060,10207.990300778534,SSP_SSP2_v6.5_rep_upd2,SSP2 - Medium-Low Emissions,1
ML,GLB region (R12),Emissions|N2O,kt N2O/yr,2070,9881.414968289944,SSP_SSP2_v6.5_rep_upd2,SSP2 - Medium-Low Emissions,1
ML,GLB region (R12),Emissions|N2O,kt N2O/yr,2080,9653.89245828857,SSP_SSP2_v6.5_rep_upd2,SSP2 - Medium-Low Emissions,1
ML,GLB region (R12),Emissions|N2O,kt N2O/yr,2090,9378.831142377288,SSP_SSP2_v6.5_rep_upd2,SSP2 - Medium-Low Emissions,1
ML,GLB region (R12),Emissions|N2O,kt N2O/yr,2100,9248.874662938884,SSP_SSP2_v6.5_rep_upd2,SSP2 - Medium-Low Emissions,1
ML,GLB region (R12),Emissions|CO2|AFOLU,Mt CO2/yr,2010,6690.8139,SSP_SSP2_v6.5_rep_upd2,SSP2 - Medium-Low Emissions,1
ML,GLB region (R12),Emissions|CO2|AFOLU,Mt CO2/yr,2015,5839.6459,SSP_SSP2_v6.5_rep_upd2,SSP2 - Medium-Low Emissions,1
ML,GLB region (R12),Emissions|CO2|AFOLU,Mt CO2/yr,2020,4988.478099999999,SSP_SSP2_v6.5_rep_upd2,SSP2 - Medium-Low Emissions,1
ML,GLB region (R12),Emissions|CO2|AFOLU,Mt CO2/yr,2025,4657.4799,SSP_SSP2_v6.5_rep_upd2,SSP2 - Medium-Low Emissions,1
ML,GLB region (R12),Emissions|CO2|AFOLU,Mt CO2/yr,2030,4208.868874713781,SSP_SSP2_v6.5_rep_upd2,SSP2 - Medium-Low Emissions,1
ML,GLB region (R12),Emissions|CO2|AFOLU,Mt CO2/yr,2035,3629.398956354773,SSP_SSP2_v6.5_rep_upd2,SSP2 - Medium-Low Emissions,1
ML,GLB region (R12),Emissions|CO2|AFOLU,Mt CO2/yr,2040,3044.3214766239366,SSP_SSP2_v6.5_rep_upd2,SSP2 - Medium-Low Emissions,1
ML,GLB region (R12),Emissions|CO2|AFOLU,Mt CO2/yr,2045,2216.5072724206752,SSP_SSP2_v6.5_rep_upd2,SSP2 - Medium-Low Emissions,1
ML,GLB region (R12),Emissions|CO2|AFOLU,Mt CO2/yr,2050,1377.7827959710223,SSP_SSP2_v6.5_rep_upd2,SSP2 - Medium-Low Emissions,1
ML,GLB region (R12),Emissions|CO2|AFOLU,Mt CO2/yr,2055,358.2578980241889,SSP_SSP2_v6.5_rep_upd2,SSP2 - Medium-Low Emissions,1
ML,GLB region (R12),Emissions|CO2|AFOLU,Mt CO2/yr,2060,-895.0530881258728,SSP_SSP2_v6.5_rep_upd2,SSP2 - Medium-Low Emissions,1
ML,GLB region (R12),Emissions|CO2|AFOLU,Mt CO2/yr,2070,-2863.9301565898377,SSP_SSP2_v6.5_rep_upd2,SSP2 - Medium-Low Emissions,1
ML,GLB region (R12),Emissions|CO2|AFOLU,Mt CO2/yr,2080,-4125.646394377202,SSP_SSP2_v6.5_rep_upd2,SSP2 - Medium-Low Emissions,1
ML,GLB region (R12),Emissions|CO2|AFOLU,Mt CO2/yr,2090,-4997.001655504628,SSP_SSP2_v6.5_rep_upd2,SSP2 - Medium-Low Emissions,1
ML,GLB region (R12),Emissions|CO2|AFOLU,Mt CO2/yr,2100,-4940.927301786213,SSP_SSP2_v6.5_rep_upd2,SSP2 - Medium-Low Emissions,1
ML,GLB region (R12),Emissions|CH4,Mt CH4/yr,2010,315.9876184124336,SSP_SSP2_v6.5_rep_upd2,SSP2 - Medium-Low Emissions,1
ML,GLB region (R12),Emissions|CH4,Mt CH4/yr,2015,337.3608123381134,SSP_SSP2_v6.5_rep_upd2,SSP2 - Medium-Low Emissions,1
ML,GLB region (R12),Emissions|CH4,Mt CH4/yr,2020,350.298770266949,SSP_SSP2_v6.5_rep_upd2,SSP2 - Medium-Low Emissions,1
ML,GLB region (R12),Emissions|CH4,Mt CH4/yr,2025,354.5282563179012,SSP_SSP2_v6.5_rep_upd2,SSP2 - Medium-Low Emissions,1
ML,GLB region (R12),Emissions|CH4,Mt CH4/yr,2030,346.1464113592425,SSP_SSP2_v6.5_rep_upd2,SSP2 - Medium-Low Emissions,1
ML,GLB region (R12),Emissions|CH4,Mt CH4/yr,2035,359.83372463502576,SSP_SSP2_v6.5_rep_upd2,SSP2 - Medium-Low Emissions,1
ML,GLB region (R12),Emissions|CH4,Mt CH4/yr,2040,370.8225829802509,SSP_SSP2_v6.5_rep_upd2,SSP2 - Medium-Low Emissions,1
ML,GLB region (R12),Emissions|CH4,Mt CH4/yr,2045,356.36246026901654,SSP_SSP2_v6.5_rep_upd2,SSP2 - Medium-Low Emissions,1
ML,GLB region (R12),Emissions|CH4,Mt CH4/yr,2050,341.75950020023123,SSP_SSP2_v6.5_rep_upd2,SSP2 - Medium-Low Emissions,1
ML,GLB region (R12),Emissions|CH4,Mt CH4/yr,2055,336.9604673450002,SSP_SSP2_v6.5_rep_upd2,SSP2 - Medium-Low Emissions,1
ML,GLB region (R12),Emissions|CH4,Mt CH4/yr,2060,331.1232918647825,SSP_SSP2_v6.5_rep_upd2,SSP2 - Medium-Low Emissions,1
ML,GLB region (R12),Emissions|CH4,Mt CH4/yr,2070,314.7192410188869,SSP_SSP2_v6.5_rep_upd2,SSP2 - Medium-Low Emissions,1
ML,GLB region (R12),Emissions|CH4,Mt CH4/yr,2080,274.12533106354266,SSP_SSP2_v6.5_rep_upd2,SSP2 - Medium-Low Emissions,1
ML,GLB region (R12),Emissions|CH4,Mt CH4/yr,2090,237.51741281421036,SSP_SSP2_v6.5_rep_upd2,SSP2 - Medium-Low Emissions,1
ML,GLB region (R12),Emissions|CH4,Mt CH4/yr,2100,213.7008844497146,SSP_SSP2_v6.5_rep_upd2,SSP2 - Medium-Low Emissions,1
ML,GLB region (R12),Emissions|CH4|AFOLU,Mt CH4/yr,2010,138.1894319,SSP_SSP2_v6.5_rep_upd2,SSP2 - Medium-Low Emissions,1
ML,GLB region (R12),Emissions|CH4|AFOLU,Mt CH4/yr,2015,148.2857782,SSP_SSP2_v6.5_rep_upd2,SSP2 - Medium-Low Emissions,1
ML,GLB region (R12),Emissions|CH4|AFOLU,Mt CH4/yr,2020,141.4215037,SSP_SSP2_v6.5_rep_upd2,SSP2 - Medium-Low Emissions,1
ML,GLB region (R12),Emissions|CH4|AFOLU,Mt CH4/yr,2025,146.4664559,SSP_SSP2_v6.5_rep_upd2,SSP2 - Medium-Low Emissions,1
ML,GLB region (R12),Emissions|CH4|AFOLU,Mt CH4/yr,2030,151.14659975528554,SSP_SSP2_v6.5_rep_upd2,SSP2 - Medium-Low Emissions,1
ML,GLB region (R12),Emissions|CH4|AFOLU,Mt CH4/yr,2035,153.9498467715202,SSP_SSP2_v6.5_rep_upd2,SSP2 - Medium-Low Emissions,1
ML,GLB region (R12),Emissions|CH4|AFOLU,Mt CH4/yr,2040,155.87325229978103,SSP_SSP2_v6.5_rep_upd2,SSP2 - Medium-Low Emissions,1
ML,GLB region (R12),Emissions|CH4|AFOLU,Mt CH4/yr,2045,156.0822992804193,SSP_SSP2_v6.5_rep_upd2,SSP2 - Medium-Low Emissions,1
ML,GLB region (R12),Emissions|CH4|AFOLU,Mt CH4/yr,2050,155.690613036487,SSP_SSP2_v6.5_rep_upd2,SSP2 - Medium-Low Emissions,1
ML,GLB region (R12),Emissions|CH4|AFOLU,Mt CH4/yr,2055,151.7415942823826,SSP_SSP2_v6.5_rep_upd2,SSP2 - Medium-Low Emissions,1
ML,GLB region (R12),Emissions|CH4|AFOLU,Mt CH4/yr,2060,144.6395362935263,SSP_SSP2_v6.5_rep_upd2,SSP2 - Medium-Low Emissions,1
ML,GLB region (R12),Emissions|CH4|AFOLU,Mt CH4/yr,2070,132.1364062651481,SSP_SSP2_v6.5_rep_upd2,SSP2 - Medium-Low Emissions,1
ML,GLB region (R12),Emissions|CH4|AFOLU,Mt CH4/yr,2080,121.31833960309444,SSP_SSP2_v6.5_rep_upd2,SSP2 - Medium-Low Emissions,1
ML,GLB region (R12),Emissions|CH4|AFOLU,Mt CH4/yr,2090,110.00899866373122,SSP_SSP2_v6.5_rep_upd2,SSP2 - Medium-Low Emissions,1
ML,GLB region (R12),Emissions|CH4|AFOLU,Mt CH4/yr,2100,101.26517077866326,SSP_SSP2_v6.5_rep_upd2,SSP2 - Medium-Low Emissions,1
L,GLB region (R12),Emissions|N2O|AFOLU,kt N2O/yr,2010,6953.8898,SSP_SSP2_v6.5_rep_upd2,SSP2 - Low Emissions,1
L,GLB region (R12),Emissions|N2O|AFOLU,kt N2O/yr,2015,7294.3862,SSP_SSP2_v6.5_rep_upd2,SSP2 - Low Emissions,1
L,GLB region (R12),Emissions|N2O|AFOLU,kt N2O/yr,2020,7416.3497,SSP_SSP2_v6.5_rep_upd2,SSP2 - Low Emissions,1
L,GLB region (R12),Emissions|N2O|AFOLU,kt N2O/yr,2025,7768.738300000001,SSP_SSP2_v6.5_rep_upd2,SSP2 - Low Emissions,1
L,GLB region (R12),Emissions|N2O|AFOLU,kt N2O/yr,2030,7892.1140831775665,SSP_SSP2_v6.5_rep_upd2,SSP2 - Low Emissions,1
L,GLB region (R12),Emissions|N2O|AFOLU,kt N2O/yr,2035,7953.4002668381245,SSP_SSP2_v6.5_rep_upd2,SSP2 - Low Emissions,1
L,GLB region (R12),Emissions|N2O|AFOLU,kt N2O/yr,2040,7960.271317089043,SSP_SSP2_v6.5_rep_upd2,SSP2 - Low Emissions,1
L,GLB region (R12),Emissions|N2O|AFOLU,kt N2O/yr,2045,7910.749003887226,SSP_SSP2_v6.5_rep_upd2,SSP2 - Low Emissions,1
L,GLB region (R12),Emissions|N2O|AFOLU,kt N2O/yr,2050,7834.540799541718,SSP_SSP2_v6.5_rep_upd2,SSP2 - Low Emissions,1
L,GLB region (R12),Emissions|N2O|AFOLU,kt N2O/yr,2055,7753.217907955134,SSP_SSP2_v6.5_rep_upd2,SSP2 - Low Emissions,1
L,GLB region (R12),Emissions|N2O|AFOLU,kt N2O/yr,2060,7672.743079905182,SSP_SSP2_v6.5_rep_upd2,SSP2 - Low Emissions,1
L,GLB region (R12),Emissions|N2O|AFOLU,kt N2O/yr,2070,7510.778999629795,SSP_SSP2_v6.5_rep_upd2,SSP2 - Low Emissions,1
L,GLB region (R12),Emissions|N2O|AFOLU,kt N2O/yr,2080,7455.519711700104,SSP_SSP2_v6.5_rep_upd2,SSP2 - Low Emissions,1
L,GLB region (R12),Emissions|N2O|AFOLU,kt N2O/yr,2090,7344.05753447212,SSP_SSP2_v6.5_rep_upd2,SSP2 - Low Emissions,1
L,GLB region (R12),Emissions|N2O|AFOLU,kt N2O/yr,2100,7183.963030055844,SSP_SSP2_v6.5_rep_upd2,SSP2 - Low Emissions,1
L,GLB region (R12),Emissions|CO2,Mt CO2/yr,2010,43777.001946029406,SSP_SSP2_v6.5_rep_upd2,SSP2 - Low Emissions,1
L,GLB region (R12),Emissions|CO2,Mt CO2/yr,2015,45304.98679186885,SSP_SSP2_v6.5_rep_upd2,SSP2 - Low Emissions,1
L,GLB region (R12),Emissions|CO2,Mt CO2/yr,2020,42395.30118964371,SSP_SSP2_v6.5_rep_upd2,SSP2 - Low Emissions,1
L,GLB region (R12),Emissions|CO2,Mt CO2/yr,2025,43346.93117189216,SSP_SSP2_v6.5_rep_upd2,SSP2 - Low Emissions,1
L,GLB region (R12),Emissions|CO2,Mt CO2/yr,2030,37323.06483714282,SSP_SSP2_v6.5_rep_upd2,SSP2 - Low Emissions,1
L,GLB region (R12),Emissions|CO2,Mt CO2/yr,2035,32313.462303978868,SSP_SSP2_v6.5_rep_upd2,SSP2 - Low Emissions,1
L,GLB region (R12),Emissions|CO2,Mt CO2/yr,2040,27010.45729040716,SSP_SSP2_v6.5_rep_upd2,SSP2 - Low Emissions,1
L,GLB region (R12),Emissions|CO2,Mt CO2/yr,2045,21780.617919197924,SSP_SSP2_v6.5_rep_upd2,SSP2 - Low Emissions,1
L,GLB region (R12),Emissions|CO2,Mt CO2/yr,2050,16490.00209613018,SSP_SSP2_v6.5_rep_upd2,SSP2 - Low Emissions,1
L,GLB region (R12),Emissions|CO2,Mt CO2/yr,2055,11328.16195500303,SSP_SSP2_v6.5_rep_upd2,SSP2 - Low Emissions,1
L,GLB region (R12),Emissions|CO2,Mt CO2/yr,2060,7138.615053532853,SSP_SSP2_v6.5_rep_upd2,SSP2 - Low Emissions,1
L,GLB region (R12),Emissions|CO2,Mt CO2/yr,2070,-332.2602302254659,SSP_SSP2_v6.5_rep_upd2,SSP2 - Low Emissions,1
L,GLB region (R12),Emissions|CO2,Mt CO2/yr,2080,-4301.520886291404,SSP_SSP2_v6.5_rep_upd2,SSP2 - Low Emissions,1
L,GLB region (R12),Emissions|CO2,Mt CO2/yr,2090,-6090.444056575754,SSP_SSP2_v6.5_rep_upd2,SSP2 - Low Emissions,1
L,GLB region (R12),Emissions|CO2,Mt CO2/yr,2100,-8195.321312763912,SSP_SSP2_v6.5_rep_upd2,SSP2 - Low Emissions,1
L,GLB region (R12),Emissions|N2O,kt N2O/yr,2010,9191.94437233152,SSP_SSP2_v6.5_rep_upd2,SSP2 - Low Emissions,1
L,GLB region (R12),Emissions|N2O,kt N2O/yr,2015,9742.819097320496,SSP_SSP2_v6.5_rep_upd2,SSP2 - Low Emissions,1
L,GLB region (R12),Emissions|N2O,kt N2O/yr,2020,9510.617888409157,SSP_SSP2_v6.5_rep_upd2,SSP2 - Low Emissions,1
L,GLB region (R12),Emissions|N2O,kt N2O/yr,2025,9939.271400999534,SSP_SSP2_v6.5_rep_upd2,SSP2 - Low Emissions,1
L,GLB region (R12),Emissions|N2O,kt N2O/yr,2030,9881.246477240402,SSP_SSP2_v6.5_rep_upd2,SSP2 - Low Emissions,1
L,GLB region (R12),Emissions|N2O,kt N2O/yr,2035,9845.200224712771,SSP_SSP2_v6.5_rep_upd2,SSP2 - Low Emissions,1
L,GLB region (R12),Emissions|N2O,kt N2O/yr,2040,9697.114912845102,SSP_SSP2_v6.5_rep_upd2,SSP2 - Low Emissions,1
L,GLB region (R12),Emissions|N2O,kt N2O/yr,2045,9574.558015477513,SSP_SSP2_v6.5_rep_upd2,SSP2 - Low Emissions,1
L,GLB region (R12),Emissions|N2O,kt N2O/yr,2050,9450.04490357179,SSP_SSP2_v6.5_rep_upd2,SSP2 - Low Emissions,1
L,GLB region (R12),Emissions|N2O,kt N2O/yr,2055,9315.839042594567,SSP_SSP2_v6.5_rep_upd2,SSP2 - Low Emissions,1
L,GLB region (R12),Emissions|N2O,kt N2O/yr,2060,9217.436002261766,SSP_SSP2_v6.5_rep_upd2,SSP2 - Low Emissions,1
L,GLB region (R12),Emissions|N2O,kt N2O/yr,2070,9067.098903936214,SSP_SSP2_v6.5_rep_upd2,SSP2 - Low Emissions,1
L,GLB region (R12),Emissions|N2O,kt N2O/yr,2080,9062.19069010514,SSP_SSP2_v6.5_rep_upd2,SSP2 - Low Emissions,1
L,GLB region (R12),Emissions|N2O,kt N2O/yr,2090,8969.840609794894,SSP_SSP2_v6.5_rep_upd2,SSP2 - Low Emissions,1
L,GLB region (R12),Emissions|N2O,kt N2O/yr,2100,8829.922327745917,SSP_SSP2_v6.5_rep_upd2,SSP2 - Low Emissions,1
L,GLB region (R12),Emissions|CO2|AFOLU,Mt CO2/yr,2010,6690.8139,SSP_SSP2_v6.5_rep_upd2,SSP2 - Low Emissions,1
L,GLB region (R12),Emissions|CO2|AFOLU,Mt CO2/yr,2015,5839.6459,SSP_SSP2_v6.5_rep_upd2,SSP2 - Low Emissions,1
L,GLB region (R12),Emissions|CO2|AFOLU,Mt CO2/yr,2020,4988.478099999999,SSP_SSP2_v6.5_rep_upd2,SSP2 - Low Emissions,1
L,GLB region (R12),Emissions|CO2|AFOLU,Mt CO2/yr,2025,4657.4799,SSP_SSP2_v6.5_rep_upd2,SSP2 - Low Emissions,1
L,GLB region (R12),Emissions|CO2|AFOLU,Mt CO2/yr,2030,2429.27092301268,SSP_SSP2_v6.5_rep_upd2,SSP2 - Low Emissions,1
L,GLB region (R12),Emissions|CO2|AFOLU,Mt CO2/yr,2035,1355.5430566120835,SSP_SSP2_v6.5_rep_upd2,SSP2 - Low Emissions,1
L,GLB region (R12),Emissions|CO2|AFOLU,Mt CO2/yr,2040,15.567122238670985,SSP_SSP2_v6.5_rep_upd2,SSP2 - Low Emissions,1
L,GLB region (R12),Emissions|CO2|AFOLU,Mt CO2/yr,2045,-1127.015578673953,SSP_SSP2_v6.5_rep_upd2,SSP2 - Low Emissions,1
L,GLB region (R12),Emissions|CO2|AFOLU,Mt CO2/yr,2050,-2224.4417192129044,SSP_SSP2_v6.5_rep_upd2,SSP2 - Low Emissions,1
L,GLB region (R12),Emissions|CO2|AFOLU,Mt CO2/yr,2055,-2922.7543048202224,SSP_SSP2_v6.5_rep_upd2,SSP2 - Low Emissions,1
L,GLB region (R12),Emissions|CO2|AFOLU,Mt CO2/yr,2060,-3593.1668783367563,SSP_SSP2_v6.5_rep_upd2,SSP2 - Low Emissions,1
L,GLB region (R12),Emissions|CO2|AFOLU,Mt CO2/yr,2070,-4436.695352709823,SSP_SSP2_v6.5_rep_upd2,SSP2 - Low Emissions,1
L,GLB region (R12),Emissions|CO2|AFOLU,Mt CO2/yr,2080,-4781.55459219737,SSP_SSP2_v6.5_rep_upd2,SSP2 - Low Emissions,1
L,GLB region (R12),Emissions|CO2|AFOLU,Mt CO2/yr,2090,-5033.760893098339,SSP_SSP2_v6.5_rep_upd2,SSP2 - Low Emissions,1
L,GLB region (R12),Emissions|CO2|AFOLU,Mt CO2/yr,2100,-4985.345225337604,SSP_SSP2_v6.5_rep_upd2,SSP2 - Low Emissions,1
L,GLB region (R12),Emissions|CH4,Mt CH4/yr,2010,315.9876184124336,SSP_SSP2_v6.5_rep_upd2,SSP2 - Low Emissions,1
L,GLB region (R12),Emissions|CH4,Mt CH4/yr,2015,337.3608123381134,SSP_SSP2_v6.5_rep_upd2,SSP2 - Low Emissions,1
L,GLB region (R12),Emissions|CH4,Mt CH4/yr,2020,350.298770266949,SSP_SSP2_v6.5_rep_upd2,SSP2 - Low Emissions,1
L,GLB region (R12),Emissions|CH4,Mt CH4/yr,2025,354.5282563179012,SSP_SSP2_v6.5_rep_upd2,SSP2 - Low Emissions,1
L,GLB region (R12),Emissions|CH4,Mt CH4/yr,2030,315.15658509698324,SSP_SSP2_v6.5_rep_upd2,SSP2 - Low Emissions,1
L,GLB region (R12),Emissions|CH4,Mt CH4/yr,2035,301.51592789555343,SSP_SSP2_v6.5_rep_upd2,SSP2 - Low Emissions,1
L,GLB region (R12),Emissions|CH4,Mt CH4/yr,2040,294.08637575308086,SSP_SSP2_v6.5_rep_upd2,SSP2 - Low Emissions,1
L,GLB region (R12),Emissions|CH4,Mt CH4/yr,2045,280.4293940803309,SSP_SSP2_v6.5_rep_upd2,SSP2 - Low Emissions,1
L,GLB region (R12),Emissions|CH4,Mt CH4/yr,2050,269.59225020433144,SSP_SSP2_v6.5_rep_upd2,SSP2 - Low Emissions,1
L,GLB region (R12),Emissions|CH4,Mt CH4/yr,2055,252.40330153330163,SSP_SSP2_v6.5_rep_upd2,SSP2 - Low Emissions,1
L,GLB region (R12),Emissions|CH4,Mt CH4/yr,2060,232.14071296784311,SSP_SSP2_v6.5_rep_upd2,SSP2 - Low Emissions,1
L,GLB region (R12),Emissions|CH4,Mt CH4/yr,2070,199.78070973362048,SSP_SSP2_v6.5_rep_upd2,SSP2 - Low Emissions,1
L,GLB region (R12),Emissions|CH4,Mt CH4/yr,2080,185.35667111882407,SSP_SSP2_v6.5_rep_upd2,SSP2 - Low Emissions,1
L,GLB region (R12),Emissions|CH4,Mt CH4/yr,2090,173.53299525758058,SSP_SSP2_v6.5_rep_upd2,SSP2 - Low Emissions,1
L,GLB region (R12),Emissions|CH4,Mt CH4/yr,2100,167.30177390466514,SSP_SSP2_v6.5_rep_upd2,SSP2 - Low Emissions,1
L,GLB region (R12),Emissions|CH4|AFOLU,Mt CH4/yr,2010,138.1894319,SSP_SSP2_v6.5_rep_upd2,SSP2 - Low Emissions,1
L,GLB region (R12),Emissions|CH4|AFOLU,Mt CH4/yr,2015,148.2857782,SSP_SSP2_v6.5_rep_upd2,SSP2 - Low Emissions,1
L,GLB region (R12),Emissions|CH4|AFOLU,Mt CH4/yr,2020,141.4215037,SSP_SSP2_v6.5_rep_upd2,SSP2 - Low Emissions,1
L,GLB region (R12),Emissions|CH4|AFOLU,Mt CH4/yr,2025,146.4664559,SSP_SSP2_v6.5_rep_upd2,SSP2 - Low Emissions,1
L,GLB region (R12),Emissions|CH4|AFOLU,Mt CH4/yr,2030,142.28987860062335,SSP_SSP2_v6.5_rep_upd2,SSP2 - Low Emissions,1
L,GLB region (R12),Emissions|CH4|AFOLU,Mt CH4/yr,2035,141.686878786936,SSP_SSP2_v6.5_rep_upd2,SSP2 - Low Emissions,1
L,GLB region (R12),Emissions|CH4|AFOLU,Mt CH4/yr,2040,138.2981500089507,SSP_SSP2_v6.5_rep_upd2,SSP2 - Low Emissions,1
L,GLB region (R12),Emissions|CH4|AFOLU,Mt CH4/yr,2045,132.19004408857157,SSP_SSP2_v6.5_rep_upd2,SSP2 - Low Emissions,1
L,GLB region (R12),Emissions|CH4|AFOLU,Mt CH4/yr,2050,125.1526672771514,SSP_SSP2_v6.5_rep_upd2,SSP2 - Low Emissions,1
L,GLB region (R12),Emissions|CH4|AFOLU,Mt CH4/yr,2055,119.57982861633651,SSP_SSP2_v6.5_rep_upd2,SSP2 - Low Emissions,1
L,GLB region (R12),Emissions|CH4|AFOLU,Mt CH4/yr,2060,114.68867846438172,SSP_SSP2_v6.5_rep_upd2,SSP2 - Low Emissions,1
L,GLB region (R12),Emissions|CH4|AFOLU,Mt CH4/yr,2070,105.69488623330466,SSP_SSP2_v6.5_rep_upd2,SSP2 - Low Emissions,1
L,GLB region (R12),Emissions|CH4|AFOLU,Mt CH4/yr,2080,98.9779065506812,SSP_SSP2_v6.5_rep_upd2,SSP2 - Low Emissions,1
L,GLB region (R12),Emissions|CH4|AFOLU,Mt CH4/yr,2090,92.65398807414456,SSP_SSP2_v6.5_rep_upd2,SSP2 - Low Emissions,1
L,GLB region (R12),Emissions|CH4|AFOLU,Mt CH4/yr,2100,86.21221578075343,SSP_SSP2_v6.5_rep_upd2,SSP2 - Low Emissions,1
