LookUpVer,FdbkInputVer,Region,RegionMESSAGE,Variable,Unit,SSPscen,BIOscen,GHGscen,SDGscen,2000,2010,2020,2030,2040,2050,2060,2070,2080,2090,2100
GLOBIOM_LookupV5,MESSAGE_v6.5_2026July,World,World,Emissions|CH4|AFOLU,Mt CH4/yr,SSP2,SCEN,SSP2_M,SSP2_narrative,126.4815225,130.9746797,135.6244648,147.0475484,155.0159547,156.9827488,157.5795995,157.7917679,157.23363,155.8106582,153.6987197
GLOBIOM_LookupV5,MESSAGE_v6.5_2026July,World,World,Emissions|CH4|AFOLU,Mt CH4/yr,SSP2,SCEN,SSP2_ML,SSP2_narrative,126.4815225,130.9748199,135.6240142,147.0291233,153.1535232,153.406462,142.8921108,125.9699026,118.320723,108.4919771,101.869565
GLOBIOM_LookupV5,MESSAGE_v6.5_2026July,World,World,Emissions|CH4|AFOLU,Mt CH4/yr,SSP2,SCEN,SSP2_L,SSP2_narrative,126.4815225,130.9748199,135.6240142,138.5993862,131.4004254,114.0869268,104.5535033,98.58448379,93.08889052,87.42183864,82.16895123
GLOBIOM_LookupV5,MESSAGE_v6.5_2026July,World,World,Emissions|CO2|AFOLU,Mt CO2/yr,SSP2,SCEN,SSP2_M,SSP2_narrative,6409.055228,6667.930069,4968.237723,4239.678458,3036.257121,2270.197803,1203.675018,-80.53572707,-850.6811476,-1303.813319,-1339.928959
GLOBIOM_LookupV5,MESSAGE_v6.5_2026July,World,World,Emissions|CO2|AFOLU,Mt CO2/yr,SSP2,SCEN,SSP2_ML,SSP2_narrative,6409.055228,6668.016047,4968.179671,4148.811159,2776.467051,1106.373934,-1389.748465,-3596.776743,-4839.747339,-5591.823793,-5458.484806
GLOBIOM_LookupV5,MESSAGE_v6.5_2026July,World,World,Emissions|CO2|AFOLU,Mt CO2/yr,SSP2,SCEN,SSP2_L,SSP2_narrative,6409.055228,6668.016047,4968.179671,1550.998109,-1228.85284,-3587.690929,-4624.567151,-5055.923138,-5419.243635,-5479.168305,-5221.180774
GLOBIOM_LookupV5,MESSAGE_v6.5_2026July,World,World,Emissions|N2O|AFOLU,kt N2O/yr,SSP2,SCEN,SSP2_M,SSP2_narrative,6042.09536,6587.969807,7116.351511,7909.161923,8411.083268,8774.261995,8996.559238,9169.845144,9232.257939,9194.668597,9112.574769
GLOBIOM_LookupV5,MESSAGE_v6.5_2026July,World,World,Emissions|N2O|AFOLU,kt N2O/yr,SSP2,SCEN,SSP2_ML,SSP2_narrative,6042.09536,6587.977609,7116.360229,7909.096845,8303.905304,8528.951586,8485.871957,8316.894506,8156.406713,7899.86283,7674.336386
GLOBIOM_LookupV5,MESSAGE_v6.5_2026July,World,World,Emissions|N2O|AFOLU,kt N2O/yr,SSP2,SCEN,SSP2_L,SSP2_narrative,6042.09536,6587.977609,7116.360229,7750.084057,7811.297746,7638.747035,7471.550881,7381.763722,7313.878449,7193.73675,7034.751832
