label,node,land_scenario,year,lvl
M,R12_AFR,BIO00GHG000,2045,1.0
M,R12_AFR,BIO00GHG000,2070,1.0
M,R12_AFR,BIO00GHG000,2100,1.0
M,R12_EEU,BIO00GHG000,2045,0.3584859224085422
M,R12_EEU,BIO00GHG000,2070,0.0994402569870924
M,R12_EEU,BIO00GHG000,2100,0.0213437338458775
M,R12_EEU,BIO00GHG020,2100,0.401263060761621
M,R12_EEU,BIO00GHG050,2070,0.6415140775914577
M,R12_EEU,BIO00GHG050,2100,0.5217919639616656
M,R12_EEU,BIO00GHG100,2045,0.4012630607616212
M,R12_EEU,BIO00GHG100,2070,0.1924025384209348
M,R12_EEU,BIO00GHG100,2100,0.041297043026153
M,R12_EEU,BIO00GHG200,2045,0.1354457090786255
M,R12_EEU,BIO00GHG200,2070,0.037571227422504
M,R12_EEU,BIO00GHG200,2100,0.0080642418137852
M,R12_EEU,BIO03GHG020,2045,0.1048053077512111
M,R12_EEU,BIO03GHG020,2070,0.0290718995780109
M,R12_EEU,BIO03GHG020,2100,0.0062399565908974
M,R12_LAM,BIO00GHG000,2045,0.3584859224085422
M,R12_LAM,BIO00GHG000,2070,0.0994402569870924
M,R12_LAM,BIO00GHG000,2100,0.80670496990294
M,R12_LAM,BIO00GHG010,2045,0.5060683685128323
M,R12_LAM,BIO00GHG010,2070,0.8629885155904035
M,R12_LAM,BIO00GHG010,2100,0.1852307882832747
M,R12_LAM,BIO00GHG020,2045,0.1354457090786255
M,R12_LAM,BIO00GHG020,2070,0.037571227422504
M,R12_LAM,BIO00GHG020,2100,0.0080642418137852
M,R12_MEA,BIO00GHG000,2045,1.0
M,R12_MEA,BIO00GHG000,2070,1.0
M,R12_MEA,BIO00GHG000,2100,1.0
M,R12_NAM,BIO00GHG020,2045,0.1048053077512111
M,R12_NAM,BIO00GHG020,2070,0.0290718995780109
M,R12_NAM,BIO00GHG020,2100,0.7916011926479599
M,R12_NAM,BIO00GHG050,2045,0.2262190625
M,R12_NAM,BIO00GHG050,2070,0.7853612360570624
M,R12_NAM,BIO00GHG050,2100,0.1685689649559855
M,R12_NAM,BIO00GHG100,2045,0.3104897073402466
M,R12_NAM,BIO00GHG100,2070,0.0861266073778341
M,R12_NAM,BIO00GHG100,2100,0.018486108550177
M,R12_NAM,BIO03GHG000,2045,0.3584859224085422
M,R12_NAM,BIO03GHG000,2070,0.0994402569870924
M,R12_NAM,BIO03GHG000,2100,0.0213437338458775
M,R12_SAS,BIO00GHG000,2045,1.0
M,R12_SAS,BIO00GHG000,2070,1.0
M,R12_SAS,BIO00GHG000,2100,1.0
M,R12_WEU,BIO00GHG000,2045,0.3584859224085422
M,R12_WEU,BIO00GHG000,2070,0.0994402569870924
M,R12_WEU,BIO00GHG000,2100,0.0213437338458775
M,R12_WEU,BIO00GHG050,2070,0.4012630607616211
M,R12_WEU,BIO00GHG050,2100,0.2299737658434389
M,R12_WEU,BIO00GHG100,2045,0.4850542089712512
M,R12_WEU,BIO00GHG100,2070,0.455896346084029
M,R12_WEU,BIO00GHG100,2100,0.0978530282095776
M,R12_WEU,BIO00GHG200,2045,0.1564598686202066
M,R12_WEU,BIO00GHG200,2070,0.0434003361672573
M,R12_WEU,BIO00GHG200,2100,0.009315394509648
M,R12_WEU,BIO03GHG050,2100,0.6415140775914577
M,R12_FSU,BIO00GHG000,2045,1.0
M,R12_FSU,BIO00GHG000,2070,1.0
M,R12_FSU,BIO00GHG000,2100,1.0
M,R12_PAO,BIO00GHG000,2045,1.0
M,R12_PAO,BIO00GHG000,2070,1.0
M,R12_PAO,BIO00GHG000,2100,1.0
M,R12_PAS,BIO00GHG000,2045,0.6895102926597534
M,R12_PAS,BIO00GHG000,2070,0.9138733926221658
M,R12_PAS,BIO00GHG000,2100,0.9815138914498228
M,R12_PAS,BIO00GHG010,2045,0.3104897073402466
M,R12_PAS,BIO00GHG010,2070,0.0861266073778341
M,R12_PAS,BIO00GHG010,2100,0.018486108550177
M,R12_CHN,BIO00GHG000,2045,1.0
M,R12_CHN,BIO00GHG000,2070,1.0
M,R12_CHN,BIO00GHG000,2100,0.9417563982207326
M,R12_CHN,BIO03GHG000,2100,0.0582436017792673
M,R12_RCPA,BIO00GHG000,2045,1.0
M,R12_RCPA,BIO00GHG000,2070,1.0
M,R12_RCPA,BIO00GHG000,2100,1.0
ML,R12_AFR,BIO00GHG000,2045,0.7737809375
ML,R12_AFR,BIO00GHG000,2070,0.2146387639429375
ML,R12_AFR,BIO00GHG000,2100,0.046069798986952
ML,R12_AFR,BIO00GHG020,2045,0.2262190625
ML,R12_AFR,BIO00GHG020,2070,0.2486524662168158
ML,R12_AFR,BIO00GHG020,2100,0.0533704580001403
ML,R12_AFR,BIO00GHG050,2070,0.5367087698402466
ML,R12_AFR,BIO00GHG050,2100,0.2590456654214498
ML,R12_AFR,BIO03GHG100,2100,0.2402510168298366
ML,R12_AFR,BIO05GHG050,2100,0.401263060761621
ML,R12_EEU,BIO00GHG000,2045,0.3584859224085422
ML,R12_EEU,BIO00GHG000,2070,0.0994402569870924
ML,R12_EEU,BIO00GHG000,2100,0.0213437338458775
ML,R12_EEU,BIO00GHG020,2045,0.2262190625000001
ML,R12_EEU,BIO00GHG020,2070,0.0627508091788965
ML,R12_EEU,BIO00GHG020,2100,0.0134687561185774
ML,R12_EEU,BIO00GHG050,2070,0.7226104268781659
ML,R12_EEU,BIO00GHG050,2100,0.155100208837408
ML,R12_EEU,BIO00GHG600,2045,0.3104897073402466
ML,R12_EEU,BIO00GHG600,2070,0.0861266073778341
ML,R12_EEU,BIO00GHG600,2100,0.018486108550177
ML,R12_EEU,BIO03GHG000,2045,0.1048053077512111
ML,R12_EEU,BIO03GHG000,2070,0.0290718995780109
ML,R12_EEU,BIO03GHG000,2100,0.0062399565908974
ML,R12_EEU,BIO03GHG050,2100,0.1438471584656047
ML,R12_EEU,BIO05GHG050,2100,0.6415140775914578
ML,R12_LAM,BIO00GHG000,2045,0.3584859224085422
ML,R12_LAM,BIO00GHG000,2070,0.0994402569870924
ML,R12_LAM,BIO00GHG000,2100,0.0213437338458775
ML,R12_LAM,BIO00GHG010,2045,0.1048053077512111
ML,R12_LAM,BIO00GHG010,2070,0.0290718995780109
ML,R12_LAM,BIO00GHG010,2100,0.0062399565908974
ML,R12_LAM,BIO00GHG020,2045,0.5367087698402467
ML,R12_LAM,BIO00GHG020,2070,0.3586954938011462
ML,R12_LAM,BIO00GHG020,2100,0.0769899574213796
ML,R12_LAM,BIO00GHG050,2070,0.5127923496337504
ML,R12_LAM,BIO00GHG050,2100,0.2108296135500786
ML,R12_LAM,BIO03GHG050,2100,0.0430826610003087
ML,R12_LAM,BIO05GHG050,2100,0.1136179934931751
ML,R12_LAM,BIO05GHG100,2100,0.5278960840982827
ML,R12_MEA,BIO00GHG000,2045,0.3584859224085422
ML,R12_MEA,BIO00GHG000,2070,0.0994402569870924
ML,R12_MEA,BIO00GHG000,2100,0.0213437338458775
ML,R12_MEA,BIO00GHG050,2045,0.6415140775914578
ML,R12_MEA,BIO00GHG050,2070,0.3638509731726608
ML,R12_MEA,BIO00GHG050,2100,0.0780965231412148
ML,R12_MEA,BIO00GHG100,2070,0.5367087698402466
ML,R12_MEA,BIO00GHG100,2100,0.1151985069558451
ML,R12_MEA,BIO03GHG200,2100,0.0832803097366139
ML,R12_MEA,BIO05GHG200,2100,0.7020809263204484
ML,R12_NAM,BIO00GHG050,2045,0.3310243702512112
ML,R12_NAM,BIO00GHG050,2070,0.8144331356350734
ML,R12_NAM,BIO00GHG050,2100,0.1748089215468829
ML,R12_NAM,BIO00GHG100,2045,0.3104897073402466
ML,R12_NAM,BIO00GHG100,2070,0.0861266073778341
ML,R12_NAM,BIO00GHG100,2100,0.018486108550177
ML,R12_NAM,BIO03GHG000,2045,0.3584859224085422
ML,R12_NAM,BIO03GHG000,2070,0.0994402569870924
ML,R12_NAM,BIO03GHG000,2100,0.0213437338458775
ML,R12_NAM,BIO03GHG050,2100,0.1438471584656047
ML,R12_NAM,BIO05GHG100,2100,0.2402510168298366
ML,R12_NAM,BIO08GHG100,2100,0.4012630607616209
ML,R12_SAS,BIO00GHG000,2045,0.3584859224085422
ML,R12_SAS,BIO00GHG000,2070,0.0994402569870924
ML,R12_SAS,BIO00GHG000,2100,0.0213437338458775
ML,R12_SAS,BIO00GHG020,2045,0.1750439982616211
ML,R12_SAS,BIO00GHG020,2070,0.0485553799553301
ML,R12_SAS,BIO00GHG020,2100,0.0104218667363917
ML,R12_SAS,BIO00GHG050,2045,0.4664700793298367
ML,R12_SAS,BIO00GHG050,2070,0.8520043630575774
ML,R12_SAS,BIO00GHG050,2100,0.3267203218262729
ML,R12_SAS,BIO00GHG100,2100,0.6415140775914576
ML,R12_WEU,BIO00GHG000,2045,0.3584859224085422
ML,R12_WEU,BIO00GHG000,2070,0.0994402569870924
ML,R12_WEU,BIO00GHG000,2100,0.0213437338458775
ML,R12_WEU,BIO00GHG020,2045,0.2262190625000001
ML,R12_WEU,BIO00GHG020,2070,0.1438471584656046
ML,R12_WEU,BIO00GHG020,2100,0.0308751762897612
ML,R12_WEU,BIO00GHG050,2045,0.1048053077512111
ML,R12_WEU,BIO00GHG050,2070,0.6705859771694687
ML,R12_WEU,BIO00GHG050,2100,0.2877809037227264
ML,R12_WEU,BIO00GHG100,2045,0.3104897073402466
ML,R12_WEU,BIO00GHG100,2070,0.0861266073778341
ML,R12_WEU,BIO00GHG100,2100,0.018486108550177
ML,R12_WEU,BIO05GHG100,2100,0.3237350806128387
ML,R12_WEU,BIO08GHG100,2100,0.3177789969786191
ML,R12_FSU,BIO00GHG000,2045,0.3584859224085422
ML,R12_FSU,BIO00GHG000,2070,0.0994402569870924
ML,R12_FSU,BIO00GHG000,2100,0.0213437338458775
ML,R12_FSU,BIO00GHG010,2045,0.4152950150914578
ML,R12_FSU,BIO00GHG010,2070,0.1151985069558451
ML,R12_FSU,BIO00GHG010,2100,0.0247260651410744
ML,R12_FSU,BIO00GHG020,2045,0.2262190625
ML,R12_FSU,BIO00GHG020,2070,0.1438471584656046
ML,R12_FSU,BIO00GHG020,2100,0.0308751762897612
ML,R12_FSU,BIO00GHG050,2070,0.2402510168298366
ML,R12_FSU,BIO00GHG050,2100,0.05156718128839
ML,R12_FSU,BIO00GHG200,2070,0.401263060761621
ML,R12_FSU,BIO00GHG200,2100,0.0861266073778341
ML,R12_FSU,BIO03GHG050,2100,0.2051558482306337
ML,R12_FSU,BIO03GHG100,2100,0.1438471584656047
ML,R12_FSU,BIO05GHG050,2100,0.4363582293608241
ML,R12_PAO,BIO00GHG000,2045,0.4632912301597534
ML,R12_PAO,BIO00GHG000,2070,0.1285121565651033
ML,R12_PAO,BIO00GHG000,2100,0.027583690436775
ML,R12_PAO,BIO00GHG020,2045,0.2262190625
ML,R12_PAO,BIO00GHG020,2070,0.1438471584656047
ML,R12_PAO,BIO00GHG020,2100,0.0308751762897612
ML,R12_PAO,BIO00GHG050,2070,0.3650328965536928
ML,R12_PAO,BIO00GHG050,2100,0.0783502097147948
ML,R12_PAO,BIO03GHG050,2070,0.276481181037765
ML,R12_PAO,BIO03GHG050,2100,0.0593435789514294
ML,R12_PAO,BIO03GHG200,2045,0.3104897073402466
ML,R12_PAO,BIO03GHG200,2070,0.0861266073778341
ML,R12_PAO,BIO03GHG200,2100,0.018486108550177
ML,R12_PAO,BIO05GHG100,2100,0.3840981752954414
ML,R12_PAO,BIO08GHG200,2100,0.4012630607616211
ML,R12_PAS,BIO00GHG000,2045,0.4632912301597534
ML,R12_PAS,BIO00GHG000,2070,0.1285121565651033
ML,R12_PAS,BIO00GHG000,2100,0.027583690436775
ML,R12_PAS,BIO00GHG020,2045,0.4012630607616211
ML,R12_PAS,BIO00GHG020,2070,0.1924025384209348
ML,R12_PAS,BIO00GHG020,2100,0.041297043026153
ML,R12_PAS,BIO00GHG050,2045,0.1354457090786255
ML,R12_PAS,BIO00GHG050,2070,0.5527812256755729
ML,R12_PAS,BIO00GHG050,2100,0.1186482790098669
ML,R12_PAS,BIO05GHG050,2070,0.1263040793383885
ML,R12_PAS,BIO05GHG050,2100,0.4112079267655838
ML,R12_PAS,BIO05GHG100,2100,0.2277412537784756
ML,R12_PAS,BIO08GHG050,2100,0.1735218069831456
ML,R12_CHN,BIO00GHG000,2045,0.7737809375
ML,R12_CHN,BIO00GHG000,2070,0.2146387639429375
ML,R12_CHN,BIO00GHG000,2100,0.046069798986952
ML,R12_CHN,BIO00GHG020,2045,0.2262190625
ML,R12_CHN,BIO00GHG020,2070,0.1541929849246305
ML,R12_CHN,BIO00GHG020,2100,0.0330957916928947
ML,R12_CHN,BIO05GHG020,2070,0.0944594812921852
ML,R12_CHN,BIO05GHG020,2100,0.0202746663072456
ML,R12_CHN,BIO05GHG050,2070,0.5367087698402466
ML,R12_CHN,BIO05GHG050,2100,0.115198506955845
ML,R12_CHN,BIO05GHG100,2100,0.7853612360570624
ML,R12_RCPA,BIO00GHG000,2045,0.7737809375
ML,R12_RCPA,BIO00GHG000,2070,0.2146387639429375
ML,R12_RCPA,BIO00GHG000,2100,0.046069798986952
ML,R12_RCPA,BIO00GHG020,2045,0.2262190625
ML,R12_RCPA,BIO00GHG020,2070,0.2486524662168158
ML,R12_RCPA,BIO00GHG020,2100,0.0533704580001403
ML,R12_RCPA,BIO00GHG050,2070,0.5367087698402466
ML,R12_RCPA,BIO00GHG050,2100,0.2506733570585382
ML,R12_RCPA,BIO05GHG050,2100,0.6498863859543693
L,R12_AFR,BIO00GHG000,2045,0.3584859224085422
L,R12_AFR,BIO00GHG000,2070,0.0994402569870924
L,R12_AFR,BIO00GHG000,2100,0.0213437338458775
L,R12_AFR,BIO00GHG100,2070,0.2402510168298366
L,R12_AFR,BIO00GHG100,2100,0.05156718128839
L,R12_AFR,BIO00GHG200,2045,0.3310243702512112
L,R12_AFR,BIO00GHG200,2070,0.1729190580436155
L,R12_AFR,BIO00GHG200,2100,0.0371151328806587
L,R12_AFR,BIO00GHG400,2045,0.1585882691108588
L,R12_AFR,BIO00GHG400,2070,0.0439907322707916
L,R12_AFR,BIO00GHG400,2100,0.0094421163995474
L,R12_AFR,BIO00GHG600,2045,0.1519014382293878
L,R12_AFR,BIO00GHG600,2070,0.0421358751070425
L,R12_AFR,BIO00GHG600,2100,0.0090439921506295
L,R12_AFR,BIO03GHG100,2100,0.4142847036444891
L,R12_AFR,BIO05GHG100,2100,0.3710765324125734
L,R12_AFR,BIO05GHG200,2070,0.4012630607616211
L,R12_AFR,BIO05GHG200,2100,0.0861266073778342
L,R12_EEU,BIO00GHG000,2045,0.3584859224085422
L,R12_EEU,BIO00GHG000,2070,0.0994402569870924
L,R12_EEU,BIO00GHG000,2100,0.0213437338458775
L,R12_EEU,BIO00GHG200,2045,0.1489367322359593
L,R12_EEU,BIO00GHG200,2070,0.0413134965770936
L,R12_EEU,BIO00GHG200,2100,0.0088674778394681
L,R12_EEU,BIO05GHG050,2100,0.6415140775914576
L,R12_EEU,BIO05GHG100,2070,0.137611099863594
L,R12_EEU,BIO05GHG100,2100,0.0295366763795499
L,R12_EEU,BIO05GHG200,2045,0.1338266188641798
L,R12_EEU,BIO05GHG200,2070,0.1363945619162217
L,R12_EEU,BIO05GHG200,2100,0.173122718643841
L,R12_EEU,BIO08GHG200,2045,0.2539454187401075
L,R12_EEU,BIO08GHG200,2070,0.4513633773267761
L,R12_EEU,BIO08GHG200,2100,0.0968800773985289
L,R12_EEU,BIO08GHG400,2070,0.1048053077512111
L,R12_EEU,BIO08GHG400,2100,0.0224952817103791
L,R12_EEU,BIO30GHG600,2045,0.1048053077512111
L,R12_EEU,BIO30GHG600,2070,0.0290718995780109
L,R12_EEU,BIO30GHG600,2100,0.0062399565908974
L,R12_LAM,BIO00GHG000,2045,0.0391294059278667
L,R12_LAM,BIO00GHG000,2070,0.0108540892068419
L,R12_LAM,BIO00GHG000,2100,0.0023297082910829
L,R12_LAM,BIO03GHG050,2045,0.1349832135342215
L,R12_LAM,BIO03GHG050,2070,0.037442935980871
L,R12_LAM,BIO03GHG050,2100,0.0080367054973287
L,R12_LAM,BIO03GHG2000,2045,0.289178610697665
L,R12_LAM,BIO03GHG2000,2070,0.0802151313773903
L,R12_LAM,BIO03GHG2000,2100,0.0172172766483634
L,R12_LAM,BIO05GHG100,2045,0.5367087698402466
L,R12_LAM,BIO05GHG100,2070,0.4371299935606318
L,R12_LAM,BIO05GHG100,2100,0.7353391190916961
L,R12_LAM,BIO05GHG200,2070,0.3754823570080711
L,R12_LAM,BIO05GHG200,2100,0.0805930689905931
L,R12_LAM,BIO08GHG100,2070,0.0330947891126437
L,R12_LAM,BIO08GHG100,2100,0.1509505830936946
L,R12_LAM,BIO08GHG200,2070,0.0257807037535498
L,R12_LAM,BIO08GHG200,2100,0.0055335383872409
L,R12_MEA,BIO00GHG000,2045,0.3584859224085422
L,R12_MEA,BIO00GHG000,2070,0.0994402569870924
L,R12_MEA,BIO00GHG000,2100,0.0213437338458775
L,R12_MEA,BIO00GHG200,2045,0.1048053077512111
L,R12_MEA,BIO00GHG200,2070,0.0290718995780109
L,R12_MEA,BIO00GHG200,2100,0.0062399565908974
L,R12_MEA,BIO00GHG400,2045,0.1354457090786255
L,R12_MEA,BIO00GHG400,2070,0.037571227422504
L,R12_MEA,BIO00GHG400,2100,0.0080642418137852
L,R12_MEA,BIO05GHG200,2100,0.7853612360570624
L,R12_MEA,BIO08GHG200,2045,0.4012630607616212
L,R12_MEA,BIO08GHG200,2070,0.8339166160123925
L,R12_MEA,BIO08GHG200,2100,0.1789908316923772
L,R12_NAM,BIO00GHG020,2045,0.1048053077512111
L,R12_NAM,BIO00GHG020,2070,0.0290718995780109
L,R12_NAM,BIO00GHG020,2100,0.0062399565908974
L,R12_NAM,BIO00GHG100,2045,0.5367087698402466
L,R12_NAM,BIO00GHG100,2070,0.1488774165567307
L,R12_NAM,BIO00GHG100,2100,0.0319548646687545
L,R12_NAM,BIO03GHG000,2045,0.3584859224085422
L,R12_NAM,BIO03GHG000,2070,0.0994402569870924
L,R12_NAM,BIO03GHG000,2100,0.0213437338458775
L,R12_NAM,BIO03GHG100,2070,0.0810963492867081
L,R12_NAM,BIO03GHG100,2100,0.0174064201711837
L,R12_NAM,BIO08GHG100,2070,0.5060683685128321
L,R12_NAM,BIO08GHG100,2100,0.8939831251452757
L,R12_NAM,BIO08GHG200,2070,0.1354457090786256
L,R12_NAM,BIO08GHG200,2100,0.0290718995780109
L,R12_SAS,BIO00GHG000,2045,0.3584859224085422
L,R12_SAS,BIO00GHG000,2070,0.0994402569870924
L,R12_SAS,BIO00GHG000,2100,0.0213437338458775
L,R12_SAS,BIO00GHG050,2045,0.1048053077512111
L,R12_SAS,BIO00GHG050,2070,0.0290718995780109
L,R12_SAS,BIO00GHG050,2100,0.0062399565908974
L,R12_SAS,BIO00GHG100,2045,0.3104897073402466
L,R12_SAS,BIO00GHG100,2070,0.0861266073778341
L,R12_SAS,BIO00GHG100,2100,0.018486108550177
L,R12_SAS,BIO00GHG200,2045,0.2262190625000001
L,R12_SAS,BIO00GHG200,2070,0.7853612360570624
L,R12_SAS,BIO00GHG200,2100,0.1685689649559855
L,R12_SAS,BIO05GHG200,2100,0.3840981752954414
L,R12_SAS,BIO05GHG400,2100,0.401263060761621
L,R12_WEU,BIO00GHG000,2045,0.3584859224085422
L,R12_WEU,BIO00GHG000,2070,0.0994402569870924
L,R12_WEU,BIO00GHG000,2100,0.0213437338458775
L,R12_WEU,BIO00GHG050,2045,0.1048053077512111
L,R12_WEU,BIO00GHG050,2070,0.0290718995780109
L,R12_WEU,BIO00GHG050,2100,0.0062399565908974
L,R12_WEU,BIO00GHG200,2045,0.3104897073402466
L,R12_WEU,BIO00GHG200,2070,0.0861266073778341
L,R12_WEU,BIO00GHG200,2100,0.018486108550177
L,R12_WEU,BIO00GHG400,2045,0.2262190625000001
L,R12_WEU,BIO00GHG400,2070,0.0627508091788965
L,R12_WEU,BIO00GHG400,2100,0.0134687561185774
L,R12_WEU,BIO05GHG200,2100,0.6716554321129418
L,R12_WEU,BIO08GHG200,2070,0.401263060761621
L,R12_WEU,BIO08GHG200,2100,0.1998324113219549
L,R12_WEU,BIO08GHG400,2070,0.1859016570379192
L,R12_WEU,BIO08GHG400,2100,0.0399017018815628
L,R12_WEU,BIO13GHG400,2070,0.1354457090786255
L,R12_WEU,BIO13GHG400,2100,0.0290718995780109
L,R12_FSU,BIO00GHG000,2045,0.3584859224085422
L,R12_FSU,BIO00GHG000,2070,0.0994402569870924
L,R12_FSU,BIO00GHG000,2100,0.0213437338458775
L,R12_FSU,BIO00GHG010,2045,0.1048053077512111
L,R12_FSU,BIO00GHG010,2070,0.0290718995780109
L,R12_FSU,BIO00GHG010,2100,0.0062399565908974
L,R12_FSU,BIO05GHG050,2100,0.3976104214377729
L,R12_FSU,BIO05GHG100,2045,0.5367087698402467
L,R12_FSU,BIO05GHG100,2070,0.33477907359465
L,R12_FSU,BIO05GHG100,2100,0.0718565665503174
L,R12_FSU,BIO08GHG050,2100,0.3877508146192895
L,R12_FSU,BIO08GHG200,2070,0.5367087698402466
L,R12_FSU,BIO08GHG200,2100,0.1151985069558451
L,R12_PAO,BIO00GHG000,2045,0.4632912301597534
L,R12_PAO,BIO00GHG000,2070,0.1285121565651033
L,R12_PAO,BIO00GHG000,2100,0.027583690436775
L,R12_PAO,BIO03GHG100,2045,0.1354457090786255
L,R12_PAO,BIO03GHG100,2070,0.037571227422504
L,R12_PAO,BIO03GHG100,2100,0.0080642418137852
L,R12_PAO,BIO08GHG100,2045,0.2146227698409859
L,R12_PAO,BIO08GHG100,2070,0.0595341185084237
L,R12_PAO,BIO08GHG100,2100,0.0127783296090804
L,R12_PAO,BIO08GHG200,2045,0.1866402909206215
L,R12_PAO,BIO08GHG200,2070,0.7743824975039715
L,R12_PAO,BIO08GHG200,2100,0.9515737381403592
L,R12_PAS,BIO00GHG000,2045,0.4632912301597534
L,R12_PAS,BIO00GHG000,2070,0.1285121565651033
L,R12_PAS,BIO00GHG000,2100,0.027583690436775
L,R12_PAS,BIO00GHG100,2045,0.1354457090786255
L,R12_PAS,BIO00GHG100,2070,0.037571227422504
L,R12_PAS,BIO00GHG100,2100,0.0080642418137852
L,R12_PAS,BIO05GHG100,2045,0.4012630607616211
L,R12_PAS,BIO05GHG100,2070,0.1113061891342266
L,R12_PAS,BIO05GHG100,2100,0.6318073808607372
L,R12_PAS,BIO08GHG100,2070,0.722610426878166
L,R12_PAS,BIO08GHG100,2100,0.3325446868887024
L,R12_CHN,BIO00GHG000,2045,0.4632912301597534
L,R12_CHN,BIO00GHG000,2070,0.1285121565651033
L,R12_CHN,BIO00GHG000,2100,0.027583690436775
L,R12_CHN,BIO05GHG200,2100,0.7853612360570624
L,R12_CHN,BIO08GHG100,2045,0.5367087698402466
L,R12_CHN,BIO08GHG100,2070,0.1488774165567307
L,R12_CHN,BIO08GHG100,2100,0.0319548646687545
L,R12_CHN,BIO08GHG200,2070,0.722610426878166
L,R12_CHN,BIO08GHG200,2100,0.155100208837408
L,R12_RCPA,BIO00GHG000,2045,0.4632912301597534
L,R12_RCPA,BIO00GHG000,2070,0.1285121565651033
L,R12_RCPA,BIO00GHG000,2100,0.027583690436775
L,R12_RCPA,BIO00GHG200,2045,0.0138035398682685
L,R12_RCPA,BIO00GHG200,2070,0.1086342657828401
L,R12_RCPA,BIO00GHG200,2100,0.293617275631878
L,R12_RCPA,BIO05GHG050,2100,0.5150610849546619
L,R12_RCPA,BIO08GHG100,2045,0.5229052299719781
L,R12_RCPA,BIO08GHG100,2070,0.7628535776520566
L,R12_RCPA,BIO08GHG100,2100,0.1637379489766851
