BCU_name,year,tec_type,cap_km3_year
0|EEU,1995,membrane,0.014163172833442853
0|EEU,2000,membrane,0.01200938292852968
0|EEU,2005,membrane,0.013142370198664438
0|EEU,2010,membrane,0.015778229460289898
0|EEU,2015,membrane,0.015436797881014555
0|EEU,2020,membrane,0.024618639389630166
0|EEU,2025,membrane,0.024618639389630166
0|WEU,1995,distillation,0.0010978833047633023
0|WEU,1995,membrane,0.0026480713071330942
0|WEU,2000,distillation,0.0017382470820182536
0|WEU,2000,membrane,0.005513854264829524
0|WEU,2005,distillation,0.0009294650598758067
0|WEU,2005,membrane,0.010320291086507966
0|WEU,2010,distillation,0.00043501678615678397
0|WEU,2010,membrane,0.016987696762136267
0|WEU,2015,distillation,0.003159077884942531
0|WEU,2015,membrane,0.010223096331014906
0|WEU,2020,distillation,0.0028469881034453083
0|WEU,2020,membrane,0.003947694434730107
0|WEU,2025,distillation,0.0028469881034453083
0|WEU,2025,membrane,0.003947694434730107
100|LAM,1995,distillation,0.0021169901221907176
100|LAM,1995,membrane,0.002003299610346619
100|LAM,2000,distillation,0.002244229138638686
100|LAM,2000,membrane,0.006620677664978384
100|LAM,2005,distillation,0.0018367628675020247
100|LAM,2005,membrane,0.011907633053802567
100|LAM,2010,distillation,0.00834585503381155
100|LAM,2010,membrane,0.02447145688375077
100|LAM,2015,distillation,0.026774817461795896
100|LAM,2015,membrane,0.06649315159452708
100|LAM,2020,distillation,0.0211868456176103
100|LAM,2020,membrane,0.07125873134368998
100|LAM,2025,distillation,0.0211868456176103
100|LAM,2025,membrane,0.07125873134368998
103|NAM,1995,distillation,0.0010085649464461335
103|NAM,1995,membrane,0.0029935303432439045
103|NAM,2000,distillation,0.0006307020367432235
103|NAM,2000,membrane,0.003583957117627517
103|NAM,2005,distillation,0.001169938499301229
103|NAM,2005,membrane,0.005395567894467731
103|NAM,2010,distillation,0.001256717719208986
103|NAM,2010,membrane,0.006013446600183454
103|NAM,2015,distillation,0.0023828280654559415
103|NAM,2015,membrane,0.006802384015753515
103|NAM,2020,distillation,0.004473005216615914
103|NAM,2020,membrane,0.0028687993800096167
103|NAM,2025,distillation,0.004473005216615914
103|NAM,2025,membrane,0.0028687993800096167
105|FSU,1995,distillation,0.003612771618198832
105|FSU,1995,membrane,0.0003492258512976996
105|FSU,2000,distillation,0.00038104626681940756
105|FSU,2000,membrane,0.00044610532701798894
105|FSU,2005,distillation,0.0010852268974492509
105|FSU,2005,membrane,0.0010974605563744597
105|FSU,2010,distillation,0.0011154140229316144
105|FSU,2010,membrane,0.0011257506434041032
105|FSU,2015,distillation,0.0028411555268163502
105|FSU,2015,membrane,0.001189448247828514
105|FSU,2020,membrane,0.002342393538677658
105|FSU,2025,membrane,0.002342393538677658
106|EEU,1995,distillation,0.0035420181745849585
106|EEU,1995,membrane,0.016258571195532166
106|EEU,2000,distillation,0.0022837083705595537
106|EEU,2000,membrane,0.013786134622099697
106|EEU,2005,distillation,0.0007139676646176926
106|EEU,2005,membrane,0.015086743914363751
106|EEU,2010,distillation,0.00024372131249213752
106|EEU,2010,membrane,0.018112570540255665
106|EEU,2015,distillation,0.002877390616943353
106|EEU,2015,membrane,0.01772062519684057
106|EEU,2020,distillation,0.010709517256072701
106|EEU,2020,membrane,0.028260892242189528
106|EEU,2025,distillation,0.010709517256072701
106|EEU,2025,membrane,0.028260892242189528
107|AFR,1995,distillation,0.0018691769952340895
107|AFR,1995,membrane,0.001435783795740214
107|AFR,2000,distillation,0.0013404558867691155
107|AFR,2000,membrane,0.0014682607056351392
107|AFR,2005,distillation,0.004104810296414866
107|AFR,2005,membrane,0.0053301618684651955
107|AFR,2010,distillation,0.011901740982971889
107|AFR,2010,membrane,0.030914538919225184
107|AFR,2015,distillation,0.01673240416725318
107|AFR,2015,membrane,0.05486449926509879
107|AFR,2020,distillation,0.01161843363180024
107|AFR,2020,membrane,0.03199764223748787
107|AFR,2025,distillation,0.01161843363180024
107|AFR,2025,membrane,0.03199764223748787
108|LAM,1995,distillation,0.0022585229573510415
108|LAM,1995,membrane,0.0010752074910866513
108|LAM,2000,distillation,0.0023942686260276257
108|LAM,2000,membrane,0.003553438629293772
108|LAM,2005,distillation,0.001959560916217411
108|LAM,2005,membrane,0.006391044152574004
108|LAM,2010,distillation,0.008903822930019803
108|LAM,2010,membrane,0.013134277880012285
108|LAM,2015,distillation,0.02856486635552745
108|LAM,2015,membrane,0.035688088956412095
108|LAM,2020,distillation,0.022603306798478447
108|LAM,2020,membrane,0.03824586265097406
108|LAM,2025,distillation,0.022603306798478447
108|LAM,2025,membrane,0.03824586265097406
109|NAM,1995,membrane,0.000513668415895374
109|NAM,2000,membrane,0.0006149814313402737
109|NAM,2005,membrane,0.0009258408953369213
109|NAM,2010,membrane,0.0010318644660339026
109|NAM,2015,membrane,0.0011672404889999223
109|NAM,2020,membrane,0.0004922654739000602
109|NAM,2025,membrane,0.0004922654739000602
10|FSU,1995,membrane,0.0022820566103919117
10|FSU,2000,membrane,0.0029151267200566294
10|FSU,2005,membrane,0.0071714826036282575
10|FSU,2010,membrane,0.007356347440737713
10|FSU,2015,membrane,0.007772586784711541
10|FSU,2020,membrane,0.015306640786228252
10|FSU,2025,membrane,0.015306640786228252
10|SAS,1995,membrane,5.790218093370942e-06
10|SAS,2000,membrane,7.318056890167021e-06
10|SAS,2005,membrane,1.748716679681711e-05
10|SAS,2010,membrane,4.621656581872605e-05
10|SAS,2015,membrane,0.00012147533582909298
10|SAS,2020,membrane,0.00015925993424187627
10|SAS,2025,membrane,0.00015925993424187627
111|LAM,1995,membrane,1.3025751028372233e-05
111|LAM,2000,membrane,4.3048627603033276e-05
111|LAM,2005,membrane,7.742519526033901e-05
111|LAM,2010,membrane,0.00015911704021852747
111|LAM,2015,membrane,0.0004323483283722408
111|LAM,2020,membrane,0.00046333483433362723
111|LAM,2025,membrane,0.00046333483433362723
114|PAS,1995,distillation,1.8669431078987485e-05
114|PAS,1995,membrane,0.0007485706875413577
114|PAS,2000,distillation,1.757302130319138e-05
114|PAS,2000,membrane,0.0013278148079547967
114|PAS,2005,distillation,7.0136434738829e-06
114|PAS,2005,membrane,0.0029667081105327936
114|PAS,2010,distillation,6.815395947787907e-06
114|PAS,2010,membrane,0.004166899648645068
114|PAS,2015,distillation,2.764532683851995e-05
114|PAS,2015,membrane,0.007269494285821705
114|PAS,2020,distillation,1.5048330648678397e-05
114|PAS,2020,membrane,0.0068387793809401055
114|PAS,2025,distillation,1.5048330648678397e-05
114|PAS,2025,membrane,0.0068387793809401055
115|MEA,1995,distillation,0.003844595027682337
115|MEA,1995,membrane,0.003044295532857963
115|MEA,2000,distillation,0.008311942893621095
115|MEA,2000,membrane,0.0030930381513274104
115|MEA,2005,distillation,0.01809438048665004
115|MEA,2005,membrane,0.007640639660867006
115|MEA,2010,distillation,0.027288064513783242
115|MEA,2010,membrane,0.017273318632697158
115|MEA,2015,distillation,0.018160842103464366
115|MEA,2015,membrane,0.026284978543716843
115|MEA,2020,distillation,0.011456213879809673
115|MEA,2020,membrane,0.016888123067588776
115|MEA,2025,distillation,0.011456213879809673
115|MEA,2025,membrane,0.016888123067588776
115|SAS,1995,distillation,0.0013388714599387543
115|SAS,1995,membrane,6.0092826924668924e-05
115|SAS,2000,distillation,0.0042155908055933194
115|SAS,2000,membrane,7.594925079405206e-05
115|SAS,2005,distillation,0.0018962103895652795
115|SAS,2005,membrane,0.00018148768678109725
115|SAS,2010,distillation,0.009865997802067096
115|SAS,2010,membrane,0.00047965103317557393
115|SAS,2015,distillation,0.01586868792887235
115|SAS,2015,membrane,0.0012607118097936673
115|SAS,2020,distillation,0.03666099125097989
115|SAS,2020,membrane,0.0016528530549459065
115|SAS,2025,distillation,0.03666099125097989
115|SAS,2025,membrane,0.0016528530549459065
116|LAM,1995,distillation,0.0018519888250278537
116|LAM,1995,membrane,0.00023127492320690243
116|LAM,2000,distillation,0.0019633002733426526
116|LAM,2000,membrane,0.0007643373515560141
116|LAM,2005,distillation,0.0016068399512982768
116|LAM,2005,membrane,0.0013747004720964654
116|LAM,2010,distillation,0.007301134802616237
116|LAM,2010,membrane,0.002825156198463609
116|LAM,2015,distillation,0.023423190411532503
116|LAM,2015,membrane,0.007676434642818293
116|LAM,2020,distillation,0.01853471157475232
116|LAM,2020,membrane,0.008226606511684838
116|LAM,2025,distillation,0.01853471157475232
116|LAM,2025,membrane,0.008226606511684838
117|PAS,1995,distillation,0.0019537763814172124
117|PAS,1995,membrane,0.0013692310088736573
117|PAS,2000,distillation,0.0018390358992224256
117|PAS,2000,membrane,0.0024287421874141725
117|PAS,2005,distillation,0.0007339854604555283
117|PAS,2005,membrane,0.005426486511995638
117|PAS,2010,distillation,0.0007132386400237728
117|PAS,2010,membrane,0.007621789504647623
117|PAS,2015,distillation,0.0028931136897069804
117|PAS,2015,membrane,0.013296829759216313
117|PAS,2020,distillation,0.0015748242609404223
117|PAS,2020,membrane,0.012508997409428544
117|PAS,2025,distillation,0.0015748242609404223
117|PAS,2025,membrane,0.012508997409428544
119|WEU,1995,distillation,0.0028718006672728115
119|WEU,1995,membrane,0.0023404563690752472
119|WEU,2000,distillation,0.004546839457679215
119|WEU,2000,membrane,0.0048733337722103726
119|WEU,2005,distillation,0.002431258739045657
119|WEU,2005,membrane,0.009121427711959292
119|WEU,2010,distillation,0.001137900076756577
119|WEU,2010,membrane,0.015014309839679277
119|WEU,2015,distillation,0.008263393694560889
119|WEU,2015,membrane,0.009035523648907182
119|WEU,2020,distillation,0.007447041320074258
119|WEU,2020,membrane,0.0034891079247144326
119|WEU,2025,distillation,0.007447041320074258
119|WEU,2025,membrane,0.0034891079247144326
11|CHN,1995,membrane,0.0032453785802023867
11|CHN,2000,membrane,0.010886893742456343
11|CHN,2005,membrane,0.02497298001655987
11|CHN,2010,membrane,0.07592823633912503
11|CHN,2015,membrane,0.0949366237055582
11|CHN,2020,membrane,0.07741305940805089
11|CHN,2025,membrane,0.07741305940805089
120|MEA,1995,distillation,0.055645341334824835
120|MEA,1995,membrane,0.10418532200655568
120|MEA,2000,distillation,0.12030419228574564
120|MEA,2000,membrane,0.10585344697861274
120|MEA,2005,distillation,0.26189181725826977
120|MEA,2005,membrane,0.2614866049670843
120|MEA,2010,distillation,0.3949580263468137
120|MEA,2010,membrane,0.5911470303869991
120|MEA,2015,distillation,0.262853759758499
120|MEA,2015,membrane,0.8995542397099844
120|MEA,2020,distillation,0.16581328518521923
120|MEA,2020,membrane,0.5779644324581316
120|MEA,2025,distillation,0.16581328518521923
120|MEA,2025,membrane,0.5779644324581316
121|AFR,1995,membrane,4.4645856146281965e-05
121|AFR,2000,membrane,4.56557292563884e-05
121|AFR,2005,membrane,0.0001657419736327433
121|AFR,2010,membrane,0.0009612910115793594
121|AFR,2015,membrane,0.0017060176810705506
121|AFR,2020,membrane,0.000994970229217964
121|AFR,2025,membrane,0.000994970229217964
122|LAM,1995,distillation,0.0005871450758048307
122|LAM,1995,membrane,0.0036605977224701044
122|LAM,2000,distillation,0.0006224346887201544
122|LAM,2000,membrane,0.012097859679329352
122|LAM,2005,distillation,0.0005094243292731897
122|LAM,2005,membrane,0.021758629718505992
122|LAM,2010,distillation,0.0023147144784088666
122|LAM,2010,membrane,0.044716306473340704
122|LAM,2015,distillation,0.007425968625681849
122|LAM,2015,membrane,0.12150188520461519
122|LAM,2020,distillation,0.005876150269111344
122|LAM,2020,membrane,0.13020995377605418
122|LAM,2025,distillation,0.005876150269111344
122|LAM,2025,membrane,0.13020995377605418
122|NAM,1995,distillation,3.0461007164667174e-05
122|NAM,1995,membrane,0.013592311953710117
122|NAM,2000,distillation,1.9048668434989672e-05
122|NAM,2000,membrane,0.016273181690459937
122|NAM,2005,distillation,3.533486379336312e-05
122|NAM,2005,membrane,0.0244989138508468
122|NAM,2010,distillation,3.795579807099082e-05
122|NAM,2010,membrane,0.02730443080062387
122|NAM,2015,distillation,7.196694970391782e-05
122|NAM,2015,membrane,0.0308866505327819
122|NAM,2020,distillation,0.00013509516113071465
122|NAM,2020,membrane,0.013025963205519374
122|NAM,2025,distillation,0.00013509516113071465
122|NAM,2025,membrane,0.013025963205519374
123|FSU,1995,membrane,0.0021687486011388304
123|FSU,2000,membrane,0.0027703856983545623
123|FSU,2005,membrane,0.006815406240969281
123|FSU,2010,membrane,0.006991092223102755
123|FSU,2015,membrane,0.007386664572566581
123|FSU,2020,membrane,0.014546639922120989
123|FSU,2025,membrane,0.014546639922120989
124|SAS,1995,distillation,0.0022261293396803826
124|SAS,1995,membrane,0.00533034677334118
124|SAS,2000,distillation,0.007009224303614205
124|SAS,2000,membrane,0.006736841393986157
124|SAS,2005,distillation,0.003152811684111284
124|SAS,2005,membrane,0.016098299167178115
124|SAS,2010,distillation,0.01640410437414837
124|SAS,2010,membrane,0.042545948790563906
124|SAS,2015,distillation,0.026384722385755104
124|SAS,2015,membrane,0.11182750872863546
124|SAS,2020,distillation,0.060955895085929634
124|SAS,2020,membrane,0.1466111747294299
124|SAS,2025,distillation,0.060955895085929634
124|SAS,2025,membrane,0.1466111747294299
126|NAM,1995,membrane,0.004582835607895152
126|NAM,2000,membrane,0.005486727847239469
126|NAM,2005,membrane,0.008260146995800103
126|NAM,2010,membrane,0.00920606576368729
126|NAM,2015,membrane,0.010413860596512428
126|NAM,2020,membrane,0.00439188330938004
126|NAM,2025,membrane,0.00439188330938004
127|WEU,1995,distillation,9.405460700675057e-05
127|WEU,1995,membrane,0.00013616279800586977
127|WEU,2000,distillation,0.00014891395603752747
127|WEU,2000,membrane,0.00028352024451660704
127|WEU,2005,distillation,7.962637791634172e-05
127|WEU,2005,membrane,0.0005306653588929712
127|WEU,2010,distillation,3.726746976276963e-05
127|WEU,2010,membrane,0.0008735007688716559
127|WEU,2015,distillation,0.00027063516466902215
127|WEU,2015,membrane,0.0005256676423194852
127|WEU,2020,distillation,0.00024389873319020263
127|WEU,2020,membrane,0.00020298891440616147
127|WEU,2025,distillation,0.00024389873319020263
127|WEU,2025,membrane,0.00020298891440616147
130|AFR,1995,membrane,0.0006787781253028905
130|AFR,2000,membrane,0.0006941318408689192
130|AFR,2005,membrane,0.0025198761062577043
130|AFR,2010,membrane,0.014615092351962797
130|AFR,2015,membrane,0.025937625196310404
130|AFR,2020,membrane,0.01512713799703895
130|AFR,2025,membrane,0.01512713799703895
135|AFR,1995,membrane,0.0004808011720895473
135|AFR,2000,membrane,0.0004916767206154843
135|AFR,2005,membrane,0.0017849122419325402
135|AFR,2010,membrane,0.010352357082640313
135|AFR,2015,membrane,0.0183724845140532
135|AFR,2020,membrane,0.010715056081235921
135|AFR,2025,membrane,0.010715056081235921
136|AFR,1995,membrane,0.00010092754896439311
136|AFR,2000,membrane,0.0001032104935994817
136|AFR,2005,membrane,0.00037468048780305284
136|AFR,2010,membrane,0.0021731187172739776
136|AFR,2015,membrane,0.003856666618200973
136|AFR,2020,membrane,0.00224925480650397
136|AFR,2025,membrane,0.00224925480650397
137|LAM,1995,membrane,1.3025751028372233e-05
137|LAM,2000,membrane,4.3048627603033276e-05
137|LAM,2005,membrane,7.742519526033901e-05
137|LAM,2010,membrane,0.00015911704021852747
137|LAM,2015,membrane,0.0004323483283722408
137|LAM,2020,membrane,0.00046333483433362723
137|LAM,2025,membrane,0.00046333483433362723
13|AFR,1995,membrane,2.497474732455099e-05
13|AFR,2000,membrane,2.5539667071461634e-05
13|AFR,2005,membrane,9.271552322767756e-05
13|AFR,2010,membrane,0.0005377430783473926
13|AFR,2015,membrane,0.0009543407651619577
13|AFR,2020,membrane,0.0005565831236106474
13|AFR,2025,membrane,0.0005565831236106474
140|PAS,1995,membrane,1.2778650281712531e-05
140|PAS,2000,membrane,2.266677195905589e-05
140|PAS,2005,membrane,5.0643881818207345e-05
140|PAS,2010,membrane,7.113203102290095e-05
140|PAS,2015,membrane,0.00012409559544540792
140|PAS,2020,membrane,0.00011674297633781167
140|PAS,2025,membrane,0.00011674297633781167
141|SAS,1995,membrane,0.0005050040462733442
141|SAS,2000,membrane,0.000638257191835989
141|SAS,2005,membrane,0.0015251739827140507
141|SAS,2010,membrane,0.004030859005127249
141|SAS,2015,membrane,0.010594684885244319
141|SAS,2020,membrane,0.013890135035406136
141|SAS,2025,membrane,0.013890135035406136
142|NAM,1995,membrane,0.00675622538160364
142|NAM,2000,membrane,0.00808878456814131
142|NAM,2005,membrane,0.01217748563632931
142|NAM,2010,membrane,0.013572002249040604
142|NAM,2015,membrane,0.015352588506868601
142|NAM,2020,membrane,0.006474714789410285
142|NAM,2025,membrane,0.006474714789410285
143|PAS,1995,distillation,0.002489563120395962
143|PAS,1995,membrane,0.0002780190767997986
143|PAS,2000,distillation,0.002343357200616449
143|PAS,2000,membrane,0.0004931502838845783
143|PAS,2005,distillation,0.0009352672857737483
143|PAS,2005,membrane,0.0011018350888595712
143|PAS,2010,distillation,0.0009088310367210752
143|PAS,2010,membrane,0.0015475861033761122
143|PAS,2015,distillation,0.0036864961689129627
143|PAS,2015,membrane,0.002699889434334684
143|PAS,2020,distillation,0.002006690447500545
143|PAS,2020,membrane,0.0025399219627089942
143|PAS,2025,distillation,0.002006690447500545
143|PAS,2025,membrane,0.0025399219627089942
144|PAS,1995,distillation,0.000714251429643116
144|PAS,1995,membrane,0.0020260831571992915
144|PAS,2000,distillation,0.0006723051996522915
144|PAS,2000,membrane,0.0035938666355118153
144|PAS,2005,distillation,0.0002683265953329552
144|PAS,2005,membrane,0.00802969904528213
144|PAS,2010,distillation,0.00026074208039313313
144|PAS,2010,membrane,0.01127814024295866
144|PAS,2015,distillation,0.001057649487754769
144|PAS,2015,membrane,0.01967563007607897
144|PAS,2020,distillation,0.0005757160801572634
144|PAS,2020,membrane,0.018509856116639647
144|PAS,2025,distillation,0.0005757160801572634
144|PAS,2025,membrane,0.018509856116639647
145|WEU,1995,membrane,2.690278834693562e-05
145|WEU,2000,membrane,5.601739419289037e-05
145|WEU,2005,membrane,0.00010484785890440353
145|WEU,2010,membrane,0.00017258463141178
145|WEU,2015,membrane,0.00010386041950712654
145|WEU,2020,membrane,4.010616615566154e-05
145|WEU,2025,membrane,4.010616615566154e-05
146|FSU,1995,distillation,0.004258613149719989
146|FSU,1995,membrane,0.0024650058899409926
146|FSU,2000,distillation,0.00044916446817578275
146|FSU,2000,membrane,0.0031488283428822983
146|FSU,2005,distillation,0.0012792288094344894
146|FSU,2005,membrane,0.007746410311231108
146|FSU,2010,distillation,0.0013148123732788966
146|FSU,2010,membrane,0.007946095503194655
146|FSU,2015,distillation,0.0033490581651911744
146|FSU,2015,membrane,0.008395704171905312
146|FSU,2020,membrane,0.016533752721753864
146|FSU,2025,membrane,0.016533752721753864
147|PAS,1995,distillation,0.0009206426243353406
147|PAS,1995,membrane,0.003991111581509902
147|PAS,2000,distillation,0.0008665755470331334
147|PAS,2000,membrane,0.007079434375843026
147|PAS,2005,distillation,0.00034586266215768264
147|PAS,2005,membrane,0.015817428194785706
147|PAS,2010,distillation,0.00033608651408333106
147|PAS,2010,membrane,0.022216420871780468
147|PAS,2015,distillation,0.0013632695149381898
147|PAS,2015,membrane,0.03875834749976115
147|PAS,2020,distillation,0.0007420758866004278
147|PAS,2020,membrane,0.03646192944090293
147|PAS,2025,distillation,0.0007420758866004278
147|PAS,2025,membrane,0.03646192944090293
14|MEA,1995,distillation,0.18033817134720684
14|MEA,1995,membrane,0.10690524980193236
14|MEA,2000,distillation,0.38988776996927754
14|MEA,2000,membrane,0.10861692389770738
14|MEA,2005,distillation,0.8487519400944998
14|MEA,2005,membrane,0.26831313937011564
14|MEA,2010,distillation,1.279999484623712
14|MEA,2010,membrane,0.6065798879924381
14|MEA,2015,distillation,0.85186945087386
14|MEA,2015,membrane,0.9230385706398457
14|MEA,2020,distillation,0.537375886607444
14|MEA,2020,membrane,0.593053136838995
14|MEA,2025,distillation,0.537375886607444
14|MEA,2025,membrane,0.593053136838995
150|WEU,1995,distillation,0.0023711691065752324
150|WEU,1995,membrane,0.0022680709498937883
150|WEU,2000,distillation,0.0037542038963465597
150|WEU,2000,membrane,0.004722611753815308
150|WEU,2005,distillation,0.0020074254030976128
150|WEU,2005,membrane,0.008839321035164277
150|WEU,2010,distillation,0.0009395337006231239
150|WEU,2010,membrane,0.014549948646782995
150|WEU,2015,distillation,0.006822863462392946
150|WEU,2015,membrane,0.008756073805068158
150|WEU,2020,distillation,0.006148823111152181
150|WEU,2020,membrane,0.0033811971159350344
150|WEU,2025,distillation,0.006148823111152181
150|WEU,2025,membrane,0.0033811971159350344
151|MEA,1995,membrane,0.009876374579399673
151|MEA,2000,membrane,0.010034506519216007
151|MEA,2005,membrane,0.024787941414510708
151|MEA,2010,membrane,0.05603850322826082
151|MEA,2015,membrane,0.08527434051894428
151|MEA,2020,membrane,0.05478884279080571
151|MEA,2025,membrane,0.05478884279080571
153|NAM,1995,distillation,0.0012725104942893088
153|NAM,1995,membrane,0.026886625277175714
153|NAM,2000,distillation,0.0007957593245268098
153|NAM,2000,membrane,0.03218958920813806
153|NAM,2005,distillation,0.0014761161621567546
153|NAM,2005,membrane,0.048460712103192485
153|NAM,2010,distillation,0.0015856058568045532
153|NAM,2010,membrane,0.05401023768753075
153|NAM,2015,distillation,0.0030064238600242916
153|NAM,2015,membrane,0.06109614036008883
153|NAM,2020,distillation,0.005643608871408041
153|NAM,2020,membrane,0.025766344443373508
153|NAM,2025,distillation,0.005643608871408041
153|NAM,2025,membrane,0.025766344443373508
154|FSU,1995,membrane,0.0020002629417282115
154|FSU,2000,membrane,0.0025551600788595637
154|FSU,2005,membrane,0.006285931218341959
154|FSU,2010,membrane,0.00644796851453119
154|FSU,2015,membrane,0.006812809654250824
154|FSU,2020,membrane,0.013416541109284686
154|FSU,2025,membrane,0.013416541109284686
155|LAM,1995,membrane,0.00017639037850922435
155|LAM,2000,membrane,0.0005829501654577986
155|LAM,2005,membrane,0.001048466185817192
155|LAM,2010,membrane,0.002154709919626101
155|LAM,2015,membrane,0.005854716946707993
155|LAM,2020,membrane,0.006274325881601807
155|LAM,2025,membrane,0.006274325881601807
156|RCPA,1995,membrane,0.03620021579825754
156|RCPA,2000,membrane,0.04272464974879496
156|RCPA,2005,membrane,0.08506244950463525
156|RCPA,2010,membrane,0.1205264866099704
156|RCPA,2015,membrane,0.11320604802868364
156|RCPA,2020,membrane,0.08741792821637528
156|RCPA,2025,membrane,0.08741792821637528
157|FSU,1995,distillation,0.006085816039109277
157|FSU,1995,membrane,0.0003047786885385076
157|FSU,2000,distillation,0.0006418832207855982
157|FSU,2000,membrane,0.0003893279836339548
157|FSU,2005,distillation,0.0018280954227220588
157|FSU,2005,membrane,0.0009577830159240334
157|FSU,2010,distillation,0.0018789464899497082
157|FSU,2010,membrane,0.00098247252728608
157|FSU,2015,distillation,0.004786006894984222
157|FSU,2015,membrane,0.0010380631207870385
157|FSU,2020,membrane,0.0020442691401750565
157|FSU,2025,membrane,0.0020442691401750565
158|AFR,1995,membrane,0.0006080720705838393
158|AFR,2000,membrane,0.0006218264407784066
158|AFR,2005,membrane,0.00225738901185586
158|AFR,2010,membrane,0.013092686898633339
158|AFR,2015,membrane,0.023235789238361403
158|AFR,2020,membrane,0.013551394455680725
158|AFR,2025,membrane,0.013551394455680725
159|CHN,1995,distillation,0.00015623942790218305
159|CHN,1995,membrane,0.006324690584249608
159|CHN,2000,distillation,0.0005366027912384794
159|CHN,2000,membrane,0.021216703272980135
159|CHN,2005,distillation,0.014403973202889615
159|CHN,2005,membrane,0.048668088381091136
159|CHN,2010,distillation,0.020619504366698814
159|CHN,2010,membrane,0.14797121185867798
159|CHN,2015,distillation,0.024832154662626473
159|CHN,2015,membrane,0.1850153241639832
159|CHN,2020,distillation,0.022410634325005476
159|CHN,2020,membrane,0.1508648793465328
159|CHN,2025,distillation,0.022410634325005476
159|CHN,2025,membrane,0.1508648793465328
15|SAS,1995,distillation,0.0011439253198113016
15|SAS,1995,membrane,0.0006526986999360971
15|SAS,2000,distillation,0.0036017804582245063
15|SAS,2000,membrane,0.0008249233692490576
15|SAS,2005,distillation,0.0016201130139947863
15|SAS,2005,membrane,0.0019712299001164754
15|SAS,2010,distillation,0.008429460951765654
15|SAS,2010,membrane,0.005209733370825735
15|SAS,2015,distillation,0.01355813045327848
15|SAS,2015,membrane,0.013693230978764515
15|SAS,2020,distillation,0.031322974158620794
15|SAS,2020,membrane,0.017952476116674942
15|SAS,2025,distillation,0.031322974158620794
15|SAS,2025,membrane,0.017952476116674942
160|FSU,1995,distillation,5.002299163659803e-05
160|FSU,1995,membrane,0.0030473198418997796
160|FSU,2000,distillation,5.27602523288398e-06
160|FSU,2000,membrane,0.003892683229341625
160|FSU,2005,distillation,1.5026218580066195e-05
160|FSU,2005,membrane,0.009576362450588984
160|FSU,2010,distillation,1.544419416366814e-05
160|FSU,2010,membrane,0.009823219729951774
160|FSU,2015,distillation,3.9339076525148533e-05
160|FSU,2015,membrane,0.010379040477822248
160|FSU,2020,membrane,0.020439558759541593
160|FSU,2025,membrane,0.020439558759541593
161|AFR,1995,membrane,2.206028907234362e-06
161|AFR,2000,membrane,2.2559284828239543e-06
161|AFR,2005,membrane,8.18959734533742e-06
161|AFR,2010,membrane,4.74990501438784e-05
161|AFR,2015,membrane,8.429728188800759e-05
161|AFR,2020,membrane,4.916319849037587e-05
161|AFR,2025,membrane,4.916319849037587e-05
162|CHN,1995,distillation,0.0002976986059248196
162|CHN,1995,membrane,0.006818753591307569
162|CHN,2000,distillation,0.0010224429584257987
162|CHN,2000,membrane,0.022874078931009855
162|CHN,2005,distillation,0.027445330540785875
162|CHN,2005,membrane,0.05246987153127466
162|CHN,2010,distillation,0.03928840362030792
162|CHN,2010,membrane,0.15953021240029625
162|CHN,2015,distillation,0.047315187494168486
162|CHN,2015,membrane,0.1994680829496695
162|CHN,2020,distillation,0.04270122264286544
162|CHN,2020,membrane,0.16264992320859992
162|CHN,2025,distillation,0.04270122264286544
162|CHN,2025,membrane,0.16264992320859992
17|NAM,1995,membrane,6.106721711335879e-05
17|NAM,2000,membrane,7.311176515082842e-05
17|NAM,2005,membrane,0.00011006813971502242
17|NAM,2010,membrane,0.00012267269979800963
17|NAM,2015,membrane,0.00013876681173985195
17|NAM,2020,membrane,5.8522738875555926e-05
17|NAM,2025,membrane,5.8522738875555926e-05
18|PAO,1995,membrane,0.027406854263444816
18|PAO,2000,membrane,0.022707204033051067
18|PAO,2005,membrane,0.03329230226946888
18|PAO,2010,membrane,0.05439582666904006
18|PAO,2015,membrane,0.12539616720249291
18|PAO,2020,membrane,0.07092679242974999
18|PAO,2025,membrane,0.07092679242974999
19|PAO,1995,distillation,0.00013683590263615844
19|PAO,1995,membrane,0.0027512813982384305
19|PAO,2000,distillation,2.6127784176134373e-05
19|PAO,2000,membrane,0.00227949940776186
19|PAO,2005,distillation,7.981623200437361e-05
19|PAO,2005,membrane,0.0033421016165540727
19|PAO,2010,distillation,9.888311059667546e-05
19|PAO,2010,membrane,0.005460613050215893
19|PAO,2015,distillation,0.00087597217845692
19|PAO,2015,membrane,0.012588097083975628
19|PAO,2020,distillation,0.0006151195245810442
19|PAO,2020,membrane,0.007120100788398982
19|PAO,2025,distillation,0.0006151195245810442
19|PAO,2025,membrane,0.007120100788398982
1|AFR,1995,membrane,0.00025604733091085153
1|AFR,2000,membrane,0.0002618390288806289
1|AFR,2005,membrane,0.0009505426400495806
1|AFR,2010,membrane,0.005513075993817296
1|AFR,2015,membrane,0.009784139255692438
1|AFR,2020,membrane,0.005706228831009523
1|AFR,2025,membrane,0.005706228831009523
20|PAO,1995,membrane,0.0012576656123385926
20|PAO,2000,membrane,0.0010420046529314823
20|PAO,2005,membrane,0.0015277413203798424
20|PAO,2010,membrane,0.0024961551588074675
20|PAO,2015,membrane,0.005754270296536156
20|PAO,2020,membrane,0.003254740108986218
20|PAO,2025,membrane,0.003254740108986218
21|PAO,1995,membrane,0.007770419815490367
21|PAO,2000,membrane,0.006437970095975004
21|PAO,2005,membrane,0.009439068153218252
21|PAO,2010,membrane,0.01542236133217432
21|PAO,2015,membrane,0.03555245169878619
21|PAO,2020,membrane,0.02010923793178257
21|PAO,2025,membrane,0.02010923793178257
22|PAO,1995,distillation,0.0003740181338721669
22|PAO,1995,membrane,0.02529364913753851
22|PAO,2000,distillation,7.141594341476736e-05
22|PAO,2000,membrane,0.02095636537435662
22|PAO,2005,distillation,0.00021816436747862145
22|PAO,2005,membrane,0.030725299754959173
22|PAO,2010,distillation,0.0002702805022975799
22|PAO,2010,membrane,0.05020163719220375
22|PAO,2015,distillation,0.0023943239544489173
22|PAO,2015,membrane,0.11572749743272832
22|PAO,2020,distillation,0.0016813267005215229
22|PAO,2020,membrane,0.06545798306235923
22|PAO,2025,distillation,0.0016813267005215229
22|PAO,2025,membrane,0.06545798306235923
25|FSU,1995,membrane,0.0003429594069350504
25|FSU,2000,membrane,0.00043810049518422926
25|FSU,2005,membrane,0.001077767926257968
25|FSU,2010,membrane,0.0011055503811758217
25|FSU,2015,membrane,0.0011681050075169196
25|FSU,2020,membrane,0.0023003620603921633
25|FSU,2025,membrane,0.0023003620603921633
26|WEU,1995,membrane,0.003947106341911615
26|WEU,2000,membrane,0.00821872472937571
26|WEU,2005,membrane,0.01538300206954439
26|WEU,2010,membrane,0.02532116315889275
26|WEU,2015,membrane,0.015238127558509205
26|WEU,2020,membrane,0.005884271204207882
26|WEU,2025,membrane,0.005884271204207882
27|LAM,1995,distillation,0.0021618468667487433
27|LAM,1995,membrane,0.002136972995478262
27|LAM,2000,distillation,0.0022917819411512547
27|LAM,2000,membrane,0.007062453019384805
27|LAM,2005,distillation,0.0018756818978260513
27|LAM,2005,membrane,0.01270218900089419
27|LAM,2010,distillation,0.008522694728737755
27|LAM,2010,membrane,0.02610435416175105
27|LAM,2015,distillation,0.027342147056243264
27|LAM,2015,membrane,0.07093001396688788
27|LAM,2020,distillation,0.021635772096717343
27|LAM,2020,membrane,0.07601358468150361
27|LAM,2025,distillation,0.021635772096717343
27|LAM,2025,membrane,0.07601358468150361
27|NAM,1995,distillation,0.0010616052759701354
27|NAM,1995,membrane,0.07909102330774787
27|NAM,2000,distillation,0.000663870593689602
27|NAM,2000,membrane,0.09469048361710605
27|NAM,2005,distillation,0.0012314654478080278
27|NAM,2005,membrane,0.1425544214251894
27|NAM,2010,distillation,0.0013228083781996385
27|NAM,2010,membrane,0.158879179657694
27|NAM,2015,distillation,0.002508140754773737
27|NAM,2015,membrane,0.17972342052668394
27|NAM,2020,distillation,0.004708240112978198
27|NAM,2020,membrane,0.07579554994044914
27|NAM,2025,distillation,0.004708240112978198
27|NAM,2025,membrane,0.07579554994044914
28|LAM,1995,distillation,0.00015069861440027631
28|LAM,1995,membrane,0.0002736521771867359
28|LAM,2000,distillation,0.00015975616420902094
28|LAM,2000,membrane,0.0009043893624875469
28|LAM,2005,distillation,0.00013075054824913205
28|LAM,2005,membrane,0.001626591296421211
28|LAM,2010,distillation,0.000594102341998394
28|LAM,2010,membrane,0.003342818727954053
28|LAM,2015,distillation,0.0019059738871797446
28|LAM,2015,membrane,0.009083012649666353
28|LAM,2020,distillation,0.0015081923361939993
28|LAM,2020,membrane,0.009733994293739955
28|LAM,2025,distillation,0.0015081923361939993
28|LAM,2025,membrane,0.009733994293739955
28|NAM,1995,membrane,0.0009547428396843418
28|NAM,2000,membrane,0.0011430508474761796
28|NAM,2005,membrane,0.001720837680800507
28|NAM,2010,membrane,0.0019179010816799712
28|NAM,2015,membrane,0.00216952116302458
28|NAM,2020,membrane,0.0009149617182724166
28|NAM,2025,membrane,0.0009149617182724166
29|LAM,1995,distillation,0.000711564814408763
29|LAM,1995,membrane,0.00045666474912356913
29|LAM,2000,distillation,0.0007543325185068153
29|LAM,2000,membrane,0.0015092251250337166
29|LAM,2005,distillation,0.0006173745523075432
29|LAM,2005,membrane,0.0027144198666466074
29|LAM,2010,distillation,0.0028052170513063693
29|LAM,2010,membrane,0.005578422548873105
29|LAM,2015,distillation,0.008999578136111363
29|LAM,2015,membrane,0.015157532220602924
29|LAM,2020,distillation,0.007121343511136052
29|LAM,2020,membrane,0.016243876105132157
29|LAM,2025,distillation,0.007121343511136052
29|LAM,2025,membrane,0.016243876105132157
30|FSU,1995,distillation,0.0011116220363688702
30|FSU,1995,membrane,0.005745080583196695
30|FSU,2000,distillation,0.00011724500517520219
30|FSU,2000,membrane,0.007338835434971543
30|FSU,2005,distillation,0.00033391596844592296
30|FSU,2005,membrane,0.01805421709138141
30|FSU,2010,distillation,0.00034320431474818867
30|FSU,2010,membrane,0.01851961456721833
30|FSU,2015,distillation,0.000874201700558876
30|FSU,2015,membrane,0.01956749767499798
30|FSU,2020,membrane,0.03853448874777231
30|FSU,2025,membrane,0.03853448874777231
30|MEA,1995,membrane,7.547978606429482e-05
30|MEA,2000,membrane,7.668830290327384e-05
30|MEA,2005,membrane,0.00018944082161931008
30|MEA,2010,membrane,0.000428271953542038
30|MEA,2015,membrane,0.0006517056362533162
30|MEA,2020,membrane,0.00041872147510343483
30|MEA,2025,membrane,0.00041872147510343483
30|SAS,1995,membrane,9.245050296103001e-05
30|SAS,2000,membrane,0.00011684500122161969
30|SAS,2005,membrane,0.0002792118258170754
30|SAS,2010,membrane,0.000737924666423967
30|SAS,2015,membrane,0.0019395566304518147
30|SAS,2020,membrane,0.0025428508537629576
30|SAS,2025,membrane,0.0025428508537629576
31|FSU,1995,membrane,0.000780749496409979
31|FSU,2000,membrane,0.0009973388514076425
31|FSU,2005,membrane,0.002453546246748941
31|FSU,2010,membrane,0.002516793200316992
31|FSU,2015,membrane,0.0026591992461239694
31|FSU,2020,membrane,0.005236790371963556
31|FSU,2025,membrane,0.005236790371963556
31|MEA,1995,membrane,0.011152045777422728
31|MEA,2000,membrane,0.011330602657533648
31|MEA,2005,membrane,0.027989648950667793
31|MEA,2010,membrane,0.0632766556468338
31|MEA,2015,membrane,0.09628870811465366
31|MEA,2020,membrane,0.06186558417595195
31|MEA,2025,membrane,0.06186558417595195
32|LAM,1995,distillation,0.0004712374123776662
32|LAM,1995,membrane,0.005838590545993125
32|LAM,2000,distillation,0.0004995605416336364
32|LAM,2000,membrane,0.01929587857111514
32|LAM,2005,distillation,0.00040885943290908724
32|LAM,2005,membrane,0.03470464099029982
32|LAM,2010,distillation,0.0018577692399162572
32|LAM,2010,membrane,0.0713217414260986
32|LAM,2015,distillation,0.005960016329468905
32|LAM,2015,membrane,0.19379342174679556
32|LAM,2020,distillation,0.00471614590953123
32|LAM,2020,membrane,0.20768264167472464
32|LAM,2025,distillation,0.00471614590953123
32|LAM,2025,membrane,0.20768264167472464
33|LAM,1995,distillation,0.0017200928693991552
33|LAM,1995,membrane,0.0011278140442605256
33|LAM,2000,distillation,0.001823476877953256
33|LAM,2000,membrane,0.003727297312154248
33|LAM,2005,distillation,0.00149240314257959
33|LAM,2005,membrane,0.006703738034300194
33|LAM,2010,distillation,0.006781158580864179
33|LAM,2010,membrane,0.01377689718226157
33|LAM,2015,distillation,0.02175502479333252
33|LAM,2015,membrane,0.03743419597754347
33|LAM,2020,distillation,0.017214696322814995
33|LAM,2020,membrane,0.04011711357129248
33|LAM,2025,distillation,0.017214696322814995
33|LAM,2025,membrane,0.04011711357129248
34|MEA,1995,distillation,0.0008585553458226763
34|MEA,1995,membrane,0.004871124215556457
34|MEA,2000,distillation,0.0018561806780968545
34|MEA,2000,membrane,0.0049491164297135555
34|MEA,2005,distillation,0.00404074472975844
34|MEA,2005,membrane,0.012225654333713747
34|MEA,2010,distillation,0.006093831339002204
34|MEA,2010,membrane,0.02763873604471088
34|MEA,2015,distillation,0.004055586598927261
34|MEA,2015,membrane,0.04205813598178506
34|MEA,2020,distillation,0.0025583432321421677
34|MEA,2020,membrane,0.027022391335508843
34|MEA,2025,distillation,0.0025583432321421677
34|MEA,2025,membrane,0.027022391335508843
35|CHN,1995,distillation,0.00014145917802263654
35|CHN,1995,membrane,0.011938275599016501
35|CHN,2000,distillation,0.0004858401671873193
35|CHN,2000,membrane,0.040047943468754524
35|CHN,2005,distillation,0.01304135733789626
35|CHN,2005,membrane,0.09186426501521783
35|CHN,2010,distillation,0.01866889925360911
35|CHN,2010,membrane,0.2793055382485474
35|CHN,2015,distillation,0.022483032831542012
35|CHN,2015,membrane,0.349228772615612
35|CHN,2020,distillation,0.020290588317859962
35|CHN,2020,membrane,0.2847675287604553
35|CHN,2025,distillation,0.020290588317859962
35|CHN,2025,membrane,0.2847675287604553
36|NAM,1995,membrane,0.0005886985096654308
36|NAM,2000,membrane,0.0007048100309435299
36|NAM,2005,membrane,0.0010610758582890363
36|NAM,2010,membrane,0.0011825859923118246
36|NAM,2015,membrane,0.001337736008350112
36|NAM,2020,membrane,0.0005641693004222771
36|NAM,2025,membrane,0.0005641693004222771
37|LAM,1995,membrane,0.0005072139265937049
37|LAM,2000,membrane,0.0016762844148828521
37|LAM,2005,membrane,0.0030148846864754167
37|LAM,2010,membrane,0.006195909823657459
37|LAM,2015,membrane,0.016835351206410457
37|LAM,2020,membrane,0.018041944770640292
37|LAM,2025,membrane,0.018041944770640292
39|EEU,1995,distillation,0.0035420181745849585
39|EEU,1995,membrane,0.008148576677061634
39|EEU,2000,distillation,0.0022837083705595537
39|EEU,2000,membrane,0.006909424801076225
39|EEU,2005,distillation,0.0007139676646176926
39|EEU,2005,membrane,0.00756127264289795
39|EEU,2010,distillation,0.00024372131249213752
39|EEU,2010,membrane,0.00907777615209625
39|EEU,2015,distillation,0.002877390616943353
39|EEU,2015,membrane,0.008881338430378562
39|EEU,2020,distillation,0.010709517256072701
39|EEU,2020,membrane,0.014163978164387527
39|EEU,2025,distillation,0.010709517256072701
39|EEU,2025,membrane,0.014163978164387527
39|WEU,1995,distillation,0.0001928119443638398
39|WEU,1995,membrane,0.00015736754934321206
39|WEU,2000,distillation,0.0003052736098769331
39|WEU,2000,membrane,0.0003276730995704373
39|WEU,2005,distillation,0.00016323407472850147
39|WEU,2005,membrane,0.0006133063382460971
39|WEU,2010,distillation,7.639831301367819e-05
39|WEU,2010,membrane,0.001009531805749308
39|WEU,2015,distillation,0.0005548020875714986
39|WEU,2015,membrane,0.0006075303229100467
39|WEU,2020,distillation,0.0004999924030399183
39|WEU,2020,membrane,0.00023460055515721418
39|WEU,2025,distillation,0.0004999924030399183
39|WEU,2025,membrane,0.00023460055515721418
3|MEA,1995,distillation,0.0037714033879992725
3|MEA,1995,membrane,0.01742879038028177
3|MEA,2000,distillation,0.008153703930881015
3|MEA,2000,membrane,0.01770784504850333
3|MEA,2005,distillation,0.017749907956427387
3|MEA,2005,membrane,0.043743160144344435
3|MEA,2010,distillation,0.026768566836873158
3|MEA,2010,membrane,0.0988908752030614
3|MEA,2015,distillation,0.017815104307413815
3|MEA,2015,membrane,0.15048321565500883
3|MEA,2020,distillation,0.011238115725807577
3|MEA,2020,membrane,0.09668560548229102
3|MEA,2025,distillation,0.011238115725807577
3|MEA,2025,membrane,0.09668560548229102
40|MEA,1995,distillation,0.0006370118457782377
40|MEA,1995,membrane,0.014903061265820482
40|MEA,2000,distillation,0.0013772077544044433
40|MEA,2000,membrane,0.015141676151092392
40|MEA,2005,distillation,0.0029980621181220136
40|MEA,2005,membrane,0.03740402984760796
40|MEA,2010,distillation,0.004521365766349569
40|MEA,2010,membrane,0.0845599000059811
40|MEA,2015,distillation,0.003009074158894959
40|MEA,2015,membrane,0.12867563000364776
40|MEA,2020,distillation,0.0018981827465992364
40|MEA,2020,membrane,0.0826742114963825
40|MEA,2025,distillation,0.0018981827465992364
40|MEA,2025,membrane,0.0826742114963825
41|WEU,1995,distillation,0.0002508122853513367
41|WEU,1995,membrane,0.00013193246018963387
41|WEU,2000,distillation,0.00039710388276674284
41|WEU,2000,membrane,0.00027471177091285994
41|WEU,2005,distillation,0.00021233700777691282
41|WEU,2005,membrane,0.000514178522779376
41|WEU,2010,distillation,9.937991936738642e-05
41|WEU,2010,membrane,0.0008463626416505216
41|WEU,2015,distillation,0.000721693772450731
41|WEU,2015,membrane,0.0005093360764392084
41|WEU,2020,distillation,0.0006503966218405451
41|WEU,2020,membrane,0.00019668240709678583
41|WEU,2025,distillation,0.0006503966218405451
41|WEU,2025,membrane,0.00019668240709678583
42|FSU,1995,membrane,0.000520499664273318
42|FSU,2000,membrane,0.0006648925676050932
42|FSU,2005,membrane,0.0016356974978326234
42|FSU,2010,membrane,0.0016778621335446571
42|FSU,2015,membrane,0.001772799497415975
42|FSU,2020,membrane,0.0034911935813090283
42|FSU,2025,membrane,0.0034911935813090283
44|FSU,1995,distillation,0.00014786747405537388
44|FSU,1995,membrane,0.00017147970346752418
44|FSU,2000,distillation,1.5595878989136494e-05
44|FSU,2000,membrane,0.00021905024759211333
44|FSU,2005,distillation,4.44173551669934e-05
44|FSU,2005,membrane,0.0005388839631289807
44|FSU,2010,distillation,4.5652886904340004e-05
44|FSU,2010,membrane,0.0005527751905879076
44|FSU,2015,distillation,0.00011628592547409606
44|FSU,2015,membrane,0.0005840525037584563
44|FSU,2020,membrane,0.001150181030196075
44|FSU,2025,membrane,0.001150181030196075
45|WEU,1995,distillation,0.003450648911075712
45|WEU,1995,membrane,0.010381463891954594
45|WEU,2000,distillation,0.005463313245336192
45|WEU,2000,membrane,0.021616441672713056
45|WEU,2005,distillation,0.0029213101090328005
45|WEU,2005,membrane,0.04045953331409227
45|WEU,2010,distillation,0.0013672584262269926
45|WEU,2010,membrane,0.06659834275177537
45|WEU,2015,distillation,0.009928986638548508
45|WEU,2015,membrane,0.040078492274177466
45|WEU,2020,distillation,0.008948087976542325
45|WEU,2020,membrane,0.015476489292499581
45|WEU,2025,distillation,0.008948087976542325
45|WEU,2025,membrane,0.015476489292499581
46|LAM,1995,distillation,0.0008120113513961381
46|LAM,2000,distillation,0.0008608162676842275
46|LAM,2005,distillation,0.0007045249208301216
46|LAM,2010,distillation,0.0032012095632967014
46|LAM,2015,distillation,0.010269984485349966
46|LAM,2020,distillation,0.00812661285541284
46|LAM,2025,distillation,0.00812661285541284
47|WEU,1995,distillation,0.0024007311944122633
47|WEU,1995,membrane,0.07219107619928132
47|WEU,2000,distillation,0.0038010087003709407
47|WEU,2000,membrane,0.15031735448808067
47|WEU,2005,distillation,0.0020324525873368555
47|WEU,2005,membrane,0.2813492666220768
47|WEU,2010,distillation,0.0009512471535804237
47|WEU,2010,membrane,0.46311445923009126
47|WEU,2015,distillation,0.006907926180364441
47|WEU,2015,membrane,0.2786995668269582
47|WEU,2020,distillation,0.00622548236265904
47|WEU,2020,membrane,0.10762108595089889
47|WEU,2025,distillation,0.00622548236265904
47|WEU,2025,membrane,0.10762108595089889
48|EEU,1995,membrane,0.0028455766057354174
48|EEU,2000,membrane,0.002412850532336211
48|EEU,2005,membrane,0.002640483288668804
48|EEU,2010,membrane,0.0031700637392569494
48|EEU,2015,membrane,0.0031014654296923658
48|EEU,2020,membrane,0.004946223924257438
48|EEU,2025,membrane,0.004946223924257438
48|WEU,1995,distillation,0.0005511732103232619
48|WEU,1995,membrane,0.0053522853937226795
48|WEU,2000,distillation,0.0008726567025605685
48|WEU,2000,membrane,0.0111446098771083
48|WEU,2005,distillation,0.00046662176090335895
48|WEU,2005,membrane,0.02085938663830199
48|WEU,2010,distillation,0.0002183926083312065
48|WEU,2010,membrane,0.03433555622465802
48|WEU,2015,distillation,0.0015859600851480186
48|WEU,2015,membrane,0.020662936463878567
48|WEU,2020,distillation,0.0014292808406139237
48|WEU,2020,membrane,0.007979085459281512
48|WEU,2025,distillation,0.0014292808406139237
48|WEU,2025,membrane,0.007979085459281512
49|WEU,1995,distillation,0.0007336259346526612
49|WEU,1995,membrane,0.014565378737172736
49|WEU,2000,distillation,0.0011615288570927247
49|WEU,2000,membrane,0.03032825266165714
49|WEU,2005,distillation,0.0006210857477474711
49|WEU,2005,membrane,0.05676544583521719
49|WEU,2010,distillation,0.0002906862641496058
49|WEU,2010,membrane,0.09343866101575549
49|WEU,2015,distillation,0.002110954284418392
49|WEU,2015,membrane,0.05623083846976977
49|WEU,2020,distillation,0.0019024101188835978
49|WEU,2020,membrane,0.02171379011795737
49|WEU,2025,distillation,0.0019024101188835978
49|WEU,2025,membrane,0.02171379011795737
4|MEA,1995,distillation,0.0017875293836564232
4|MEA,1995,membrane,0.0029299815055127782
4|MEA,2000,distillation,0.003864605257677492
4|MEA,2000,membrane,0.0029768938269691884
4|MEA,2005,distillation,0.008412911260108622
4|MEA,2005,membrane,0.00735373180921468
4|MEA,2010,distillation,0.012687478600549763
4|MEA,2010,membrane,0.01662470137553274
4|MEA,2015,distillation,0.008443812328253775
4|MEA,2015,membrane,0.02529797129570725
4|MEA,2020,distillation,0.005326521724176871
4|MEA,2020,membrane,0.016253969996272207
4|MEA,2025,distillation,0.005326521724176871
4|MEA,2025,membrane,0.016253969996272207
4|WEU,1995,distillation,0.003616587578967561
4|WEU,1995,membrane,0.025663906263332297
4|WEU,2000,distillation,0.005726039168943518
4|WEU,2000,membrane,0.0534377751162075
4|WEU,2005,distillation,0.003061793340008847
4|WEU,2005,membrane,0.1000195811725293
4|WEU,2010,distillation,0.0014330086800948324
4|WEU,2010,membrane,0.164637053450565
4|WEU,2015,distillation,0.01040646286368063
4|WEU,2015,membrane,0.0990776136780958
4|WEU,2020,distillation,0.009378393648684327
4|WEU,2020,membrane,0.03825926426387579
4|WEU,2025,distillation,0.009378393648684327
4|WEU,2025,membrane,0.03825926426387579
50|MEA,1995,membrane,0.0016174239870926702
50|MEA,2000,membrane,0.0016433207764993735
50|MEA,2005,membrane,0.004059446177558246
50|MEA,2010,membrane,0.009177256147333007
50|MEA,2015,membrane,0.013965120776862286
50|MEA,2020,membrane,0.008972603037934287
50|MEA,2025,membrane,0.008972603037934287
50|SAS,1995,membrane,9.447706892527404e-05
50|SAS,2000,membrane,0.00011940630802886984
50|SAS,2005,membrane,0.00028533230288201717
50|SAS,2010,membrane,0.0007541003817013767
50|SAS,2015,membrane,0.0019820727804683736
50|SAS,2020,membrane,0.0025985915455638137
50|SAS,2025,membrane,0.0025985915455638137
51|FSU,1995,distillation,0.0006339391707405491
51|FSU,2000,distillation,6.686283549849976e-05
51|FSU,2005,distillation,0.0001904266065335476
51|FSU,2010,distillation,0.00019572359270309442
51|FSU,2015,distillation,0.0004985423848941893
51|WEU,1995,membrane,1.2050146807419916e-05
51|WEU,2000,membrane,2.509099856447888e-05
51|WEU,2005,membrane,4.696286778710891e-05
51|WEU,2010,membrane,7.730314487841146e-05
51|WEU,2015,membrane,4.652057944334423e-05
51|WEU,2020,membrane,1.7964130105255297e-05
51|WEU,2025,membrane,1.7964130105255297e-05
52|NAM,1995,membrane,3.9525726308758076e-05
52|NAM,2000,membrane,4.732155411532061e-05
52|NAM,2005,membrane,7.124154941618291e-05
52|NAM,2010,membrane,7.93998447443888e-05
52|NAM,2015,membrane,8.981675080079099e-05
52|NAM,2020,membrane,3.7878814018006476e-05
52|NAM,2025,membrane,3.7878814018006476e-05
53|SAS,1995,membrane,0.0006856810324003682
53|SAS,2000,membrane,0.0008666086013856971
53|SAS,2005,membrane,0.0020708405779614274
53|SAS,2010,membrane,0.005472992908654759
53|SAS,2015,membrane,0.01438518072019327
53|SAS,2020,membrane,0.018859655088986408
53|SAS,2025,membrane,0.018859655088986408
54|CHN,1995,membrane,0.0039936723832161925
54|CHN,2000,membrane,0.013397107857766682
54|CHN,2005,membrane,0.030731052835298322
54|CHN,2010,membrane,0.09343517037539753
54|CHN,2015,membrane,0.11682636181848202
54|CHN,2020,membrane,0.09526235223963532
54|CHN,2025,membrane,0.09526235223963532
55|NAM,1995,membrane,0.009654382129905615
55|NAM,2000,membrane,0.011558557149374434
55|NAM,2005,membrane,0.017401151245587193
55|NAM,2010,membrane,0.019393861006613673
55|NAM,2015,membrane,0.021938249208217724
55|NAM,2020,membrane,0.009252114491225157
55|NAM,2025,membrane,0.009252114491225157
56|NAM,1995,distillation,0.0017193678669956277
56|NAM,1995,membrane,0.028101145322358096
56|NAM,2000,distillation,0.0010751997870301865
56|NAM,2000,membrane,0.033643654228810556
56|NAM,2005,distillation,0.001994472115204586
56|NAM,2005,membrane,0.050649774718763786
56|NAM,2010,distillation,0.002142410433662012
56|NAM,2010,membrane,0.05644998293783021
56|NAM,2015,distillation,0.004062165775993599
56|NAM,2015,membrane,0.06385596932284063
56|NAM,2020,distillation,0.007625430038445199
56|NAM,2020,membrane,0.026930259270725093
56|NAM,2025,distillation,0.007625430038445199
56|NAM,2025,membrane,0.026930259270725093
58|NAM,1995,distillation,0.004073300836796338
58|NAM,1995,membrane,0.20821124366386223
58|NAM,2000,distillation,0.0025472223113521997
58|NAM,2000,membrane,0.24927763648139387
58|NAM,2005,distillation,0.004725041738755761
58|NAM,2005,membrane,0.37528194899222367
58|NAM,2010,distillation,0.005075517799134763
58|NAM,2010,membrane,0.4182577264186448
58|NAM,2015,distillation,0.009623550359512593
58|NAM,2015,membrane,0.4731312775885959
58|NAM,2020,distillation,0.01806516868947031
58|NAM,2020,membrane,0.19953573815678924
58|NAM,2025,distillation,0.01806516868947031
58|NAM,2025,membrane,0.19953573815678924
59|PAS,1995,distillation,0.0006122155111226705
59|PAS,1995,membrane,0.000894121019807536
59|PAS,2000,distillation,0.0005762615997019638
59|PAS,2000,membrane,0.0015859920111265344
59|PAS,2005,distillation,0.0002299942245711043
59|PAS,2005,membrane,0.003543547891212768
59|PAS,2010,distillation,0.00022349321176554253
59|PAS,2010,membrane,0.004977101862643199
59|PAS,2015,distillation,0.0009065567037898015
59|PAS,2015,membrane,0.008682957738663594
59|PAS,2020,distillation,0.0004934709258490827
59|PAS,2020,membrane,0.008168495635874184
59|PAS,2025,distillation,0.0004934709258490827
59|PAS,2025,membrane,0.008168495635874184
5|AFR,1995,membrane,0.0006154381033431468
5|AFR,2000,membrane,0.0006293590905331955
5|AFR,2005,membrane,0.0022847344569375027
5|AFR,2010,membrane,0.013251288428399526
5|AFR,2015,membrane,0.02351726176932932
5|AFR,2020,membrane,0.013715552653900552
5|AFR,2025,membrane,0.013715552653900552
5|MEA,1995,distillation,0.0004575899426542262
5|MEA,1995,membrane,0.010676301590473282
5|MEA,2000,distillation,0.0009893009392799809
5|MEA,2000,membrane,0.010847241267476538
5|MEA,2005,distillation,0.0021536225453221043
5|MEA,2005,membrane,0.02679561576170852
5|MEA,2010,distillation,0.003247869745993603
5|MEA,2010,membrane,0.06057728535241414
5|MEA,2015,distillation,0.0021615329148689092
5|MEA,2015,membrane,0.09218104983663995
5|MEA,2020,distillation,0.0013635371774011992
5|MEA,2020,membrane,0.05922640992654866
5|MEA,2025,distillation,0.0013635371774011992
5|MEA,2025,membrane,0.05922640992654866
60|CHN,1995,membrane,0.0008295998995642315
60|CHN,2000,membrane,0.0027829622129153905
60|CHN,2005,membrane,0.006383718016733089
60|CHN,2010,membrane,0.01940915541418875
60|CHN,2015,membrane,0.02426817443473321
60|CHN,2020,membrane,0.019788713311182926
60|CHN,2025,membrane,0.019788713311182926
61|CHN,1995,distillation,0.0002976986059248196
61|CHN,1995,membrane,0.004087092790665705
61|CHN,2000,distillation,0.0010224429584257987
61|CHN,2000,membrane,0.013710494423970123
61|CHN,2005,distillation,0.027445330540785875
61|CHN,2005,membrane,0.03144991687865134
61|CHN,2010,distillation,0.03928840362030792
61|CHN,2010,membrane,0.09562081577867791
61|CHN,2015,distillation,0.047315187494168486
61|CHN,2015,membrane,0.11955917644989592
61|CHN,2020,distillation,0.04270122264286544
61|CHN,2020,membrane,0.09749073927464262
61|CHN,2025,distillation,0.04270122264286544
61|CHN,2025,membrane,0.09749073927464262
61|RCPA,1995,membrane,0.019250221040912553
61|RCPA,2000,membrane,0.022719725101734343
61|RCPA,2005,membrane,0.04523373463769542
61|RCPA,2010,membrane,0.0640924772784972
61|RCPA,2015,membrane,0.060199681125249496
61|RCPA,2020,membrane,0.04648630965301735
61|RCPA,2025,membrane,0.04648630965301735
62|CHN,1995,membrane,0.011892367399958179
62|CHN,2000,membrane,0.03989394057734938
62|CHN,2005,membrane,0.09151100436800906
62|CHN,2010,membrane,0.27823147908969686
62|CHN,2015,membrane,0.3478858262346915
62|CHN,2020,membrane,0.2836724657182888
62|CHN,2025,membrane,0.2836724657182888
63|NAM,1995,membrane,0.018189684750515883
63|NAM,2000,membrane,0.021777313958464366
63|NAM,2005,membrane,0.0327852628158165
63|NAM,2010,membrane,0.036539699077466924
63|NAM,2015,membrane,0.04133354488213493
63|NAM,2020,membrane,0.017431777985020627
63|NAM,2025,membrane,0.017431777985020627
65|SAS,1995,distillation,0.0003977846917340447
65|SAS,1995,membrane,0.014422797867372585
65|SAS,2000,distillation,0.0012524708601649632
65|SAS,2000,membrane,0.018228476649204246
65|SAS,2005,distillation,0.0005633725774620826
65|SAS,2005,membrane,0.04355861349545279
65|SAS,2010,distillation,0.0029312320202295955
65|SAS,2010,membrane,0.11512039377078845
65|SAS,2015,distillation,0.004714658072029556
65|SAS,2015,membrane,0.30258173116830306
65|SAS,2020,distillation,0.010892144272089153
65|SAS,2020,membrane,0.3966990194326828
65|SAS,2025,distillation,0.010892144272089153
65|SAS,2025,membrane,0.3966990194326828
66|SAS,1995,membrane,0.0002813193780310561
66|SAS,2000,membrane,0.0003555498565925576
66|SAS,2005,membrane,0.0008496189275561309
66|SAS,2010,membrane,0.0022454448763753066
66|SAS,2015,membrane,0.005901913428904902
66|SAS,2020,membrane,0.007737688792324612
66|SAS,2025,membrane,0.007737688792324612
67|SAS,1995,distillation,0.0014785148304568168
67|SAS,1995,membrane,0.0012667321289212452
67|SAS,2000,distillation,0.004655274021221004
67|SAS,2000,membrane,0.0016009790364651445
67|SAS,2005,distillation,0.002093983826324008
67|SAS,2005,membrane,0.0038256859531238976
67|SAS,2010,distillation,0.010895014573152402
67|SAS,2010,membrane,0.010110846926130311
67|SAS,2015,distillation,0.017523781143114436
67|SAS,2015,membrane,0.02657528754268847
67|SAS,2020,distillation,0.04048470737161048
67|SAS,2020,membrane,0.03484146405211153
67|SAS,2025,distillation,0.04048470737161048
67|SAS,2025,membrane,0.03484146405211153
68|WEU,1995,membrane,0.00019858804803514832
68|WEU,2000,membrane,0.0004135030475400027
68|WEU,2005,membrane,0.0007739544084418979
68|WEU,2010,membrane,0.001273966275575106
68|WEU,2015,membrane,0.0007666654367587609
68|WEU,2020,membrane,0.00029605129209342223
68|WEU,2025,membrane,0.00029605129209342223
69|PAS,1995,membrane,0.00038346689901477365
69|PAS,2000,membrane,0.0006801936481705903
69|PAS,2005,membrane,0.001519742060919445
69|PAS,2010,membrane,0.0021345587175204397
69|PAS,2015,membrane,0.003723910750961183
69|PAS,2020,membrane,0.003503270387020583
69|PAS,2025,membrane,0.003503270387020583
6|AFR,1995,membrane,4.4445204258655945e-07
6|AFR,2000,membrane,4.545053869567385e-07
6|AFR,2005,membrane,1.6499707941995663e-06
6|AFR,2010,membrane,9.569706810340265e-06
6|AFR,2015,membrane,1.69835032518183e-05
6|AFR,2020,membrane,9.904985341524658e-06
6|AFR,2025,membrane,9.904985341524658e-06
70|PAS,1995,distillation,4.081436740817721e-05
70|PAS,1995,membrane,3.489169640062876e-05
70|PAS,2000,distillation,3.841743998013015e-05
70|PAS,2000,membrane,6.18908967803502e-05
70|PAS,2005,distillation,1.533294830473998e-05
70|PAS,2005,membrane,0.00013828150156664293
70|PAS,2010,distillation,1.489954745103587e-05
70|PAS,2010,membrane,0.0001942237385088335
70|PAS,2015,distillation,6.043711358598555e-05
70|PAS,2015,membrane,0.00033883905932795814
70|PAS,2020,distillation,3.2898061723271516e-05
70|PAS,2020,membrane,0.00031876296772234854
70|PAS,2025,distillation,3.2898061723271516e-05
70|PAS,2025,membrane,0.00031876296772234854
71|PAO,1995,distillation,0.00456727835021134
71|PAO,1995,membrane,0.05917297502475848
71|PAO,2000,distillation,0.000872087374056753
71|PAO,2000,membrane,0.04902615981440768
71|PAO,2005,distillation,0.002664088454901541
71|PAO,2005,membrane,0.071879995849636
71|PAO,2010,distillation,0.0033004984914712615
71|PAO,2010,membrane,0.1174437190783831
71|PAO,2015,distillation,0.029238004712051017
71|PAO,2015,membrane,0.27073753881963797
71|PAO,2020,distillation,0.020531322798238442
71|PAO,2020,membrane,0.15313502515426236
71|PAO,2025,distillation,0.020531322798238442
71|PAO,2025,membrane,0.15313502515426236
72|PAS,1995,distillation,0.003484070376821462
72|PAS,1995,membrane,0.0021247069627078545
72|PAS,2000,distillation,0.0032794594915434394
72|PAS,2000,membrane,0.0037688055578482425
72|PAS,2005,distillation,0.0013088790631893131
72|PAS,2005,membrane,0.008420561322637462
72|PAS,2010,distillation,0.0012718823100465193
72|PAS,2010,membrane,0.011827127142073601
72|PAS,2015,distillation,0.0051591429802079645
72|PAS,2015,membrane,0.0206333822329865
72|PAS,2020,distillation,0.002808304270861496
72|PAS,2020,membrane,0.019410861804956214
72|PAS,2025,distillation,0.002808304270861496
72|PAS,2025,membrane,0.019410861804956214
73|PAS,1995,membrane,0.00017494200259273362
73|PAS,2000,membrane,0.00031031215280262275
73|PAS,2005,membrane,0.0006933237790399555
73|PAS,2010,membrane,0.0009738101975795729
73|PAS,2015,membrane,0.001698890845399047
73|PAS,2020,membrane,0.0015982321778067992
73|PAS,2025,membrane,0.0015982321778067992
75|LAM,1995,membrane,0.0011450690707522145
75|LAM,2000,membrane,0.003784323214776157
75|LAM,2005,membrane,0.006806302085496272
75|LAM,2010,membrane,0.013987677254617437
75|LAM,2015,membrane,0.03800692163792581
75|LAM,2020,membrane,0.040730886613901306
75|LAM,2025,membrane,0.040730886613901306
76|LAM,1995,membrane,2.3066434112734325e-06
76|LAM,2000,membrane,7.623194471367776e-06
76|LAM,2005,membrane,1.3710711660680174e-05
76|LAM,2010,membrane,2.8176975872020924e-05
76|LAM,2015,membrane,7.656168314922384e-05
76|LAM,2020,membrane,8.204887691321741e-05
76|LAM,2025,membrane,8.204887691321741e-05
77|FSU,1995,membrane,0.0005702451029980227
77|FSU,2000,membrane,0.0007284379928004929
77|FSU,2005,membrane,0.0017920251484261854
77|FSU,2010,membrane,0.0018382195625341205
77|FSU,2015,membrane,0.0019422303247979987
77|FSU,2020,membrane,0.0038248555763029293
77|FSU,2025,membrane,0.0038248555763029293
80|AFR,1995,membrane,0.0004370580781796431
80|AFR,2000,membrane,0.00044694417375057936
80|AFR,2005,membrane,0.00162252165648436
80|AFR,2010,membrane,0.009410503871079386
80|AFR,2015,membrane,0.01670096339033429
80|AFR,2020,membrane,0.009740204663186345
80|AFR,2025,membrane,0.009740204663186345
81|NAM,1995,distillation,0.004673911152250734
81|NAM,1995,membrane,0.0014032315090192896
81|NAM,2000,distillation,0.0029228115588080736
81|NAM,2000,membrane,0.0016799968524718993
81|NAM,2005,distillation,0.005421751587341681
81|NAM,2005,membrane,0.0025291979737761764
81|NAM,2010,distillation,0.005823905524120553
81|NAM,2010,membrane,0.0028188315398995833
81|NAM,2015,distillation,0.011042547838167794
81|NAM,2015,membrane,0.0031886496854449196
81|NAM,2020,distillation,0.02072888715762384
81|NAM,2020,membrane,0.0013447632799747113
81|NAM,2025,distillation,0.02072888715762384
81|NAM,2025,membrane,0.0013447632799747113
82|AFR,1995,membrane,3.1564970527617255e-05
82|AFR,2000,membrane,3.2278958738588036e-05
82|AFR,2005,membrane,0.00011718087555013413
82|AFR,2010,membrane,0.0006796402862014056
82|AFR,2015,membrane,0.001206167883669769
82|AFR,2020,membrane,0.0007034517572743888
82|AFR,2025,membrane,0.0007034517572743888
83|LAM,1995,membrane,3.751687665984581e-05
83|LAM,2000,membrane,0.00012398901596082928
83|LAM,2005,membrane,0.00022300069259880592
83|LAM,2010,membrane,0.00045829022521277294
83|LAM,2015,membrane,0.0012452532582805593
83|LAM,2020,membrane,0.0013345008509714343
83|LAM,2025,membrane,0.0013345008509714343
85|MEA,1995,distillation,0.001912743362327091
85|MEA,1995,membrane,0.02350551135803411
85|MEA,2000,distillation,0.004135315549060534
85|MEA,2000,membrane,0.02388186120964603
85|MEA,2005,distillation,0.009002224141179524
85|MEA,2005,membrane,0.058994647659109105
85|MEA,2010,distillation,0.013576219053936986
85|MEA,2010,membrane,0.13337016164479878
85|MEA,2015,distillation,0.009035289786714567
85|MEA,2015,membrane,0.20295068433286884
85|MEA,2020,distillation,0.005699637256518869
85|MEA,2020,membrane,0.13039600271936114
85|MEA,2025,distillation,0.005699637256518869
85|MEA,2025,membrane,0.13039600271936114
85|WEU,1995,distillation,0.004591281357668301
85|WEU,1995,membrane,0.006063134976834276
85|WEU,2000,distillation,0.007269243814953852
85|WEU,2000,membrane,0.012624751667449887
85|WEU,2005,distillation,0.0038869664776730335
85|WEU,2005,membrane,0.023629770727534447
85|WEU,2010,distillation,0.0018192138015843348
85|WEU,2010,membrane,0.038895742020585246
85|WEU,2015,distillation,0.013211072012508542
85|WEU,2015,membrane,0.023407229544444918
85|WEU,2020,distillation,0.011905931484831152
85|WEU,2020,membrane,0.009038806523295452
85|WEU,2025,distillation,0.011905931484831152
85|WEU,2025,membrane,0.009038806523295452
86|WEU,1995,distillation,0.005631254437672894
86|WEU,1995,membrane,0.016759867322491663
86|WEU,2000,distillation,0.00891580330251729
86|WEU,2000,membrane,0.034897650099213494
86|WEU,2005,distillation,0.004767404896657912
86|WEU,2005,membrane,0.06531799535512788
86|WEU,2010,distillation,0.0022312846883446595
86|WEU,2010,membrane,0.10751656992060571
86|WEU,2015,distillation,0.016203517515344913
86|WEU,2015,membrane,0.06470284152519974
86|WEU,2020,distillation,0.014602749055360454
86|WEU,2020,membrane,0.024985292041642862
86|WEU,2025,distillation,0.014602749055360454
86|WEU,2025,membrane,0.024985292041642862
87|MEA,1995,distillation,0.01181666750075844
87|MEA,1995,membrane,0.01697838621133368
87|MEA,2000,distillation,0.025547415202901814
87|MEA,2000,membrane,0.01725022939882772
87|MEA,2005,distillation,0.05561451240076406
87|MEA,2005,membrane,0.042612725888031
87|MEA,2010,distillation,0.0838720288552756
87|MEA,2010,membrane,0.09633528405241129
87|MEA,2015,distillation,0.0558187874471091
87|MEA,2015,membrane,0.1465943475116171
87|MEA,2020,distillation,0.03521158126162726
87|MEA,2020,membrane,0.09418700409709324
87|MEA,2025,distillation,0.03521158126162726
87|MEA,2025,membrane,0.09418700409709324
90|NAM,1995,distillation,0.0015787153077129602
90|NAM,1995,membrane,0.0865067680646153
90|NAM,2000,distillation,0.0009872432742391054
90|NAM,2000,membrane,0.10356886738357335
90|NAM,2005,distillation,0.0018313147055505218
90|NAM,2005,membrane,0.15592063112940188
90|NAM,2010,distillation,0.001967150958181063
90|NAM,2010,membrane,0.17377603386752594
90|NAM,2015,distillation,0.0037298610821631098
90|NAM,2015,membrane,0.19657467567192458
90|NAM,2020,distillation,0.007001633193612706
90|NAM,2020,membrane,0.08290230401388779
90|NAM,2025,distillation,0.007001633193612706
90|NAM,2025,membrane,0.08290230401388779
91|PAO,1995,distillation,0.003192837728177035
91|PAO,1995,membrane,0.005541998863396789
91|PAO,2000,distillation,0.0006096482974431363
91|PAO,2000,membrane,0.004591672496684066
91|PAO,2005,distillation,0.0018623787467687205
91|PAO,2005,membrane,0.006732107945104531
91|PAO,2010,distillation,0.0023072725805890976
91|PAO,2010,membrane,0.01099949693881641
91|PAO,2015,distillation,0.020439350830661496
91|PAO,2015,membrane,0.025356628288327333
91|PAO,2020,distillation,0.014352788906891054
91|PAO,2020,membrane,0.014342259029498991
91|PAO,2025,distillation,0.014352788906891054
91|PAO,2025,membrane,0.014342259029498991
95|AFR,1995,distillation,0.0018691769952340895
95|AFR,1995,membrane,0.0001625905929994496
95|AFR,2000,distillation,0.0013404558867691155
95|AFR,2000,membrane,0.00016626833337670692
95|AFR,2005,distillation,0.004104810296414866
95|AFR,2005,membrane,0.000603596573208308
95|AFR,2010,distillation,0.011901740982971889
95|AFR,2010,membrane,0.0035008148372297474
95|AFR,2015,distillation,0.01673240416725318
95|AFR,2015,membrane,0.006212948980616797
95|AFR,2020,distillation,0.01161843363180024
95|AFR,2020,membrane,0.0036234672945972667
95|AFR,2025,distillation,0.01161843363180024
95|AFR,2025,membrane,0.0036234672945972667
96|AFR,1995,membrane,0.00040647648249862505
96|AFR,2000,membrane,0.00041567083344176844
96|AFR,2005,membrane,0.001508991433020774
96|AFR,2010,membrane,0.008752037093074393
96|AFR,2015,membrane,0.015532372451542034
96|AFR,2020,membrane,0.00905866823649319
96|AFR,2025,membrane,0.00905866823649319
96|MEA,1995,distillation,0.001410344740399311
96|MEA,1995,membrane,0.002738932214054003
96|MEA,2000,distillation,0.0030491390791775584
96|MEA,2000,membrane,0.002782785620033278
96|MEA,2005,distillation,0.00663771194791218
96|MEA,2005,membrane,0.006874232109614206
96|MEA,2010,distillation,0.01001030745386252
96|MEA,2010,membrane,0.01554068858823926
96|MEA,2015,distillation,0.006662092615066356
96|MEA,2015,membrane,0.023648418395016347
96|MEA,2020,distillation,0.004202578132141871
96|MEA,2020,membrane,0.015194130729253855
96|MEA,2025,distillation,0.004202578132141871
96|MEA,2025,membrane,0.015194130729253855
97|NAM,1995,distillation,0.0012188925883044452
97|NAM,1995,membrane,0.01312563229953358
97|NAM,2000,distillation,0.0007622295824613925
97|NAM,2000,membrane,0.015714456814992162
97|NAM,2005,distillation,0.0014139192231448986
97|NAM,2005,membrane,0.023657765951758655
97|NAM,2010,distillation,0.0015187955113176365
97|NAM,2010,membrane,0.026366958031685234
97|NAM,2015,distillation,0.00287974659284194
97|NAM,2015,membrane,0.029826185511202124
97|NAM,2020,distillation,0.005405812412172159
97|NAM,2020,membrane,0.012578728619911677
97|NAM,2025,distillation,0.005405812412172159
97|NAM,2025,membrane,0.012578728619911677
98|CHN,1995,distillation,0.0002976986059248196
98|CHN,1995,membrane,0.004801199157060677
98|CHN,2000,distillation,0.0010224429584257987
98|CHN,2000,membrane,0.016106023925267575
98|CHN,2005,distillation,0.027445330540785875
98|CHN,2005,membrane,0.03694491956538495
98|CHN,2010,distillation,0.03928840362030792
98|CHN,2010,membrane,0.1123279072994243
98|CHN,2015,distillation,0.047315187494168486
98|CHN,2015,membrane,0.1404488340712743
98|CHN,2020,distillation,0.04270122264286544
98|CHN,2020,membrane,0.1145245481814463
98|CHN,2025,distillation,0.04270122264286544
98|CHN,2025,membrane,0.1145245481814463
98|PAS,1995,membrane,0.004199491850246499
98|PAS,2000,membrane,0.007449059330598906
98|PAS,2005,membrane,0.01664327329348483
98|PAS,2010,membrane,0.02337636432539735
98|PAS,2015,membrane,0.04078196290184699
98|PAS,2020,membrane,0.038365646362962955
98|PAS,2025,membrane,0.038365646362962955
98|RCPA,1995,membrane,0.0009625110520456243
98|RCPA,2000,membrane,0.0011359862550867133
98|RCPA,2005,membrane,0.0022616867318847635
98|RCPA,2010,membrane,0.00320462386392485
98|RCPA,2015,membrane,0.0030099840562624646
98|RCPA,2020,membrane,0.00232431548265086
98|RCPA,2025,membrane,0.00232431548265086
9|LAM,1995,distillation,6.0936081796384716e-05
9|LAM,1995,membrane,0.000918824728409128
9|LAM,2000,distillation,6.459856799917411e-05
9|LAM,2000,membrane,0.0030366113615704227
9|LAM,2005,distillation,5.286993602919715e-05
9|LAM,2005,membrane,0.005461503436703929
9|LAM,2010,distillation,0.00024022960696426607
9|LAM,2010,membrane,0.011223972494607307
9|LAM,2015,distillation,0.000770694416489242
9|LAM,2015,membrane,0.03049746110834481
9|LAM,2020,distillation,0.0006098485505572743
9|LAM,2020,membrane,0.032683221289259046
9|LAM,2025,distillation,0.0006098485505572743
9|LAM,2025,membrane,0.032683221289259046
