,technology,mode
0,secondary_aluminum,M1
1,finishing_aluminum,M1
2,prebake_aluminum,M1
3,soderberg_aluminum,M1
4,refining_aluminum,M1
5,export_aluminum,M1
6,furnace_coal_aluminum,high_temp
7,furnace_gas_aluminum,high_temp
8,furnace_foil_aluminum,high_temp
9,MTO_petro,M1
10,coal_NH3,M1
11,export_NFert,M1
12,export_NH3,M1
13,import_NH3,M1
14,import_NFert,M1
15,eaf_steel,M2
16,dri_steel,M1
17,dri_gas_steel,M1
18,dri_coal_steel,M1
19,furnace_biomass_cement,high_temp
20,furnace_coal_cement,high_temp
21,furnace_foil_cement,high_temp
22,furnace_gas_cement,high_temp
23,export_petro,M1
24,import_petro,M1
