,technology,mode,emission
0,soderberg_aluminum,M1,CO2
1,soderberg_aluminum,M1,CF4
2,soderberg_aluminum,M1,SO2
3,prebake_aluminum,M1,CO2
4,prebake_aluminum,M1,CF4
5,prebake_aluminum,M1,SO2
6,meth_coal,feedstock,BCA
7,meth_coal,feedstock,CO
8,meth_coal,feedstock,CO2
9,meth_coal,feedstock,CO2_transformation
10,meth_coal,feedstock,NH3
11,meth_coal,feedstock,NOx
12,meth_coal,feedstock,OCA
13,meth_coal,feedstock,SO2
14,meth_coal,feedstock,VOC
15,meth_coal_ccs,feedstock,BCA
16,meth_coal_ccs,feedstock,CO
17,meth_coal_ccs,feedstock,CO2
18,meth_coal_ccs,feedstock,CO2_transformation
19,meth_coal_ccs,feedstock,NH3
20,meth_coal_ccs,feedstock,NOx
21,meth_coal_ccs,feedstock,OCA
22,meth_coal_ccs,feedstock,SO2
23,meth_coal_ccs,feedstock,VOC
24,meth_ng,feedstock,BCA
25,meth_ng,feedstock,CH4
26,meth_ng,feedstock,CO
27,meth_ng,feedstock,CO2
28,meth_ng,feedstock,CO2_transformation
29,meth_ng,feedstock,NH3
30,meth_ng,feedstock,NOx
31,meth_ng,feedstock,OCA
32,meth_ng,feedstock,SO2
33,meth_ng,feedstock,VOC
34,meth_ng_ccs,feedstock,BCA
35,meth_ng_ccs,feedstock,CH4
36,meth_ng_ccs,feedstock,CO
37,meth_ng_ccs,feedstock,CO2
38,meth_ng_ccs,feedstock,CO2_transformation
39,meth_ng_ccs,feedstock,NH3
40,meth_ng_ccs,feedstock,NOx
41,meth_ng_ccs,feedstock,OCA
42,meth_ng_ccs,feedstock,SO2
43,meth_ng_ccs,feedstock,VOC
44,meth_coal,feedstock,CO2_industry
45,meth_coal_ccs,feedstock,CO2_industry
46,meth_ng,feedstock,CO2_industry
47,meth_ng_ccs,feedstock,CO2_industry
48,meth_coal,fuel,BCA
49,meth_coal,fuel,CO
50,meth_coal,fuel,CO2
51,meth_coal,fuel,CO2_transformation
52,meth_coal,fuel,NH3
53,meth_coal,fuel,NOx
54,meth_coal,fuel,OCA
55,meth_coal,fuel,SO2
56,meth_coal,fuel,VOC
57,meth_coal_ccs,fuel,BCA
58,meth_coal_ccs,fuel,CO
59,meth_coal_ccs,fuel,CO2
60,meth_coal_ccs,fuel,CO2_transformation
61,meth_coal_ccs,fuel,NH3
62,meth_coal_ccs,fuel,NOx
63,meth_coal_ccs,fuel,OCA
64,meth_coal_ccs,fuel,SO2
65,meth_coal_ccs,fuel,VOC
66,meth_ng,fuel,BCA
67,meth_ng,fuel,CH4
68,meth_ng,fuel,CO
69,meth_ng,fuel,CO2
70,meth_ng,fuel,CO2_transformation
71,meth_ng,fuel,NH3
72,meth_ng,fuel,NOx
73,meth_ng,fuel,OCA
74,meth_ng,fuel,SO2
75,meth_ng,fuel,VOC
76,meth_ng_ccs,fuel,BCA
77,meth_ng_ccs,fuel,CH4
78,meth_ng_ccs,fuel,CO
79,meth_ng_ccs,fuel,CO2
80,meth_ng_ccs,fuel,CO2_transformation
81,meth_ng_ccs,fuel,NH3
82,meth_ng_ccs,fuel,NOx
83,meth_ng_ccs,fuel,OCA
84,meth_ng_ccs,fuel,SO2
85,meth_ng_ccs,fuel,VOC
86,meth_coal,fuel,CO2_industry
87,meth_coal_ccs,fuel,CO2_industry
88,meth_ng,fuel,CO2_industry
89,meth_ng_ccs,fuel,CO2_industry
90,meth_exp,fuel,CO2
91,meth_imp,fuel,CO2
92,meth_exp,feedstock,CO2
93,meth_imp,feedstock,CO2
94,loil_trp,ethanol,BCA
95,loil_trp,ethanol,CF4
96,loil_trp,ethanol,CH4
97,loil_trp,ethanol,CO
98,loil_trp,ethanol,CO2_transport
99,loil_trp,ethanol,HFC
100,loil_trp,ethanol,N2O
101,loil_trp,ethanol,NH3
102,loil_trp,ethanol,NOx
103,loil_trp,ethanol,OCA
104,loil_trp,ethanol,SF6
105,loil_trp,ethanol,SO2
106,loil_trp,ethanol,VOC
107,MTO_petro,M1,CO2_industry
108,CH2O_synth,M1,CO2_industry
109,biomass_NH3,M1,CO2_industry
110,biomass_NH3_ccs,M1,CO2
111,biomass_NH3_ccs,M1,CO2_industry
112,coal_NH3,M1,CO2_industry
113,coal_NH3_ccs,M1,CO2
114,coal_NH3_ccs,M1,CO2_industry
115,electr_NH3,M1,CO2_industry
116,fueloil_NH3,M1,CO2_industry
117,fueloil_NH3_ccs,M1,CO2
118,fueloil_NH3_ccs,M1,CO2_industry
119,gas_NH3,M1,CO2_industry
120,gas_NH3_ccs,M1,CO2
121,gas_NH3_ccs,M1,CO2_industry
122,furnace_foil_steel,low_temp,CO2_industry
123,furnace_foil_steel,high_temp,CO2_industry
124,furnace_loil_steel,low_temp,CO2_industry
125,furnace_loil_steel,high_temp,CO2_industry
126,furnace_biomass_steel,low_temp,CO2_industry
127,furnace_biomass_steel,high_temp,CO2_industry
128,furnace_methanol_steel,low_temp,CO2_industry
129,furnace_methanol_steel,high_temp,CO2_industry
130,furnace_gas_steel,low_temp,CO2_industry
131,furnace_gas_steel,high_temp,CO2_industry
132,furnace_gas_steel,low_temp,PM2p5
133,furnace_gas_steel,high_temp,PM2p5
134,furnace_coal_steel,low_temp,CO2_industry
135,furnace_coal_steel,high_temp,CO2_industry
136,furnace_coal_steel,low_temp,PM2p5
137,furnace_coal_steel,high_temp,PM2p5
138,furnace_foil_cement,low_temp,CO2_industry
139,furnace_foil_cement,high_temp,CO2_industry
140,furnace_loil_cement,low_temp,CO2_industry
141,furnace_loil_cement,high_temp,CO2_industry
142,furnace_biomass_cement,low_temp,CO2_industry
143,furnace_biomass_cement,high_temp,CO2_industry
144,furnace_methanol_cement,low_temp,CO2_industry
145,furnace_methanol_cement,high_temp,CO2_industry
146,furnace_gas_cement,low_temp,CO2_industry
147,furnace_gas_cement,high_temp,CO2_industry
148,furnace_gas_cement,low_temp,PM2p5
149,furnace_gas_cement,high_temp,PM2p5
150,furnace_coal_cement,low_temp,CO2_industry
151,furnace_coal_cement,high_temp,CO2_industry
152,furnace_coal_cement,low_temp,PM2p5
153,furnace_coal_cement,high_temp,PM2p5
154,furnace_coal_aluminum,low_temp,CO2_industry
155,furnace_coal_aluminum,high_temp,CO2_industry
156,furnace_coal_aluminum,low_temp,PM2p5
157,furnace_coal_aluminum,high_temp,PM2p5
158,furnace_foil_aluminum,low_temp,CO2_industry
159,furnace_foil_aluminum,high_temp,CO2_industry
160,furnace_loil_aluminum,low_temp,CO2_industry
161,furnace_loil_aluminum,high_temp,CO2_industry
162,furnace_biomass_aluminum,low_temp,CO2_industry
163,furnace_biomass_aluminum,high_temp,CO2_industry
164,furnace_methanol_aluminum,low_temp,CO2_industry
165,furnace_methanol_aluminum,high_temp,CO2_industry
166,furnace_gas_aluminum,low_temp,CO2_industry
167,furnace_gas_aluminum,high_temp,CO2_industry
168,furnace_gas_aluminum,low_temp,PM2p5
169,furnace_gas_aluminum,high_temp,PM2p5
170,furnace_coke_petro,low_temp,CO2_industry
171,furnace_coke_petro,high_temp,CO2_industry
172,furnace_coal_petro,low_temp,CO2_industry
173,furnace_coal_petro,high_temp,CO2_industry
174,furnace_coal_petro,low_temp,PM2p5
175,furnace_coal_petro,high_temp,PM2p5
176,furnace_foil_petro,low_temp,CO2_industry
177,furnace_foil_petro,high_temp,CO2_industry
178,furnace_loil_petro,low_temp,CO2_industry
179,furnace_loil_petro,high_temp,CO2_industry
180,furnace_biomass_petro,low_temp,CO2_industry
181,furnace_biomass_petro,high_temp,CO2_industry
182,furnace_methanol_petro,low_temp,CO2_industry
183,furnace_methanol_petro,high_temp,CO2_industry
184,furnace_gas_petro,low_temp,CO2_industry
185,furnace_gas_petro,high_temp,CO2_industry
186,furnace_gas_petro,low_temp,PM2p5
187,furnace_gas_petro,high_temp,PM2p5
188,furnace_coke_refining,low_temp,CO2_transformation
189,furnace_coke_refining,high_temp,CO2_transformation
190,furnace_coal_refining,low_temp,CO2_transformation
191,furnace_coal_refining,high_temp,CO2_transformation
192,furnace_coal_refining,low_temp,PM2p5
193,furnace_coal_refining,high_temp,PM2p5
194,furnace_foil_refining,low_temp,CO2_transformation
195,furnace_foil_refining,high_temp,CO2_transformation
196,furnace_loil_refining,low_temp,CO2_transformation
197,furnace_loil_refining,high_temp,CO2_transformation
198,furnace_biomass_refining,low_temp,CO2_transformation
199,furnace_biomass_refining,high_temp,CO2_transformation
200,furnace_methanol_refining,low_temp,CO2_transformation
201,furnace_methanol_refining,high_temp,CO2_transformation
202,furnace_gas_refining,low_temp,CO2_transformation
203,furnace_gas_refining,high_temp,CO2_transformation
204,furnace_gas_refining,low_temp,PM2p5
205,furnace_gas_refining,high_temp,PM2p5
206,furnace_coal_resins,low_temp,CO2_industry
207,furnace_coal_resins,high_temp,CO2_industry
208,furnace_coal_resins,low_temp,PM2p5
209,furnace_coal_resins,high_temp,PM2p5
210,furnace_foil_resins,low_temp,CO2_industry
211,furnace_foil_resins,high_temp,CO2_industry
212,furnace_loil_resins,low_temp,CO2_industry
213,furnace_loil_resins,high_temp,CO2_industry
214,furnace_biomass_resins,low_temp,CO2_industry
215,furnace_biomass_resins,high_temp,CO2_industry
216,furnace_methanol_resins,low_temp,CO2_industry
217,furnace_methanol_resins,high_temp,CO2_industry
218,furnace_gas_resins,low_temp,CO2_industry
219,furnace_gas_resins,high_temp,CO2_industry
220,furnace_gas_resins,low_temp,PM2p5
221,furnace_gas_resins,high_temp,PM2p5
222,sinter_steel,M1,NOx
223,sinter_steel,M1,PM2p5
224,sinter_steel,M1,SO2
225,pellet_steel,M1,PM2p5
226,bf_steel,M1,PM2p5
227,bf_ccs_steel,M2,CO2
228,dri_gas_ccs_steel,M1,CO2
229,bof_steel,M2,PM2p5
230,bof_steel,M1,PM2p5
231,eaf_steel,M1,PM2p5
232,eaf_steel,M1,NOx
233,eaf_steel,M1,SO2
234,eaf_steel,M2,PM2p5
235,eaf_steel,M2,NOx
236,eaf_steel,M2,SO2
237,eaf_steel,M3,PM2p5
238,eaf_steel,M3,NOx
239,eaf_steel,M3,SO2
240,finishing_steel,M1,PM2p5
241,DUMMY_limestone_supply_steel,M1,CO2
242,DUMMY_limestone_supply_steel,M1,NOx
243,DUMMY_limestone_supply_steel,M1,SO2
244,DUMMY_limestone_supply_steel,M1,PM2p5
245,DUMMY_coal_supply,M1,CO2_industry
246,DUMMY_gas_supply,M1,CO2_industry
247,prod_charcoal_steel,M1,CO
248,prod_charcoal_steel,M1,CH4
249,prod_charcoal_steel,M1,VOC
250,prod_charcoal_steel,M1,NOx
251,clinker_dry_cement,M1,CO2
252,clinker_wet_cement,M1,CO2
253,clinker_dry_ccs_cement,M1,CO2
254,clinker_wet_ccs_cement,M1,CO2
255,DUMMY_limestone_supply_cement,M1,CO2
256,DUMMY_limestone_supply_cement,M1,NOx
257,DUMMY_limestone_supply_cement,M1,PM2p5
258,DUMMY_limestone_supply_cement,M1,SO2
259,atm_distillation_ref,M1,CO2_transformation
260,vacuum_distillation_ref,M1,CO2_transformation
261,hydrotreating_ref,atm_gasoil,CO2_transformation
262,hydrotreating_ref,vacuum_gasoil,CO2_transformation
263,hydrotreating_ref,kerosene,CO2_transformation
264,hydrotreating_ref,diesel,CO2_transformation
265,hydrotreating_ref,naphtha,CO2_transformation
266,hydrotreating_ref,atm_gasoil,SO2
267,hydrotreating_ref,vacuum_gasoil,SO2
268,hydrotreating_ref,kerosene,SO2
269,hydrotreating_ref,diesel,SO2
270,hydrotreating_ref,naphtha,SO2
271,catalytic_cracking_ref,atm_gasoil,CO2_transformation
272,catalytic_cracking_ref,vacuum_gasoil,CO2_transformation
273,catalytic_cracking_ref,atm_gasoil,SO2
274,catalytic_cracking_ref,vacuum_gasoil,SO2
275,visbreaker_ref,M1,CO2_transformation
276,coking_ref,M1,CO2_transformation
277,catalytic_reforming_ref,M1,CO2_transformation
278,catalytic_reforming_ref,M1,SO2
279,hydro_cracking_ref,cracking_gasoline,CO2_transformation
280,hydro_cracking_ref,cracking_loil,CO2_transformation
