,technology
0,soderberg_aluminum
1,prebake_aluminum
2,meth_bio
3,meth_bio_ccs
4,meth_coal_ccs
5,meth_ng_ccs
6,meth_imp
7,meth_exp
8,MTO_petro
9,biomass_NH3
10,biomass_NH3_ccs
11,coal_NH3
12,coal_NH3_ccs
13,electr_NH3
14,fueloil_NH3
15,fueloil_NH3_ccs
16,gas_NH3
17,gas_NH3_ccs
18,furnace_biomass_aluminum
19,furnace_loil_petro
20,solar_aluminum
21,furnace_gas_steel
22,furnace_ethanol_refining
23,furnace_ethanol_aluminum
24,furnace_loil_refining
25,furnace_gas_petro
26,fc_h2_steel
27,furnace_foil_petro
28,furnace_ethanol_cement
29,furnace_coal_petro
30,furnace_h2_steel
31,hp_elec_refining
32,furnace_h2_refining
33,fc_h2_aluminum
34,fc_h2_petro
35,dheat_steel
36,furnace_biomass_refining
37,furnace_coke_petro
38,furnace_foil_refining
39,furnace_loil_aluminum
40,furnace_h2_aluminum
41,furnace_ethanol_petro
42,furnace_foil_steel
43,furnace_loil_steel
44,furnace_ethanol_steel
45,furnace_methanol_steel
46,furnace_elec_petro
47,solar_steel
48,furnace_methanol_cement
49,hp_elec_petro
50,furnace_gas_cement
51,dheat_petro
52,furnace_elec_cement
53,furnace_biomass_petro
54,hp_elec_aluminum
55,dheat_aluminum
56,furnace_h2_petro
57,furnace_coal_refining
58,furnace_elec_steel
59,furnace_methanol_petro
60,furnace_gas_aluminum
61,solar_petro
62,furnace_elec_refining
63,furnace_coke_refining
64,fc_h2_refining
65,furnace_gas_refining
66,furnace_methanol_aluminum
67,furnace_h2_cement
68,furnace_biomass_steel
69,furnace_foil_cement
70,furnace_elec_aluminum
71,hp_elec_steel
72,solar_refining
73,furnace_coal_aluminum
74,dheat_refining
75,furnace_foil_aluminum
76,furnace_methanol_refining
77,furnace_coal_cement
78,furnace_coal_steel
79,furnace_biomass_cement
80,furnace_loil_cement
81,dri_steel
82,dri_gas_steel
83,dri_h2_steel
84,bof_steel
85,eaf_steel
86,export_steel
87,bf_biomass_steel
88,dri_coal_steel
89,steam_cracker_petro
90,ethanol_to_ethylene_petro
