,technology,mode,commodity,level
0,refining_aluminum,M1,electr,final
1,refining_aluminum,M1,bauxite,primary_material
2,soderberg_aluminum,M1,electr,final
3,soderberg_aluminum,M1,alumina,secondary_material
4,prebake_aluminum,M1,electr,final
5,prebake_aluminum,M1,alumina,secondary_material
6,secondary_aluminum,M1,ht_heat,useful_aluminum
7,secondary_aluminum,M1,aluminum,new_scrap
8,prep_secondary_aluminum_1,M1,aluminum,old_scrap_1
9,prep_secondary_aluminum_2,M1,aluminum,old_scrap_2
10,prep_secondary_aluminum_3,M1,aluminum,old_scrap_3
11,finishing_aluminum,M1,aluminum,final_material
12,manuf_aluminum,M1,aluminum,useful_material
13,scrap_recovery_aluminum_1,M1,aluminum,dummy_end_of_life_1
14,scrap_recovery_aluminum_2,M1,aluminum,dummy_end_of_life_2
15,scrap_recovery_aluminum_3,M1,aluminum,dummy_end_of_life_3
16,trade_aluminum,M1,aluminum,export
17,import_aluminum,M1,aluminum,import
18,export_aluminum,M1,aluminum,product
19,other_EOL_aluminum,M1,aluminum,product
20,total_EOL_aluminum,M1,aluminum,end_of_life
21,import_alumina,M1,alumina,import
22,trade_alumina,M1,alumina,export
23,export_alumina,M1,alumina,secondary_material
24,refining_aluminum,M1,ht_heat,useful_aluminum
25,prep_secondary_aluminum_1,M1,lt_heat,useful_aluminum
26,prep_secondary_aluminum_2,M1,lt_heat,useful_aluminum
27,prep_secondary_aluminum_3,M1,lt_heat,useful_aluminum
28,meth_bio,fuel,biomass,primary
29,meth_bio_ccs,fuel,biomass,primary
30,meth_h2,fuel,hydrogen,secondary
31,meth_h2,fuel,electr,secondary
32,meth_bio,feedstock,biomass,primary
33,meth_bio_ccs,feedstock,biomass,primary
34,meth_h2,feedstock,hydrogen,secondary
35,meth_h2,feedstock,electr,secondary
36,meth_coal,feedstock,coal,secondary
37,meth_coal,feedstock,electr,secondary
38,meth_coal_ccs,feedstock,coal,secondary
39,meth_coal_ccs,feedstock,electr,secondary
40,meth_ng,feedstock,electr,secondary
41,meth_ng,feedstock,gas,secondary
42,meth_ng_ccs,feedstock,electr,secondary
43,meth_ng_ccs,feedstock,gas,secondary
44,meth_coal,fuel,coal,secondary
45,meth_coal,fuel,electr,secondary
46,meth_coal_ccs,fuel,coal,secondary
47,meth_coal_ccs,fuel,electr,secondary
48,meth_ng,fuel,electr,secondary
49,meth_ng,fuel,gas,secondary
50,meth_ng_ccs,fuel,electr,secondary
51,meth_ng_ccs,fuel,gas,secondary
52,meth_bal,feedstock,methanol,primary_material
53,meth_bal,fuel,methanol,primary
54,meth_imp,fuel,methanol,import
55,meth_trd,fuel,methanol,export
56,meth_exp,fuel,methanol,primary
57,meth_imp,feedstock,methanol,import_fs
58,meth_trd,feedstock,methanol,export_fs
59,meth_exp,feedstock,methanol,primary_material
60,meth_t_d,feedstock,methanol,secondary_material
61,meth_t_d,fuel,methanol,secondary
62,loil_trp,M1,lightoil,final
63,loil_trp,M1,methanol,final
64,loil_trp,ethanol,ethanol,final
65,loil_trp,ethanol,lightoil,final
66,MTO_petro,M1,methanol,final_material
67,MTO_petro,M1,ht_heat,useful_petro
68,MTO_petro,M1,electr,final
69,CH2O_synth,M1,methanol,final_material
70,CH2O_synth,M1,electr,final
71,CH2O_to_resin,M1,formaldehyde,final_material
72,CH2O_to_resin,M1,BTX,final_material
73,CH2O_to_resin,M1,ht_heat,useful_resins
74,CH2O_to_resin,M1,electr,final
75,h2_elec,feedstock,electr,secondary
76,h2_elec,fuel,electr,secondary
77,meth_ind_fs,M1,methanol,final_material
78,trade_NFert,M1,Fertilizer Use|Nitrogen,export
79,trade_NH3,M1,NH3,export
80,residual_NH3,M1,NH3,secondary_material
81,biomass_NH3,M1,biomass,primary
82,biomass_NH3,M1,electr,secondary
83,biomass_NH3,M1,freshwater_supply,water_supply
84,biomass_NH3_ccs,M1,biomass,primary
85,biomass_NH3_ccs,M1,electr,secondary
86,biomass_NH3_ccs,M1,freshwater_supply,water_supply
87,coal_NH3,M1,coal,secondary
88,coal_NH3,M1,electr,secondary
89,coal_NH3,M1,freshwater_supply,water_supply
90,coal_NH3_ccs,M1,coal,secondary
91,coal_NH3_ccs,M1,electr,secondary
92,coal_NH3_ccs,M1,freshwater_supply,water_supply
93,electr_NH3,M1,electr,secondary
94,electr_NH3,M1,freshwater_supply,water_supply
95,export_NFert,M1,Fertilizer Use|Nitrogen,final_material
96,export_NH3,M1,NH3,secondary_material
97,fueloil_NH3,M1,fueloil,secondary
98,fueloil_NH3,M1,electr,secondary
99,fueloil_NH3,M1,freshwater_supply,water_supply
100,fueloil_NH3_ccs,M1,fueloil,secondary
101,fueloil_NH3_ccs,M1,electr,secondary
102,fueloil_NH3_ccs,M1,freshwater_supply,water_supply
103,gas_NH3,M1,gas,secondary
104,gas_NH3,M1,electr,secondary
105,gas_NH3,M1,freshwater_supply,water_supply
106,gas_NH3_ccs,M1,gas,secondary
107,gas_NH3_ccs,M1,electr,secondary
108,gas_NH3_ccs,M1,freshwater_supply,water_supply
109,import_NFert,M1,Fertilizer Use|Nitrogen,import
110,import_NH3,M1,NH3,import
111,NH3_to_N_fertil,M1,NH3,secondary_material
112,NH3_to_N_fertil,M1,electr,secondary
113,NH3_to_N_fertil,M1,freshwater_supply,water_supply
114,furnace_foil_steel,low_temp,fueloil,final
115,furnace_foil_steel,high_temp,fueloil,final
116,furnace_loil_steel,low_temp,lightoil,final
117,furnace_loil_steel,high_temp,lightoil,final
118,furnace_biomass_steel,high_temp,biomass,final
119,furnace_biomass_steel,low_temp,biomass,final
120,furnace_ethanol_steel,low_temp,ethanol,final
121,furnace_ethanol_steel,high_temp,ethanol,final
122,furnace_methanol_steel,low_temp,methanol,final
123,furnace_methanol_steel,high_temp,methanol,final
124,furnace_gas_steel,high_temp,gas,final
125,furnace_gas_steel,low_temp,gas,final
126,furnace_coal_steel,high_temp,coal,final
127,furnace_coal_steel,low_temp,coal,final
128,furnace_elec_steel,high_temp,electr,final
129,furnace_elec_steel,low_temp,electr,final
130,furnace_h2_steel,high_temp,hydrogen,final
131,furnace_h2_steel,low_temp,hydrogen,final
132,hp_elec_steel,low_temp,electr,final
133,fc_h2_steel,low_temp,hydrogen,final
134,dheat_steel,low_temp,d_heat,final
135,furnace_foil_cement,high_temp,fueloil,final
136,furnace_loil_cement,high_temp,lightoil,final
137,furnace_biomass_cement,high_temp,biomass,final
138,furnace_ethanol_cement,high_temp,ethanol,final
139,furnace_methanol_cement,high_temp,methanol,final
140,furnace_gas_cement,high_temp,gas,final
141,furnace_coal_cement,high_temp,coal,final
142,furnace_elec_cement,high_temp,electr,final
143,furnace_h2_cement,high_temp,hydrogen,final
144,furnace_coal_aluminum,high_temp,coal,final
145,furnace_coal_aluminum,low_temp,coal,final
146,furnace_foil_aluminum,high_temp,fueloil,final
147,furnace_foil_aluminum,low_temp,fueloil,final
148,furnace_loil_aluminum,high_temp,lightoil,final
149,furnace_loil_aluminum,low_temp,lightoil,final
150,furnace_ethanol_aluminum,high_temp,ethanol,final
151,furnace_ethanol_aluminum,low_temp,ethanol,final
152,furnace_biomass_aluminum,high_temp,biomass,final
153,furnace_biomass_aluminum,low_temp,biomass,final
154,furnace_methanol_aluminum,high_temp,methanol,final
155,furnace_methanol_aluminum,low_temp,methanol,final
156,furnace_gas_aluminum,high_temp,gas,final
157,furnace_gas_aluminum,low_temp,gas,final
158,furnace_elec_aluminum,high_temp,electr,final
159,furnace_elec_aluminum,low_temp,electr,final
160,furnace_h2_aluminum,high_temp,hydrogen,final
161,furnace_h2_aluminum,low_temp,hydrogen,final
162,hp_elec_aluminum,low_temp,electr,final
163,fc_h2_aluminum,low_temp,hydrogen,final
164,dheat_aluminum,low_temp,d_heat,final
165,furnace_coke_petro,high_temp,pet_coke,intermediate
166,furnace_coke_petro,low_temp,pet_coke,intermediate
167,furnace_coal_petro,high_temp,coal,final
168,furnace_coal_petro,low_temp,coal,final
169,furnace_foil_petro,low_temp,fueloil,final
170,furnace_foil_petro,high_temp,fueloil,final
171,furnace_loil_petro,low_temp,lightoil,final
172,furnace_loil_petro,high_temp,lightoil,final
173,furnace_ethanol_petro,low_temp,ethanol,final
174,furnace_ethanol_petro,high_temp,ethanol,final
175,furnace_biomass_petro,high_temp,biomass,final
176,furnace_biomass_petro,low_temp,biomass,final
177,furnace_methanol_petro,low_temp,methanol,final
178,furnace_methanol_petro,high_temp,methanol,final
179,furnace_gas_petro,high_temp,gas,final
180,furnace_gas_petro,low_temp,gas,final
181,furnace_elec_petro,high_temp,electr,final
182,furnace_elec_petro,low_temp,electr,final
183,furnace_h2_petro,high_temp,hydrogen,final
184,furnace_h2_petro,low_temp,hydrogen,final
185,hp_elec_petro,low_temp,electr,final
186,fc_h2_petro,low_temp,hydrogen,final
187,dheat_petro,low_temp,d_heat,final
188,furnace_coke_refining,high_temp,pet_coke,intermediate
189,furnace_coke_refining,low_temp,pet_coke,intermediate
190,furnace_coal_refining,high_temp,coal,secondary
191,furnace_coal_refining,low_temp,coal,secondary
192,furnace_foil_refining,high_temp,fueloil,secondary
193,furnace_foil_refining,low_temp,fueloil,secondary
194,furnace_loil_refining,high_temp,lightoil,secondary
195,furnace_loil_refining,low_temp,lightoil,secondary
196,furnace_ethanol_refining,high_temp,ethanol,secondary
197,furnace_ethanol_refining,low_temp,ethanol,secondary
198,furnace_biomass_refining,high_temp,biomass,primary
199,furnace_biomass_refining,low_temp,biomass,primary
200,furnace_methanol_refining,high_temp,methanol,secondary
201,furnace_methanol_refining,low_temp,methanol,secondary
202,furnace_gas_refining,high_temp,gas,secondary
203,furnace_gas_refining,low_temp,gas,secondary
204,furnace_elec_refining,high_temp,electr,secondary
205,furnace_elec_refining,low_temp,electr,secondary
206,furnace_h2_refining,low_temp,hydrogen,secondary
207,furnace_h2_refining,high_temp,hydrogen,secondary
208,hp_elec_refining,low_temp,electr,secondary
209,fc_h2_refining,low_temp,hydrogen,secondary
210,furnace_coal_resins,high_temp,coal,final
211,furnace_coal_resins,low_temp,coal,final
212,furnace_foil_resins,low_temp,fueloil,final
213,furnace_foil_resins,high_temp,fueloil,final
214,furnace_loil_resins,low_temp,lightoil,final
215,furnace_loil_resins,high_temp,lightoil,final
216,furnace_ethanol_resins,low_temp,ethanol,final
217,furnace_ethanol_resins,high_temp,ethanol,final
218,furnace_biomass_resins,high_temp,biomass,final
219,furnace_biomass_resins,low_temp,biomass,final
220,furnace_methanol_resins,low_temp,methanol,final
221,furnace_methanol_resins,high_temp,methanol,final
222,furnace_gas_resins,high_temp,gas,final
223,furnace_gas_resins,low_temp,gas,final
224,furnace_elec_resins,high_temp,electr,final
225,furnace_elec_resins,low_temp,electr,final
226,furnace_h2_resins,high_temp,hydrogen,final
227,furnace_h2_resins,low_temp,hydrogen,final
228,hp_elec_resins,low_temp,electr,final
229,fc_h2_resins,low_temp,hydrogen,final
230,dheat_resins,low_temp,d_heat,final
231,cokeoven_steel,M1,coal,dummy_emission
232,cokeoven_steel,M1,coal,final
233,sinter_steel,M1,coal,final
234,sinter_steel,M1,coke_iron,final
235,sinter_steel,M1,electr,final
236,sinter_steel,M1,limestone_iron,primary_material
237,sinter_steel,M1,ore_iron,primary_material
238,sinter_steel,M1,coal,dummy_emission
239,pellet_steel,M1,coke_iron,final
240,pellet_steel,M1,electr,final
241,pellet_steel,M1,ore_iron,primary_material
242,bf_steel,M3,charcoal,final
243,bf_steel,M4,charcoal,final
244,bf_steel,M1,coal,final
245,bf_steel,M2,coal,final
246,bf_steel,M3,coal,final
247,bf_steel,M1,coal,dummy_emission
248,bf_steel,M2,coal,dummy_emission
249,bf_steel,M3,coal,dummy_emission
250,bf_steel,M1,co_gas,final
251,bf_steel,M2,co_gas,final
252,bf_steel,M3,co_gas,final
253,bf_steel,M4,co_gas,final
254,bf_steel,M1,coke_iron,final
255,bf_steel,M2,coke_iron,final
256,bf_steel,M3,coke_iron,final
257,bf_steel,M4,coke_iron,final
258,bf_steel,M1,electr,final
259,bf_steel,M2,electr,final
260,bf_steel,M3,electr,final
261,bf_steel,M4,electr,final
262,bf_steel,M1,pellet_iron,secondary_material
263,bf_steel,M2,pellet_iron,secondary_material
264,bf_steel,M3,pellet_iron,secondary_material
265,bf_steel,M4,pellet_iron,secondary_material
266,bf_steel,M1,sinter_iron,secondary_material
267,bf_steel,M2,sinter_iron,secondary_material
268,bf_steel,M3,sinter_iron,secondary_material
269,bf_steel,M4,sinter_iron,secondary_material
270,bf_ccs_steel,M2,electr,final
271,bf_ccs_steel,M2,pig_iron_dummy,tertiary_material
272,dri_steel,M1,pellet_iron,secondary_material
273,dri_gas_steel,M1,electr,final
274,dri_gas_steel,M1,gas,final
275,dri_gas_steel,M1,gas,dummy_emission
276,dri_gas_ccs_steel,M1,electr,final
277,dri_h2_steel,M1,hydrogen,final
278,dri_h2_steel,M1,ht_heat,useful_steel
279,bof_steel,M1,bf_gas,final
280,bof_steel,M2,bf_gas,final
281,bof_steel,M1,electr,final
282,bof_steel,M2,electr,final
283,eaf_steel,M1,pig_iron,tertiary_material
284,eaf_steel,M1,gas,final
285,eaf_steel,M1,electr,final
286,eaf_steel,M1,limestone_iron,primary_material
287,eaf_steel,M2,steel,new_scrap
288,eaf_steel,M2,gas,final
289,eaf_steel,M2,electr,final
290,eaf_steel,M2,limestone_iron,primary_material
291,eaf_steel,M3,sponge_iron,tertiary_material
292,eaf_steel,M3,gas,final
293,eaf_steel,M3,electr,final
294,eaf_steel,M3,limestone_iron,primary_material
295,eaf_steel,M1,gas,dummy_emission
296,eaf_steel,M2,gas,dummy_emission
297,eaf_steel,M3,gas,dummy_emission
298,prep_secondary_steel_1,M1,ht_heat,useful_steel
299,prep_secondary_steel_1,M1,steel,old_scrap_1
300,prep_secondary_steel_2,M1,ht_heat,useful_steel
301,prep_secondary_steel_2,M1,steel,old_scrap_2
302,prep_secondary_steel_3,M1,ht_heat,useful_steel
303,prep_secondary_steel_3,M1,steel,old_scrap_3
304,finishing_steel,M1,coal,final
305,finishing_steel,M1,electr,final
306,finishing_steel,M1,steel,final_material
307,manuf_steel,M1,steel,useful_material
308,scrap_recovery_steel_1,M1,steel,dummy_end_of_life_1
309,scrap_recovery_steel_2,M1,steel,dummy_end_of_life_2
310,scrap_recovery_steel_3,M1,steel,dummy_end_of_life_3
311,trade_steel,M1,steel,export
312,import_steel,M1,steel,import
313,export_steel,M1,steel,useful_material
314,other_EOL_steel,M1,steel,product
315,total_EOL_steel,M1,steel,end_of_life
316,bf_biomass_steel,M1,charcoal,final
317,bf_biomass_steel,M1,electr,final
318,bf_biomass_steel,M1,ore_iron,primary_material
319,prod_charcoal_steel,M1,biomass,primary
320,dri_coal_steel,M1,coal,final
321,dri_coal_steel,M1,electr,final
322,bof_steel,M1,pig_iron,tertiary_material
323,bof_steel,M2,pig_iron,tertiary_material
324,bof_steel,M1,steel,new_scrap
325,bof_steel,M2,steel,new_scrap
326,raw_meal_prep_cement,M1,electr,final
327,raw_meal_prep_cement,M1,limestone_cement,primary_material
328,clinker_dry_cement,M1,electr,final
329,clinker_dry_cement,M1,ht_heat,useful_cement
330,clinker_dry_cement,M1,raw_meal_cement,secondary_material
331,clinker_wet_cement,M1,electr,final
332,clinker_wet_cement,M1,ht_heat,useful_cement
333,clinker_wet_cement,M1,raw_meal_cement,secondary_material
334,clinker_dry_ccs_cement,M1,electr,final
335,clinker_dry_ccs_cement,M1,ht_heat,useful_cement
336,clinker_wet_ccs_cement,M1,electr,final
337,clinker_wet_ccs_cement,M1,ht_heat,useful_cement
338,grinding_ballmill_cement,M1,electr,final
339,grinding_vertmill_cement,M1,electr,final
340,total_EOL_cement,M1,cement,end_of_life
341,other_EOL_cement,M1,cement,product
342,scrap_recovery_cement,M1,cement,dummy_end_of_life
343,grinding_ballmill_cement,M1,clinker_cement,tertiary_material
344,grinding_vertmill_cement,M1,clinker_cement,tertiary_material
345,atm_distillation_ref,M1,crudeoil,secondary
346,atm_distillation_ref,M1,ht_heat,secondary
347,vacuum_distillation_ref,M1,atm_residue,pre_intermediate
348,vacuum_distillation_ref,M1,ht_heat,secondary
349,hydrotreating_ref,atm_gasoil,atm_gasoil,pre_intermediate
350,hydrotreating_ref,atm_residue,atm_residue,pre_intermediate
351,hydrotreating_ref,vacuum_gasoil,vacuum_gasoil,pre_intermediate
352,hydrotreating_ref,vacuum_residue,vacuum_residue,pre_intermediate
353,hydrotreating_ref,naphtha,naphtha,pre_intermediate
354,hydrotreating_ref,kerosene,kerosene,pre_intermediate
355,hydrotreating_ref,diesel,diesel,pre_intermediate
356,catalytic_cracking_ref,atm_gasoil,atm_gasoil,desulfurized
357,catalytic_cracking_ref,vacuum_gasoil,vacuum_gasoil,desulfurized
358,catalytic_cracking_ref,atm_gasoil,ht_heat,secondary
359,catalytic_cracking_ref,vacuum_gasoil,ht_heat,secondary
360,visbreaker_ref,M1,vacuum_residue,desulfurized
361,visbreaker_ref,M1,ht_heat,secondary
362,coking_ref,M1,vacuum_residue,pre_intermediate
363,coking_ref,M1,ht_heat,secondary
364,catalytic_reforming_ref,M1,naphtha,desulfurized
365,catalytic_reforming_ref,M1,ht_heat,secondary
366,hydro_cracking_ref,cracking_gasoline,vacuum_gasoil,desulfurized
367,hydro_cracking_ref,cracking_gasoline,ht_heat,secondary
368,hydro_cracking_ref,cracking_gasoline,hydrogen,refinery
369,hydro_cracking_ref,cracking_loil,vacuum_gasoil,desulfurized
370,hydro_cracking_ref,cracking_loil,ht_heat,secondary
371,hydro_cracking_ref,cracking_loil,hydrogen,refinery
372,steam_cracker_petro,atm_gasoil,atm_gasoil,final
373,steam_cracker_petro,vacuum_gasoil,vacuum_gasoil,final
374,steam_cracker_petro,naphtha,naphtha,final
375,steam_cracker_petro,ethane,ethane,secondary_material
376,steam_cracker_petro,propane,propane,secondary_material
377,steam_cracker_petro,atm_gasoil,ht_heat,useful_petro
378,steam_cracker_petro,vacuum_gasoil,ht_heat,useful_petro
379,steam_cracker_petro,naphtha,ht_heat,useful_petro
380,steam_cracker_petro,ethane,ht_heat,useful_petro
381,steam_cracker_petro,propane,ht_heat,useful_petro
382,steam_cracker_petro,naphtha,electr,final
383,steam_cracker_petro,vacuum_gasoil,electr,final
384,steam_cracker_petro,atm_gasoil,electr,final
385,steam_cracker_petro,ethane,electr,final
386,steam_cracker_petro,propane,electr,final
387,ethanol_to_ethylene_petro,M1,ethanol,final
388,ethanol_to_ethylene_petro,M1,ht_heat,useful_petro
389,agg_ref,gasoline,gasoline,intermediate
390,agg_ref,light_foil,light_foil,intermediate
391,agg_ref,kerosene,kerosene,desulfurized
392,agg_ref,diesel,diesel,desulfurized
393,agg_ref,refinery_gas,refinery_gas,intermediate
394,agg_ref,refinery_gas_int,refinery_gas,pre_intermediate
395,agg_ref,heavy_foil,heavy_foil,intermediate
396,agg_ref,atm_gasoil,atm_gasoil,desulfurized
397,agg_ref,atm_residue,atm_residue,desulfurized
398,agg_ref,vacuum_residue,vacuum_residue,desulfurized
399,gas_processing_petro,M1,gas,final
400,trade_petro,M1,HVC,export
401,import_petro,M1,HVC,import
402,export_petro,M1,HVC,demand
403,feedstock_t/d,atm_gasoil,atm_gasoil,desulfurized
404,feedstock_t/d,vacuum_gasoil,vacuum_gasoil,desulfurized
405,feedstock_t/d,naphtha,naphtha,desulfurized
406,production_HVC,BTX,BTX,final_material
407,production_HVC,propylene,propylene,final_material
408,production_HVC,ethylene,ethylene,final_material
