,relation,technology,mode
0,minimum_recycling_aluminum,scrap_recovery_aluminum_1,M1
1,minimum_recycling_aluminum,scrap_recovery_aluminum_2,M1
2,minimum_recycling_aluminum,scrap_recovery_aluminum_3,M1
3,minimum_recycling_aluminum,total_EOL_aluminum,M1
4,maximum_recycling_aluminum,scrap_recovery_aluminum_1,M1
5,maximum_recycling_aluminum,scrap_recovery_aluminum_2,M1
6,maximum_recycling_aluminum,scrap_recovery_aluminum_3,M1
7,maximum_recycling_aluminum,total_EOL_aluminum,M1
8,meth_exp_limit,meth_bio,fuel
9,CO2_Emission,meth_bio_ccs,fuel
10,meth_exp_limit,meth_bio_ccs,fuel
11,CO2_Emission,meth_h2,fuel
12,meth_exp_limit,meth_h2,fuel
13,meth_exp_limit,meth_bio,feedstock
14,CO2_Emission,meth_bio_ccs,feedstock
15,meth_exp_limit,meth_bio_ccs,feedstock
16,CO2_Emission,meth_h2,feedstock
17,meth_exp_limit,meth_h2,feedstock
18,BCA_Emission,meth_coal,feedstock
19,CO2_cc,meth_coal,feedstock
20,CO_Emission,meth_coal,feedstock
21,NOx_Emission,meth_coal,feedstock
22,OCA_Emission,meth_coal,feedstock
23,SO2_Emission,meth_coal,feedstock
24,VOC_Emission,meth_coal,feedstock
25,meth_exp_limit,meth_coal,feedstock
26,BCA_Emission,meth_coal_ccs,feedstock
27,CO2_Emission,meth_coal_ccs,feedstock
28,CO2_cc,meth_coal_ccs,feedstock
29,CO_Emission,meth_coal_ccs,feedstock
30,NOx_Emission,meth_coal_ccs,feedstock
31,OCA_Emission,meth_coal_ccs,feedstock
32,SO2_Emission,meth_coal_ccs,feedstock
33,VOC_Emission,meth_coal_ccs,feedstock
34,meth_exp_limit,meth_coal_ccs,feedstock
35,BCA_Emission,meth_ng,feedstock
36,CO2_cc,meth_ng,feedstock
37,CO_Emission,meth_ng,feedstock
38,NH3_Emission,meth_ng,feedstock
39,NOx_Emission,meth_ng,feedstock
40,OCA_Emission,meth_ng,feedstock
41,SO2_Emission,meth_ng,feedstock
42,VOC_Emission,meth_ng,feedstock
43,meth_exp_limit,meth_ng,feedstock
44,BCA_Emission,meth_ng_ccs,feedstock
45,CO2_Emission,meth_ng_ccs,feedstock
46,CO2_cc,meth_ng_ccs,feedstock
47,CO_Emission,meth_ng_ccs,feedstock
48,NH3_Emission,meth_ng_ccs,feedstock
49,NOx_Emission,meth_ng_ccs,feedstock
50,OCA_Emission,meth_ng_ccs,feedstock
51,SO2_Emission,meth_ng_ccs,feedstock
52,VOC_Emission,meth_ng_ccs,feedstock
53,meth_exp_limit,meth_ng_ccs,feedstock
54,NH3_Emission,meth_coal,feedstock
55,coal-exp,meth_coal,feedstock
56,NH3_Emission,meth_coal_ccs,feedstock
57,coal-exp,meth_coal_ccs,feedstock
58,CO2_Emission_Global_Total,meth_coal_ccs,feedstock
59,CO2_Emission_Global_Total,meth_ng_ccs,feedstock
60,BCA_Emission,meth_coal,fuel
61,CO2_cc,meth_coal,fuel
62,CO_Emission,meth_coal,fuel
63,NOx_Emission,meth_coal,fuel
64,OCA_Emission,meth_coal,fuel
65,SO2_Emission,meth_coal,fuel
66,VOC_Emission,meth_coal,fuel
67,meth_exp_limit,meth_coal,fuel
68,BCA_Emission,meth_coal_ccs,fuel
69,CO2_Emission,meth_coal_ccs,fuel
70,CO2_cc,meth_coal_ccs,fuel
71,CO_Emission,meth_coal_ccs,fuel
72,NOx_Emission,meth_coal_ccs,fuel
73,OCA_Emission,meth_coal_ccs,fuel
74,SO2_Emission,meth_coal_ccs,fuel
75,VOC_Emission,meth_coal_ccs,fuel
76,meth_exp_limit,meth_coal_ccs,fuel
77,BCA_Emission,meth_ng,fuel
78,CO2_cc,meth_ng,fuel
79,CO_Emission,meth_ng,fuel
80,NH3_Emission,meth_ng,fuel
81,NOx_Emission,meth_ng,fuel
82,OCA_Emission,meth_ng,fuel
83,SO2_Emission,meth_ng,fuel
84,VOC_Emission,meth_ng,fuel
85,meth_exp_limit,meth_ng,fuel
86,BCA_Emission,meth_ng_ccs,fuel
87,CO2_Emission,meth_ng_ccs,fuel
88,CO2_cc,meth_ng_ccs,fuel
89,CO_Emission,meth_ng_ccs,fuel
90,NH3_Emission,meth_ng_ccs,fuel
91,NOx_Emission,meth_ng_ccs,fuel
92,OCA_Emission,meth_ng_ccs,fuel
93,SO2_Emission,meth_ng_ccs,fuel
94,VOC_Emission,meth_ng_ccs,fuel
95,meth_exp_limit,meth_ng_ccs,fuel
96,NH3_Emission,meth_coal,fuel
97,coal-exp,meth_coal,fuel
98,NH3_Emission,meth_coal_ccs,fuel
99,coal-exp,meth_coal_ccs,fuel
100,CO2_Emission_Global_Total,meth_coal_ccs,fuel
101,CO2_Emission_Global_Total,meth_ng_ccs,fuel
102,CO2_Emission,meth_exp,fuel
103,CO2_Emission,meth_exp,feedstock
104,CO2_Emission,meth_imp,fuel
105,CO2_Emission,meth_imp,feedstock
106,CO2_Emission_Global_Total,meth_exp,fuel
107,CO2_Emission_Global_Total,meth_exp,feedstock
108,CO2_Emission_Global_Total,meth_imp,fuel
109,CO2_Emission_Global_Total,meth_imp,feedstock
110,lim_exp_afr_meth,meth_exp,fuel
111,lim_exp_afr_meth,meth_exp,feedstock
112,lim_exp_eeu_meth,meth_exp,fuel
113,lim_exp_eeu_meth,meth_exp,feedstock
114,lim_exp_fsu_meth,meth_exp,fuel
115,lim_exp_fsu_meth,meth_exp,feedstock
116,lim_exp_pao_meth,meth_exp,fuel
117,lim_exp_pao_meth,meth_exp,feedstock
118,lim_exp_weu_meth,meth_exp,fuel
119,CO2_trade,meth_trd,fuel
120,lim_exp_weu_meth,meth_exp,feedstock
121,CO2_Emission_Global_Total,meth_trd,fuel
122,meth_exp_limit,meth_exp,fuel
123,meth_exp_limit,meth_exp,feedstock
124,meth_exp_tot,meth_exp,feedstock
125,meth_exp_tot,meth_exp,fuel
126,CO2_trade,meth_trd,feedstock
127,CO2_Emission_Global_Total,meth_trd,feedstock
128,BCA_Emission,loil_trp,ethanol
129,CO2_trp,loil_trp,ethanol
130,CO_Emission,loil_trp,ethanol
131,NH3_Emission,loil_trp,ethanol
132,NOx_Emission,loil_trp,ethanol
133,OCA_Emission,loil_trp,ethanol
134,SF6_Emission,loil_trp,ethanol
135,SF6_mag_red,loil_trp,ethanol
136,SO2_Emission,loil_trp,ethanol
137,VOC_Emission,loil_trp,ethanol
138,HFC_Emission,loil_trp,ethanol
139,HFC_mobile_red,loil_trp,ethanol
140,PE_total_traditional,meth_exp,fuel
141,PE_total_traditional,meth_imp,fuel
142,PE_total_traditional,meth_exp,feedstock
143,PE_total_traditional,meth_imp,feedstock
144,CO2_cc,MTO_petro,M1
145,CO2_cc,CH2O_synth,M1
146,RES_variable_limt,h2_elec,feedstock
147,h2_exp_limit,h2_elec,feedstock
148,oper_res,h2_elec,feedstock
149,solar_step,h2_elec,feedstock
150,solar_step2,h2_elec,feedstock
151,solar_step3,h2_elec,feedstock
152,wind_step,h2_elec,feedstock
153,wind_step2,h2_elec,feedstock
154,wind_step3,h2_elec,feedstock
155,solar_curtailment_1,h2_elec,feedstock
156,solar_curtailment_2,h2_elec,feedstock
157,solar_curtailment_3,h2_elec,feedstock
158,wind_curtailment_1,h2_elec,feedstock
159,wind_curtailment_2,h2_elec,feedstock
160,wind_curtailment_3,h2_elec,feedstock
161,RES_variable_limt,h2_elec,fuel
162,h2_exp_limit,h2_elec,fuel
163,oper_res,h2_elec,fuel
164,solar_step,h2_elec,fuel
165,solar_step2,h2_elec,fuel
166,solar_step3,h2_elec,fuel
167,wind_step,h2_elec,fuel
168,wind_step2,h2_elec,fuel
169,wind_step3,h2_elec,fuel
170,solar_curtailment_1,h2_elec,fuel
171,solar_curtailment_2,h2_elec,fuel
172,solar_curtailment_3,h2_elec,fuel
173,wind_curtailment_1,h2_elec,fuel
174,wind_curtailment_2,h2_elec,fuel
175,wind_curtailment_3,h2_elec,fuel
176,CO2_feedstocks,meth_t_d,feedstock
177,CO2_cc,meth_bio_ccs,feedstock
178,CO2_cc,meth_bio_ccs,fuel
179,CO2_Emission,meth_ind_fs,M1
180,CO2_ind,meth_ind_fs,M1
181,NFert_trd_cap,trade_NFert,M1
182,NH3_trd_cap,trade_NH3,M1
183,NFert_trd_cap,NH3_to_N_fertil,M1
184,NH3_trd_cap,biomass_NH3,M1
185,NH3_trd_cap,biomass_NH3_ccs,M1
186,NH3_trd_cap,coal_NH3,M1
187,NH3_trd_cap,coal_NH3_ccs,M1
188,NH3_trd_cap,electr_NH3,M1
189,NH3_trd_cap,fueloil_NH3,M1
190,NH3_trd_cap,fueloil_NH3_ccs,M1
191,NH3_trd_cap,gas_NH3,M1
192,NH3_trd_cap,gas_NH3_ccs,M1
193,CO2_cc,biomass_NH3,M1
194,CO2_cc,biomass_NH3_ccs,M1
195,CO2_cc,coal_NH3,M1
196,CO2_Emission,coal_NH3_ccs,M1
197,CO2_cc,coal_NH3_ccs,M1
198,CO2_cc,electr_NH3,M1
199,CO2_cc,fueloil_NH3,M1
200,CO2_Emission,fueloil_NH3_ccs,M1
201,CO2_cc,fueloil_NH3_ccs,M1
202,CO2_cc,gas_NH3,M1
203,CO2_Emission,gas_NH3_ccs,M1
204,CO2_cc,gas_NH3_ccs,M1
205,CO2_Emission,biomass_NH3_ccs,M1
206,bco2_trans_disp,biomass_NH3_ccs,M1
207,co2_trans_disp,coal_NH3_ccs,M1
208,co2_trans_disp,fueloil_NH3_ccs,M1
209,co2_trans_disp,gas_NH3_ccs,M1
210,BCA_Emission,,high_temp
211,CH4_Emission,,high_temp
212,CO_Emission,,high_temp
213,N2O_Emission,,high_temp
214,NH3_Emission,,high_temp
215,NOx_Emission,,high_temp
216,OCA_Emission,,high_temp
217,SO2_Emission,,high_temp
218,VOC_Emission,,high_temp
219,BCA_Emission,furnace_biomass_steel,high_temp
220,BCA_Emission,furnace_biomass_cement,high_temp
221,BCA_Emission,furnace_biomass_aluminum,high_temp
222,BCA_Emission,furnace_biomass_petro,high_temp
223,BCA_Emission,furnace_biomass_refining,high_temp
224,BCA_Emission,furnace_biomass_resins,high_temp
225,CH4_Emission,furnace_biomass_steel,high_temp
226,CH4_Emission,furnace_biomass_cement,high_temp
227,CH4_Emission,furnace_biomass_aluminum,high_temp
228,CH4_Emission,furnace_biomass_petro,high_temp
229,CH4_Emission,furnace_biomass_refining,high_temp
230,CH4_Emission,furnace_biomass_resins,high_temp
231,CO_Emission,furnace_biomass_steel,high_temp
232,CO_Emission,furnace_biomass_cement,high_temp
233,CO_Emission,furnace_biomass_aluminum,high_temp
234,CO_Emission,furnace_biomass_petro,high_temp
235,CO_Emission,furnace_biomass_refining,high_temp
236,CO_Emission,furnace_biomass_resins,high_temp
237,N2O_Emission,furnace_biomass_steel,high_temp
238,N2O_Emission,furnace_biomass_cement,high_temp
239,N2O_Emission,furnace_biomass_aluminum,high_temp
240,N2O_Emission,furnace_biomass_petro,high_temp
241,N2O_Emission,furnace_biomass_refining,high_temp
242,N2O_Emission,furnace_biomass_resins,high_temp
243,NH3_Emission,furnace_biomass_steel,high_temp
244,NH3_Emission,furnace_biomass_cement,high_temp
245,NH3_Emission,furnace_biomass_aluminum,high_temp
246,NH3_Emission,furnace_biomass_petro,high_temp
247,NH3_Emission,furnace_biomass_refining,high_temp
248,NH3_Emission,furnace_biomass_resins,high_temp
249,NOx_Emission,furnace_biomass_steel,high_temp
250,NOx_Emission,furnace_biomass_cement,high_temp
251,NOx_Emission,furnace_biomass_aluminum,high_temp
252,NOx_Emission,furnace_biomass_petro,high_temp
253,NOx_Emission,furnace_biomass_refining,high_temp
254,NOx_Emission,furnace_biomass_resins,high_temp
255,OCA_Emission,furnace_biomass_steel,high_temp
256,OCA_Emission,furnace_biomass_cement,high_temp
257,OCA_Emission,furnace_biomass_aluminum,high_temp
258,OCA_Emission,furnace_biomass_petro,high_temp
259,OCA_Emission,furnace_biomass_refining,high_temp
260,OCA_Emission,furnace_biomass_resins,high_temp
261,SO2_Emission,furnace_biomass_steel,high_temp
262,SO2_Emission,furnace_biomass_cement,high_temp
263,SO2_Emission,furnace_biomass_aluminum,high_temp
264,SO2_Emission,furnace_biomass_petro,high_temp
265,SO2_Emission,furnace_biomass_refining,high_temp
266,SO2_Emission,furnace_biomass_resins,high_temp
267,VOC_Emission,furnace_biomass_steel,high_temp
268,VOC_Emission,furnace_biomass_cement,high_temp
269,VOC_Emission,furnace_biomass_aluminum,high_temp
270,VOC_Emission,furnace_biomass_petro,high_temp
271,VOC_Emission,furnace_biomass_refining,high_temp
272,VOC_Emission,furnace_biomass_resins,high_temp
273,BCA_Emission,furnace_coal_steel,high_temp
274,BCA_Emission,furnace_coal_cement,high_temp
275,BCA_Emission,furnace_coal_aluminum,high_temp
276,BCA_Emission,furnace_coal_petro,high_temp
277,BCA_Emission,furnace_coal_refining,high_temp
278,BCA_Emission,furnace_coal_resins,high_temp
279,CH4_Emission,furnace_coal_steel,high_temp
280,CH4_Emission,furnace_coal_cement,high_temp
281,CH4_Emission,furnace_coal_aluminum,high_temp
282,CH4_Emission,furnace_coal_petro,high_temp
283,CH4_Emission,furnace_coal_refining,high_temp
284,CH4_Emission,furnace_coal_resins,high_temp
285,CO_Emission,furnace_coal_steel,high_temp
286,CO_Emission,furnace_coal_cement,high_temp
287,CO_Emission,furnace_coal_aluminum,high_temp
288,CO_Emission,furnace_coal_petro,high_temp
289,CO_Emission,furnace_coal_refining,high_temp
290,CO_Emission,furnace_coal_resins,high_temp
291,N2O_Emission,furnace_coal_steel,high_temp
292,N2O_Emission,furnace_coal_cement,high_temp
293,N2O_Emission,furnace_coal_aluminum,high_temp
294,N2O_Emission,furnace_coal_petro,high_temp
295,N2O_Emission,furnace_coal_refining,high_temp
296,N2O_Emission,furnace_coal_resins,high_temp
297,NH3_Emission,furnace_coal_steel,high_temp
298,NH3_Emission,furnace_coal_cement,high_temp
299,NH3_Emission,furnace_coal_aluminum,high_temp
300,NH3_Emission,furnace_coal_petro,high_temp
301,NH3_Emission,furnace_coal_refining,high_temp
302,NH3_Emission,furnace_coal_resins,high_temp
303,NOx_Emission,furnace_coal_steel,high_temp
304,NOx_Emission,furnace_coal_cement,high_temp
305,NOx_Emission,furnace_coal_aluminum,high_temp
306,NOx_Emission,furnace_coal_petro,high_temp
307,NOx_Emission,furnace_coal_refining,high_temp
308,NOx_Emission,furnace_coal_resins,high_temp
309,OCA_Emission,furnace_coal_steel,high_temp
310,OCA_Emission,furnace_coal_cement,high_temp
311,OCA_Emission,furnace_coal_aluminum,high_temp
312,OCA_Emission,furnace_coal_petro,high_temp
313,OCA_Emission,furnace_coal_refining,high_temp
314,OCA_Emission,furnace_coal_resins,high_temp
315,SO2_Emission,furnace_coal_steel,high_temp
316,SO2_Emission,furnace_coal_cement,high_temp
317,SO2_Emission,furnace_coal_aluminum,high_temp
318,SO2_Emission,furnace_coal_petro,high_temp
319,SO2_Emission,furnace_coal_refining,high_temp
320,SO2_Emission,furnace_coal_resins,high_temp
321,VOC_Emission,furnace_coal_steel,high_temp
322,VOC_Emission,furnace_coal_cement,high_temp
323,VOC_Emission,furnace_coal_aluminum,high_temp
324,VOC_Emission,furnace_coal_petro,high_temp
325,VOC_Emission,furnace_coal_refining,high_temp
326,VOC_Emission,furnace_coal_resins,high_temp
327,BCA_Emission,furnace_ethanol_steel,high_temp
328,BCA_Emission,furnace_ethanol_cement,high_temp
329,BCA_Emission,furnace_ethanol_aluminum,high_temp
330,BCA_Emission,furnace_ethanol_petro,high_temp
331,BCA_Emission,furnace_ethanol_refining,high_temp
332,BCA_Emission,furnace_ethanol_resins,high_temp
333,CO_Emission,furnace_ethanol_steel,high_temp
334,CO_Emission,furnace_ethanol_cement,high_temp
335,CO_Emission,furnace_ethanol_aluminum,high_temp
336,CO_Emission,furnace_ethanol_petro,high_temp
337,CO_Emission,furnace_ethanol_refining,high_temp
338,CO_Emission,furnace_ethanol_resins,high_temp
339,NH3_Emission,furnace_ethanol_steel,high_temp
340,NH3_Emission,furnace_ethanol_cement,high_temp
341,NH3_Emission,furnace_ethanol_aluminum,high_temp
342,NH3_Emission,furnace_ethanol_petro,high_temp
343,NH3_Emission,furnace_ethanol_refining,high_temp
344,NH3_Emission,furnace_ethanol_resins,high_temp
345,NOx_Emission,furnace_ethanol_steel,high_temp
346,NOx_Emission,furnace_ethanol_cement,high_temp
347,NOx_Emission,furnace_ethanol_aluminum,high_temp
348,NOx_Emission,furnace_ethanol_petro,high_temp
349,NOx_Emission,furnace_ethanol_refining,high_temp
350,NOx_Emission,furnace_ethanol_resins,high_temp
351,OCA_Emission,furnace_ethanol_steel,high_temp
352,OCA_Emission,furnace_ethanol_cement,high_temp
353,OCA_Emission,furnace_ethanol_aluminum,high_temp
354,OCA_Emission,furnace_ethanol_petro,high_temp
355,OCA_Emission,furnace_ethanol_refining,high_temp
356,OCA_Emission,furnace_ethanol_resins,high_temp
357,VOC_Emission,furnace_ethanol_steel,high_temp
358,VOC_Emission,furnace_ethanol_cement,high_temp
359,VOC_Emission,furnace_ethanol_aluminum,high_temp
360,VOC_Emission,furnace_ethanol_petro,high_temp
361,VOC_Emission,furnace_ethanol_refining,high_temp
362,VOC_Emission,furnace_ethanol_resins,high_temp
363,BCA_Emission,furnace_foil_steel,high_temp
364,BCA_Emission,furnace_foil_cement,high_temp
365,BCA_Emission,furnace_foil_aluminum,high_temp
366,BCA_Emission,furnace_foil_petro,high_temp
367,BCA_Emission,furnace_foil_refining,high_temp
368,BCA_Emission,furnace_foil_resins,high_temp
369,CH4_Emission,furnace_foil_steel,high_temp
370,CH4_Emission,furnace_foil_cement,high_temp
371,CH4_Emission,furnace_foil_aluminum,high_temp
372,CH4_Emission,furnace_foil_petro,high_temp
373,CH4_Emission,furnace_foil_refining,high_temp
374,CH4_Emission,furnace_foil_resins,high_temp
375,CO_Emission,furnace_foil_steel,high_temp
376,CO_Emission,furnace_foil_cement,high_temp
377,CO_Emission,furnace_foil_aluminum,high_temp
378,CO_Emission,furnace_foil_petro,high_temp
379,CO_Emission,furnace_foil_refining,high_temp
380,CO_Emission,furnace_foil_resins,high_temp
381,N2O_Emission,furnace_foil_steel,high_temp
382,N2O_Emission,furnace_foil_cement,high_temp
383,N2O_Emission,furnace_foil_aluminum,high_temp
384,N2O_Emission,furnace_foil_petro,high_temp
385,N2O_Emission,furnace_foil_refining,high_temp
386,N2O_Emission,furnace_foil_resins,high_temp
387,NH3_Emission,furnace_foil_steel,high_temp
388,NH3_Emission,furnace_foil_cement,high_temp
389,NH3_Emission,furnace_foil_aluminum,high_temp
390,NH3_Emission,furnace_foil_petro,high_temp
391,NH3_Emission,furnace_foil_refining,high_temp
392,NH3_Emission,furnace_foil_resins,high_temp
393,NOx_Emission,furnace_foil_steel,high_temp
394,NOx_Emission,furnace_foil_cement,high_temp
395,NOx_Emission,furnace_foil_aluminum,high_temp
396,NOx_Emission,furnace_foil_petro,high_temp
397,NOx_Emission,furnace_foil_refining,high_temp
398,NOx_Emission,furnace_foil_resins,high_temp
399,OCA_Emission,furnace_foil_steel,high_temp
400,OCA_Emission,furnace_foil_cement,high_temp
401,OCA_Emission,furnace_foil_aluminum,high_temp
402,OCA_Emission,furnace_foil_petro,high_temp
403,OCA_Emission,furnace_foil_refining,high_temp
404,OCA_Emission,furnace_foil_resins,high_temp
405,SO2_Emission,furnace_foil_steel,high_temp
406,SO2_Emission,furnace_foil_cement,high_temp
407,SO2_Emission,furnace_foil_aluminum,high_temp
408,SO2_Emission,furnace_foil_petro,high_temp
409,SO2_Emission,furnace_foil_refining,high_temp
410,SO2_Emission,furnace_foil_resins,high_temp
411,VOC_Emission,furnace_foil_steel,high_temp
412,VOC_Emission,furnace_foil_cement,high_temp
413,VOC_Emission,furnace_foil_aluminum,high_temp
414,VOC_Emission,furnace_foil_petro,high_temp
415,VOC_Emission,furnace_foil_refining,high_temp
416,VOC_Emission,furnace_foil_resins,high_temp
417,BCA_Emission,furnace_gas_steel,high_temp
418,BCA_Emission,furnace_gas_cement,high_temp
419,BCA_Emission,furnace_gas_aluminum,high_temp
420,BCA_Emission,furnace_gas_petro,high_temp
421,BCA_Emission,furnace_gas_refining,high_temp
422,BCA_Emission,furnace_gas_resins,high_temp
423,CH4_Emission,furnace_gas_steel,high_temp
424,CH4_Emission,furnace_gas_cement,high_temp
425,CH4_Emission,furnace_gas_aluminum,high_temp
426,CH4_Emission,furnace_gas_petro,high_temp
427,CH4_Emission,furnace_gas_refining,high_temp
428,CH4_Emission,furnace_gas_resins,high_temp
429,CO_Emission,furnace_gas_steel,high_temp
430,CO_Emission,furnace_gas_cement,high_temp
431,CO_Emission,furnace_gas_aluminum,high_temp
432,CO_Emission,furnace_gas_petro,high_temp
433,CO_Emission,furnace_gas_refining,high_temp
434,CO_Emission,furnace_gas_resins,high_temp
435,N2O_Emission,furnace_gas_steel,high_temp
436,N2O_Emission,furnace_gas_cement,high_temp
437,N2O_Emission,furnace_gas_aluminum,high_temp
438,N2O_Emission,furnace_gas_petro,high_temp
439,N2O_Emission,furnace_gas_refining,high_temp
440,N2O_Emission,furnace_gas_resins,high_temp
441,NH3_Emission,furnace_gas_steel,high_temp
442,NH3_Emission,furnace_gas_cement,high_temp
443,NH3_Emission,furnace_gas_aluminum,high_temp
444,NH3_Emission,furnace_gas_petro,high_temp
445,NH3_Emission,furnace_gas_refining,high_temp
446,NH3_Emission,furnace_gas_resins,high_temp
447,NOx_Emission,furnace_gas_steel,high_temp
448,NOx_Emission,furnace_gas_cement,high_temp
449,NOx_Emission,furnace_gas_aluminum,high_temp
450,NOx_Emission,furnace_gas_petro,high_temp
451,NOx_Emission,furnace_gas_refining,high_temp
452,NOx_Emission,furnace_gas_resins,high_temp
453,OCA_Emission,furnace_gas_steel,high_temp
454,OCA_Emission,furnace_gas_cement,high_temp
455,OCA_Emission,furnace_gas_aluminum,high_temp
456,OCA_Emission,furnace_gas_petro,high_temp
457,OCA_Emission,furnace_gas_refining,high_temp
458,OCA_Emission,furnace_gas_resins,high_temp
459,SO2_Emission,furnace_gas_steel,high_temp
460,SO2_Emission,furnace_gas_cement,high_temp
461,SO2_Emission,furnace_gas_aluminum,high_temp
462,SO2_Emission,furnace_gas_petro,high_temp
463,SO2_Emission,furnace_gas_refining,high_temp
464,SO2_Emission,furnace_gas_resins,high_temp
465,VOC_Emission,furnace_gas_steel,high_temp
466,VOC_Emission,furnace_gas_cement,high_temp
467,VOC_Emission,furnace_gas_aluminum,high_temp
468,VOC_Emission,furnace_gas_petro,high_temp
469,VOC_Emission,furnace_gas_refining,high_temp
470,VOC_Emission,furnace_gas_resins,high_temp
471,BCA_Emission,furnace_loil_steel,high_temp
472,BCA_Emission,furnace_loil_cement,high_temp
473,BCA_Emission,furnace_loil_aluminum,high_temp
474,BCA_Emission,furnace_loil_petro,high_temp
475,BCA_Emission,furnace_loil_refining,high_temp
476,BCA_Emission,furnace_loil_resins,high_temp
477,CO_Emission,furnace_loil_steel,high_temp
478,CO_Emission,furnace_loil_cement,high_temp
479,CO_Emission,furnace_loil_aluminum,high_temp
480,CO_Emission,furnace_loil_petro,high_temp
481,CO_Emission,furnace_loil_refining,high_temp
482,CO_Emission,furnace_loil_resins,high_temp
483,NH3_Emission,furnace_loil_steel,high_temp
484,NH3_Emission,furnace_loil_cement,high_temp
485,NH3_Emission,furnace_loil_aluminum,high_temp
486,NH3_Emission,furnace_loil_petro,high_temp
487,NH3_Emission,furnace_loil_refining,high_temp
488,NH3_Emission,furnace_loil_resins,high_temp
489,NOx_Emission,furnace_loil_steel,high_temp
490,NOx_Emission,furnace_loil_cement,high_temp
491,NOx_Emission,furnace_loil_aluminum,high_temp
492,NOx_Emission,furnace_loil_petro,high_temp
493,NOx_Emission,furnace_loil_refining,high_temp
494,NOx_Emission,furnace_loil_resins,high_temp
495,OCA_Emission,furnace_loil_steel,high_temp
496,OCA_Emission,furnace_loil_cement,high_temp
497,OCA_Emission,furnace_loil_aluminum,high_temp
498,OCA_Emission,furnace_loil_petro,high_temp
499,OCA_Emission,furnace_loil_refining,high_temp
500,OCA_Emission,furnace_loil_resins,high_temp
501,SO2_Emission,furnace_loil_steel,high_temp
502,SO2_Emission,furnace_loil_cement,high_temp
503,SO2_Emission,furnace_loil_aluminum,high_temp
504,SO2_Emission,furnace_loil_petro,high_temp
505,SO2_Emission,furnace_loil_refining,high_temp
506,SO2_Emission,furnace_loil_resins,high_temp
507,VOC_Emission,furnace_loil_steel,high_temp
508,VOC_Emission,furnace_loil_cement,high_temp
509,VOC_Emission,furnace_loil_aluminum,high_temp
510,VOC_Emission,furnace_loil_petro,high_temp
511,VOC_Emission,furnace_loil_refining,high_temp
512,VOC_Emission,furnace_loil_resins,high_temp
513,BCA_Emission,,low_temp
514,CH4_Emission,,low_temp
515,CO_Emission,,low_temp
516,N2O_Emission,,low_temp
517,NH3_Emission,,low_temp
518,NOx_Emission,,low_temp
519,OCA_Emission,,low_temp
520,SO2_Emission,,low_temp
521,VOC_Emission,,low_temp
522,BCA_Emission,furnace_biomass_steel,low_temp
523,BCA_Emission,furnace_biomass_cement,low_temp
524,BCA_Emission,furnace_biomass_aluminum,low_temp
525,BCA_Emission,furnace_biomass_petro,low_temp
526,BCA_Emission,furnace_biomass_refining,low_temp
527,BCA_Emission,furnace_biomass_resins,low_temp
528,CH4_Emission,furnace_biomass_steel,low_temp
529,CH4_Emission,furnace_biomass_cement,low_temp
530,CH4_Emission,furnace_biomass_aluminum,low_temp
531,CH4_Emission,furnace_biomass_petro,low_temp
532,CH4_Emission,furnace_biomass_refining,low_temp
533,CH4_Emission,furnace_biomass_resins,low_temp
534,CO_Emission,furnace_biomass_steel,low_temp
535,CO_Emission,furnace_biomass_cement,low_temp
536,CO_Emission,furnace_biomass_aluminum,low_temp
537,CO_Emission,furnace_biomass_petro,low_temp
538,CO_Emission,furnace_biomass_refining,low_temp
539,CO_Emission,furnace_biomass_resins,low_temp
540,N2O_Emission,furnace_biomass_steel,low_temp
541,N2O_Emission,furnace_biomass_cement,low_temp
542,N2O_Emission,furnace_biomass_aluminum,low_temp
543,N2O_Emission,furnace_biomass_petro,low_temp
544,N2O_Emission,furnace_biomass_refining,low_temp
545,N2O_Emission,furnace_biomass_resins,low_temp
546,NH3_Emission,furnace_biomass_steel,low_temp
547,NH3_Emission,furnace_biomass_cement,low_temp
548,NH3_Emission,furnace_biomass_aluminum,low_temp
549,NH3_Emission,furnace_biomass_petro,low_temp
550,NH3_Emission,furnace_biomass_refining,low_temp
551,NH3_Emission,furnace_biomass_resins,low_temp
552,NOx_Emission,furnace_biomass_steel,low_temp
553,NOx_Emission,furnace_biomass_cement,low_temp
554,NOx_Emission,furnace_biomass_aluminum,low_temp
555,NOx_Emission,furnace_biomass_petro,low_temp
556,NOx_Emission,furnace_biomass_refining,low_temp
557,NOx_Emission,furnace_biomass_resins,low_temp
558,OCA_Emission,furnace_biomass_steel,low_temp
559,OCA_Emission,furnace_biomass_cement,low_temp
560,OCA_Emission,furnace_biomass_aluminum,low_temp
561,OCA_Emission,furnace_biomass_petro,low_temp
562,OCA_Emission,furnace_biomass_refining,low_temp
563,OCA_Emission,furnace_biomass_resins,low_temp
564,SO2_Emission,furnace_biomass_steel,low_temp
565,SO2_Emission,furnace_biomass_cement,low_temp
566,SO2_Emission,furnace_biomass_aluminum,low_temp
567,SO2_Emission,furnace_biomass_petro,low_temp
568,SO2_Emission,furnace_biomass_refining,low_temp
569,SO2_Emission,furnace_biomass_resins,low_temp
570,VOC_Emission,furnace_biomass_steel,low_temp
571,VOC_Emission,furnace_biomass_cement,low_temp
572,VOC_Emission,furnace_biomass_aluminum,low_temp
573,VOC_Emission,furnace_biomass_petro,low_temp
574,VOC_Emission,furnace_biomass_refining,low_temp
575,VOC_Emission,furnace_biomass_resins,low_temp
576,BCA_Emission,furnace_coal_steel,low_temp
577,BCA_Emission,furnace_coal_cement,low_temp
578,BCA_Emission,furnace_coal_aluminum,low_temp
579,BCA_Emission,furnace_coal_petro,low_temp
580,BCA_Emission,furnace_coal_refining,low_temp
581,BCA_Emission,furnace_coal_resins,low_temp
582,CH4_Emission,furnace_coal_steel,low_temp
583,CH4_Emission,furnace_coal_cement,low_temp
584,CH4_Emission,furnace_coal_aluminum,low_temp
585,CH4_Emission,furnace_coal_petro,low_temp
586,CH4_Emission,furnace_coal_refining,low_temp
587,CH4_Emission,furnace_coal_resins,low_temp
588,CO_Emission,furnace_coal_steel,low_temp
589,CO_Emission,furnace_coal_cement,low_temp
590,CO_Emission,furnace_coal_aluminum,low_temp
591,CO_Emission,furnace_coal_petro,low_temp
592,CO_Emission,furnace_coal_refining,low_temp
593,CO_Emission,furnace_coal_resins,low_temp
594,N2O_Emission,furnace_coal_steel,low_temp
595,N2O_Emission,furnace_coal_cement,low_temp
596,N2O_Emission,furnace_coal_aluminum,low_temp
597,N2O_Emission,furnace_coal_petro,low_temp
598,N2O_Emission,furnace_coal_refining,low_temp
599,N2O_Emission,furnace_coal_resins,low_temp
600,NH3_Emission,furnace_coal_steel,low_temp
601,NH3_Emission,furnace_coal_cement,low_temp
602,NH3_Emission,furnace_coal_aluminum,low_temp
603,NH3_Emission,furnace_coal_petro,low_temp
604,NH3_Emission,furnace_coal_refining,low_temp
605,NH3_Emission,furnace_coal_resins,low_temp
606,NOx_Emission,furnace_coal_steel,low_temp
607,NOx_Emission,furnace_coal_cement,low_temp
608,NOx_Emission,furnace_coal_aluminum,low_temp
609,NOx_Emission,furnace_coal_petro,low_temp
610,NOx_Emission,furnace_coal_refining,low_temp
611,NOx_Emission,furnace_coal_resins,low_temp
612,OCA_Emission,furnace_coal_steel,low_temp
613,OCA_Emission,furnace_coal_cement,low_temp
614,OCA_Emission,furnace_coal_aluminum,low_temp
615,OCA_Emission,furnace_coal_petro,low_temp
616,OCA_Emission,furnace_coal_refining,low_temp
617,OCA_Emission,furnace_coal_resins,low_temp
618,SO2_Emission,furnace_coal_steel,low_temp
619,SO2_Emission,furnace_coal_cement,low_temp
620,SO2_Emission,furnace_coal_aluminum,low_temp
621,SO2_Emission,furnace_coal_petro,low_temp
622,SO2_Emission,furnace_coal_refining,low_temp
623,SO2_Emission,furnace_coal_resins,low_temp
624,VOC_Emission,furnace_coal_steel,low_temp
625,VOC_Emission,furnace_coal_cement,low_temp
626,VOC_Emission,furnace_coal_aluminum,low_temp
627,VOC_Emission,furnace_coal_petro,low_temp
628,VOC_Emission,furnace_coal_refining,low_temp
629,VOC_Emission,furnace_coal_resins,low_temp
630,BCA_Emission,furnace_ethanol_steel,low_temp
631,BCA_Emission,furnace_ethanol_cement,low_temp
632,BCA_Emission,furnace_ethanol_aluminum,low_temp
633,BCA_Emission,furnace_ethanol_petro,low_temp
634,BCA_Emission,furnace_ethanol_refining,low_temp
635,BCA_Emission,furnace_ethanol_resins,low_temp
636,CO_Emission,furnace_ethanol_steel,low_temp
637,CO_Emission,furnace_ethanol_cement,low_temp
638,CO_Emission,furnace_ethanol_aluminum,low_temp
639,CO_Emission,furnace_ethanol_petro,low_temp
640,CO_Emission,furnace_ethanol_refining,low_temp
641,CO_Emission,furnace_ethanol_resins,low_temp
642,NH3_Emission,furnace_ethanol_steel,low_temp
643,NH3_Emission,furnace_ethanol_cement,low_temp
644,NH3_Emission,furnace_ethanol_aluminum,low_temp
645,NH3_Emission,furnace_ethanol_petro,low_temp
646,NH3_Emission,furnace_ethanol_refining,low_temp
647,NH3_Emission,furnace_ethanol_resins,low_temp
648,NOx_Emission,furnace_ethanol_steel,low_temp
649,NOx_Emission,furnace_ethanol_cement,low_temp
650,NOx_Emission,furnace_ethanol_aluminum,low_temp
651,NOx_Emission,furnace_ethanol_petro,low_temp
652,NOx_Emission,furnace_ethanol_refining,low_temp
653,NOx_Emission,furnace_ethanol_resins,low_temp
654,OCA_Emission,furnace_ethanol_steel,low_temp
655,OCA_Emission,furnace_ethanol_cement,low_temp
656,OCA_Emission,furnace_ethanol_aluminum,low_temp
657,OCA_Emission,furnace_ethanol_petro,low_temp
658,OCA_Emission,furnace_ethanol_refining,low_temp
659,OCA_Emission,furnace_ethanol_resins,low_temp
660,VOC_Emission,furnace_ethanol_steel,low_temp
661,VOC_Emission,furnace_ethanol_cement,low_temp
662,VOC_Emission,furnace_ethanol_aluminum,low_temp
663,VOC_Emission,furnace_ethanol_petro,low_temp
664,VOC_Emission,furnace_ethanol_refining,low_temp
665,VOC_Emission,furnace_ethanol_resins,low_temp
666,BCA_Emission,furnace_foil_steel,low_temp
667,BCA_Emission,furnace_foil_cement,low_temp
668,BCA_Emission,furnace_foil_aluminum,low_temp
669,BCA_Emission,furnace_foil_petro,low_temp
670,BCA_Emission,furnace_foil_refining,low_temp
671,BCA_Emission,furnace_foil_resins,low_temp
672,CH4_Emission,furnace_foil_steel,low_temp
673,CH4_Emission,furnace_foil_cement,low_temp
674,CH4_Emission,furnace_foil_aluminum,low_temp
675,CH4_Emission,furnace_foil_petro,low_temp
676,CH4_Emission,furnace_foil_refining,low_temp
677,CH4_Emission,furnace_foil_resins,low_temp
678,CO_Emission,furnace_foil_steel,low_temp
679,CO_Emission,furnace_foil_cement,low_temp
680,CO_Emission,furnace_foil_aluminum,low_temp
681,CO_Emission,furnace_foil_petro,low_temp
682,CO_Emission,furnace_foil_refining,low_temp
683,CO_Emission,furnace_foil_resins,low_temp
684,N2O_Emission,furnace_foil_steel,low_temp
685,N2O_Emission,furnace_foil_cement,low_temp
686,N2O_Emission,furnace_foil_aluminum,low_temp
687,N2O_Emission,furnace_foil_petro,low_temp
688,N2O_Emission,furnace_foil_refining,low_temp
689,N2O_Emission,furnace_foil_resins,low_temp
690,NH3_Emission,furnace_foil_steel,low_temp
691,NH3_Emission,furnace_foil_cement,low_temp
692,NH3_Emission,furnace_foil_aluminum,low_temp
693,NH3_Emission,furnace_foil_petro,low_temp
694,NH3_Emission,furnace_foil_refining,low_temp
695,NH3_Emission,furnace_foil_resins,low_temp
696,NOx_Emission,furnace_foil_steel,low_temp
697,NOx_Emission,furnace_foil_cement,low_temp
698,NOx_Emission,furnace_foil_aluminum,low_temp
699,NOx_Emission,furnace_foil_petro,low_temp
700,NOx_Emission,furnace_foil_refining,low_temp
701,NOx_Emission,furnace_foil_resins,low_temp
702,OCA_Emission,furnace_foil_steel,low_temp
703,OCA_Emission,furnace_foil_cement,low_temp
704,OCA_Emission,furnace_foil_aluminum,low_temp
705,OCA_Emission,furnace_foil_petro,low_temp
706,OCA_Emission,furnace_foil_refining,low_temp
707,OCA_Emission,furnace_foil_resins,low_temp
708,SO2_Emission,furnace_foil_steel,low_temp
709,SO2_Emission,furnace_foil_cement,low_temp
710,SO2_Emission,furnace_foil_aluminum,low_temp
711,SO2_Emission,furnace_foil_petro,low_temp
712,SO2_Emission,furnace_foil_refining,low_temp
713,SO2_Emission,furnace_foil_resins,low_temp
714,VOC_Emission,furnace_foil_steel,low_temp
715,VOC_Emission,furnace_foil_cement,low_temp
716,VOC_Emission,furnace_foil_aluminum,low_temp
717,VOC_Emission,furnace_foil_petro,low_temp
718,VOC_Emission,furnace_foil_refining,low_temp
719,VOC_Emission,furnace_foil_resins,low_temp
720,BCA_Emission,furnace_gas_steel,low_temp
721,BCA_Emission,furnace_gas_cement,low_temp
722,BCA_Emission,furnace_gas_aluminum,low_temp
723,BCA_Emission,furnace_gas_petro,low_temp
724,BCA_Emission,furnace_gas_refining,low_temp
725,BCA_Emission,furnace_gas_resins,low_temp
726,CH4_Emission,furnace_gas_steel,low_temp
727,CH4_Emission,furnace_gas_cement,low_temp
728,CH4_Emission,furnace_gas_aluminum,low_temp
729,CH4_Emission,furnace_gas_petro,low_temp
730,CH4_Emission,furnace_gas_refining,low_temp
731,CH4_Emission,furnace_gas_resins,low_temp
732,CO_Emission,furnace_gas_steel,low_temp
733,CO_Emission,furnace_gas_cement,low_temp
734,CO_Emission,furnace_gas_aluminum,low_temp
735,CO_Emission,furnace_gas_petro,low_temp
736,CO_Emission,furnace_gas_refining,low_temp
737,CO_Emission,furnace_gas_resins,low_temp
738,N2O_Emission,furnace_gas_steel,low_temp
739,N2O_Emission,furnace_gas_cement,low_temp
740,N2O_Emission,furnace_gas_aluminum,low_temp
741,N2O_Emission,furnace_gas_petro,low_temp
742,N2O_Emission,furnace_gas_refining,low_temp
743,N2O_Emission,furnace_gas_resins,low_temp
744,NH3_Emission,furnace_gas_steel,low_temp
745,NH3_Emission,furnace_gas_cement,low_temp
746,NH3_Emission,furnace_gas_aluminum,low_temp
747,NH3_Emission,furnace_gas_petro,low_temp
748,NH3_Emission,furnace_gas_refining,low_temp
749,NH3_Emission,furnace_gas_resins,low_temp
750,NOx_Emission,furnace_gas_steel,low_temp
751,NOx_Emission,furnace_gas_cement,low_temp
752,NOx_Emission,furnace_gas_aluminum,low_temp
753,NOx_Emission,furnace_gas_petro,low_temp
754,NOx_Emission,furnace_gas_refining,low_temp
755,NOx_Emission,furnace_gas_resins,low_temp
756,OCA_Emission,furnace_gas_steel,low_temp
757,OCA_Emission,furnace_gas_cement,low_temp
758,OCA_Emission,furnace_gas_aluminum,low_temp
759,OCA_Emission,furnace_gas_petro,low_temp
760,OCA_Emission,furnace_gas_refining,low_temp
761,OCA_Emission,furnace_gas_resins,low_temp
762,SO2_Emission,furnace_gas_steel,low_temp
763,SO2_Emission,furnace_gas_cement,low_temp
764,SO2_Emission,furnace_gas_aluminum,low_temp
765,SO2_Emission,furnace_gas_petro,low_temp
766,SO2_Emission,furnace_gas_refining,low_temp
767,SO2_Emission,furnace_gas_resins,low_temp
768,VOC_Emission,furnace_gas_steel,low_temp
769,VOC_Emission,furnace_gas_cement,low_temp
770,VOC_Emission,furnace_gas_aluminum,low_temp
771,VOC_Emission,furnace_gas_petro,low_temp
772,VOC_Emission,furnace_gas_refining,low_temp
773,VOC_Emission,furnace_gas_resins,low_temp
774,BCA_Emission,furnace_loil_steel,low_temp
775,BCA_Emission,furnace_loil_cement,low_temp
776,BCA_Emission,furnace_loil_aluminum,low_temp
777,BCA_Emission,furnace_loil_petro,low_temp
778,BCA_Emission,furnace_loil_refining,low_temp
779,BCA_Emission,furnace_loil_resins,low_temp
780,CO_Emission,furnace_loil_steel,low_temp
781,CO_Emission,furnace_loil_cement,low_temp
782,CO_Emission,furnace_loil_aluminum,low_temp
783,CO_Emission,furnace_loil_petro,low_temp
784,CO_Emission,furnace_loil_refining,low_temp
785,CO_Emission,furnace_loil_resins,low_temp
786,NH3_Emission,furnace_loil_steel,low_temp
787,NH3_Emission,furnace_loil_cement,low_temp
788,NH3_Emission,furnace_loil_aluminum,low_temp
789,NH3_Emission,furnace_loil_petro,low_temp
790,NH3_Emission,furnace_loil_refining,low_temp
791,NH3_Emission,furnace_loil_resins,low_temp
792,NOx_Emission,furnace_loil_steel,low_temp
793,NOx_Emission,furnace_loil_cement,low_temp
794,NOx_Emission,furnace_loil_aluminum,low_temp
795,NOx_Emission,furnace_loil_petro,low_temp
796,NOx_Emission,furnace_loil_refining,low_temp
797,NOx_Emission,furnace_loil_resins,low_temp
798,OCA_Emission,furnace_loil_steel,low_temp
799,OCA_Emission,furnace_loil_cement,low_temp
800,OCA_Emission,furnace_loil_aluminum,low_temp
801,OCA_Emission,furnace_loil_petro,low_temp
802,OCA_Emission,furnace_loil_refining,low_temp
803,OCA_Emission,furnace_loil_resins,low_temp
804,SO2_Emission,furnace_loil_steel,low_temp
805,SO2_Emission,furnace_loil_cement,low_temp
806,SO2_Emission,furnace_loil_aluminum,low_temp
807,SO2_Emission,furnace_loil_petro,low_temp
808,SO2_Emission,furnace_loil_refining,low_temp
809,SO2_Emission,furnace_loil_resins,low_temp
810,VOC_Emission,furnace_loil_steel,low_temp
811,VOC_Emission,furnace_loil_cement,low_temp
812,VOC_Emission,furnace_loil_aluminum,low_temp
813,VOC_Emission,furnace_loil_petro,low_temp
814,VOC_Emission,furnace_loil_refining,low_temp
815,VOC_Emission,furnace_loil_resins,low_temp
816,IndThermDemLink,furnace_foil_steel,high_temp
817,IndThermDemLink,furnace_foil_steel,low_temp
818,IndThermDemLink,furnace_loil_steel,high_temp
819,IndThermDemLink,furnace_loil_steel,low_temp
820,IndThermDemLink,furnace_biomass_steel,high_temp
821,IndThermDemLink,furnace_biomass_steel,low_temp
822,IndThermDemLink,furnace_ethanol_steel,high_temp
823,IndThermDemLink,furnace_ethanol_steel,low_temp
824,IndThermDemLink,furnace_methanol_steel,high_temp
825,IndThermDemLink,furnace_methanol_steel,low_temp
826,IndThermDemLink,furnace_gas_steel,high_temp
827,IndThermDemLink,furnace_gas_steel,low_temp
828,IndThermDemLink,furnace_coal_steel,high_temp
829,IndThermDemLink,furnace_coal_steel,low_temp
830,IndThermDemLink,furnace_elec_steel,high_temp
831,IndThermDemLink,furnace_elec_steel,low_temp
832,IndThermDemLink,furnace_h2_steel,high_temp
833,IndThermDemLink,furnace_h2_steel,low_temp
834,IndThermDemLink,hp_elec_steel,high_temp
835,IndThermDemLink,hp_elec_steel,low_temp
836,IndThermDemLink,fc_h2_steel,high_temp
837,IndThermDemLink,fc_h2_steel,low_temp
838,IndThermDemLink,solar_steel,high_temp
839,IndThermDemLink,solar_steel,low_temp
840,IndThermDemLink,dheat_steel,high_temp
841,IndThermDemLink,dheat_steel,low_temp
842,IndThermDemLink,furnace_foil_cement,high_temp
843,IndThermDemLink,furnace_foil_cement,low_temp
844,IndThermDemLink,furnace_loil_cement,high_temp
845,IndThermDemLink,furnace_loil_cement,low_temp
846,IndThermDemLink,furnace_biomass_cement,high_temp
847,IndThermDemLink,furnace_biomass_cement,low_temp
848,IndThermDemLink,furnace_ethanol_cement,high_temp
849,IndThermDemLink,furnace_ethanol_cement,low_temp
850,IndThermDemLink,furnace_methanol_cement,high_temp
851,IndThermDemLink,furnace_methanol_cement,low_temp
852,IndThermDemLink,furnace_gas_cement,high_temp
853,IndThermDemLink,furnace_gas_cement,low_temp
854,IndThermDemLink,furnace_coal_cement,high_temp
855,IndThermDemLink,furnace_coal_cement,low_temp
856,IndThermDemLink,furnace_elec_cement,high_temp
857,IndThermDemLink,furnace_elec_cement,low_temp
858,IndThermDemLink,furnace_h2_cement,high_temp
859,IndThermDemLink,furnace_h2_cement,low_temp
860,IndThermDemLink,hp_elec_cement,high_temp
861,IndThermDemLink,hp_elec_cement,low_temp
862,IndThermDemLink,fc_h2_cement,high_temp
863,IndThermDemLink,fc_h2_cement,low_temp
864,IndThermDemLink,solar_cement,high_temp
865,IndThermDemLink,solar_cement,low_temp
866,IndThermDemLink,dheat_cement,high_temp
867,IndThermDemLink,dheat_cement,low_temp
868,IndThermDemLink,furnace_coal_aluminum,high_temp
869,IndThermDemLink,furnace_coal_aluminum,low_temp
870,IndThermDemLink,furnace_foil_aluminum,high_temp
871,IndThermDemLink,furnace_foil_aluminum,low_temp
872,IndThermDemLink,furnace_loil_aluminum,high_temp
873,IndThermDemLink,furnace_loil_aluminum,low_temp
874,IndThermDemLink,furnace_ethanol_aluminum,high_temp
875,IndThermDemLink,furnace_ethanol_aluminum,low_temp
876,IndThermDemLink,furnace_biomass_aluminum,high_temp
877,IndThermDemLink,furnace_biomass_aluminum,low_temp
878,IndThermDemLink,furnace_methanol_aluminum,high_temp
879,IndThermDemLink,furnace_methanol_aluminum,low_temp
880,IndThermDemLink,furnace_gas_aluminum,high_temp
881,IndThermDemLink,furnace_gas_aluminum,low_temp
882,IndThermDemLink,furnace_elec_aluminum,high_temp
883,IndThermDemLink,furnace_elec_aluminum,low_temp
884,IndThermDemLink,furnace_h2_aluminum,high_temp
885,IndThermDemLink,furnace_h2_aluminum,low_temp
886,IndThermDemLink,hp_elec_aluminum,high_temp
887,IndThermDemLink,hp_elec_aluminum,low_temp
888,IndThermDemLink,fc_h2_aluminum,high_temp
889,IndThermDemLink,fc_h2_aluminum,low_temp
890,IndThermDemLink,solar_aluminum,high_temp
891,IndThermDemLink,solar_aluminum,low_temp
892,IndThermDemLink,dheat_aluminum,high_temp
893,IndThermDemLink,dheat_aluminum,low_temp
894,IndThermDemLink,furnace_coke_petro,high_temp
895,IndThermDemLink,furnace_coke_petro,low_temp
896,IndThermDemLink,furnace_coal_petro,high_temp
897,IndThermDemLink,furnace_coal_petro,low_temp
898,IndThermDemLink,furnace_foil_petro,high_temp
899,IndThermDemLink,furnace_foil_petro,low_temp
900,IndThermDemLink,furnace_loil_petro,high_temp
901,IndThermDemLink,furnace_loil_petro,low_temp
902,IndThermDemLink,furnace_ethanol_petro,high_temp
903,IndThermDemLink,furnace_ethanol_petro,low_temp
904,IndThermDemLink,furnace_biomass_petro,high_temp
905,IndThermDemLink,furnace_biomass_petro,low_temp
906,IndThermDemLink,furnace_methanol_petro,high_temp
907,IndThermDemLink,furnace_methanol_petro,low_temp
908,IndThermDemLink,furnace_gas_petro,high_temp
909,IndThermDemLink,furnace_gas_petro,low_temp
910,IndThermDemLink,furnace_elec_petro,high_temp
911,IndThermDemLink,furnace_elec_petro,low_temp
912,IndThermDemLink,furnace_h2_petro,high_temp
913,IndThermDemLink,furnace_h2_petro,low_temp
914,IndThermDemLink,hp_elec_petro,high_temp
915,IndThermDemLink,hp_elec_petro,low_temp
916,IndThermDemLink,fc_h2_petro,high_temp
917,IndThermDemLink,fc_h2_petro,low_temp
918,IndThermDemLink,solar_petro,high_temp
919,IndThermDemLink,solar_petro,low_temp
920,IndThermDemLink,dheat_petro,high_temp
921,IndThermDemLink,dheat_petro,low_temp
922,IndThermDemLink,furnace_coke_refining,high_temp
923,IndThermDemLink,furnace_coke_refining,low_temp
924,IndThermDemLink,furnace_coal_refining,high_temp
925,IndThermDemLink,furnace_coal_refining,low_temp
926,IndThermDemLink,furnace_foil_refining,high_temp
927,IndThermDemLink,furnace_foil_refining,low_temp
928,IndThermDemLink,furnace_loil_refining,high_temp
929,IndThermDemLink,furnace_loil_refining,low_temp
930,IndThermDemLink,furnace_ethanol_refining,high_temp
931,IndThermDemLink,furnace_ethanol_refining,low_temp
932,IndThermDemLink,furnace_biomass_refining,high_temp
933,IndThermDemLink,furnace_biomass_refining,low_temp
934,IndThermDemLink,furnace_methanol_refining,high_temp
935,IndThermDemLink,furnace_methanol_refining,low_temp
936,IndThermDemLink,furnace_gas_refining,high_temp
937,IndThermDemLink,furnace_gas_refining,low_temp
938,IndThermDemLink,furnace_elec_refining,high_temp
939,IndThermDemLink,furnace_elec_refining,low_temp
940,IndThermDemLink,furnace_h2_refining,high_temp
941,IndThermDemLink,furnace_h2_refining,low_temp
942,IndThermDemLink,hp_elec_refining,high_temp
943,IndThermDemLink,hp_elec_refining,low_temp
944,IndThermDemLink,fc_h2_refining,high_temp
945,IndThermDemLink,fc_h2_refining,low_temp
946,IndThermDemLink,solar_refining,high_temp
947,IndThermDemLink,solar_refining,low_temp
948,IndThermDemLink,dheat_refining,high_temp
949,IndThermDemLink,dheat_refining,low_temp
950,IndThermDemLink,furnace_coal_resins,high_temp
951,IndThermDemLink,furnace_coal_resins,low_temp
952,IndThermDemLink,furnace_foil_resins,high_temp
953,IndThermDemLink,furnace_foil_resins,low_temp
954,IndThermDemLink,furnace_loil_resins,high_temp
955,IndThermDemLink,furnace_loil_resins,low_temp
956,IndThermDemLink,furnace_ethanol_resins,high_temp
957,IndThermDemLink,furnace_ethanol_resins,low_temp
958,IndThermDemLink,furnace_biomass_resins,high_temp
959,IndThermDemLink,furnace_biomass_resins,low_temp
960,IndThermDemLink,furnace_methanol_resins,high_temp
961,IndThermDemLink,furnace_methanol_resins,low_temp
962,IndThermDemLink,furnace_gas_resins,high_temp
963,IndThermDemLink,furnace_gas_resins,low_temp
964,IndThermDemLink,furnace_elec_resins,high_temp
965,IndThermDemLink,furnace_elec_resins,low_temp
966,IndThermDemLink,furnace_h2_resins,high_temp
967,IndThermDemLink,furnace_h2_resins,low_temp
968,IndThermDemLink,hp_elec_resins,high_temp
969,IndThermDemLink,hp_elec_resins,low_temp
970,IndThermDemLink,fc_h2_resins,high_temp
971,IndThermDemLink,fc_h2_resins,low_temp
972,IndThermDemLink,solar_resins,high_temp
973,IndThermDemLink,solar_resins,low_temp
974,IndThermDemLink,dheat_resins,high_temp
975,IndThermDemLink,dheat_resins,low_temp
976,max_global_recycling_steel,scrap_recovery_steel_1,M1
977,max_global_recycling_steel,scrap_recovery_steel_2,M1
978,max_global_recycling_steel,scrap_recovery_steel_3,M1
979,minimum_recycling_steel,scrap_recovery_steel_1,M1
980,minimum_recycling_steel,total_EOL_steel,M1
981,minimum_recycling_steel,scrap_recovery_steel_2,M1
982,minimum_recycling_steel,scrap_recovery_steel_3,M1
983,max_regional_recycling_steel,scrap_recovery_steel_1,M1
984,max_regional_recycling_steel,scrap_recovery_steel_2,M1
985,max_regional_recycling_steel,scrap_recovery_steel_3,M1
986,co2_trans_disp,bf_ccs_steel,M1
987,co2_trans_disp,dri_gas_ccs_steel,M1
988,CO2_cc,cokeoven_steel,M1
989,CO2_ind,dri_coal_steel,M1
990,max_regional_recycling_steel,total_EOL_steel,M1
991,eaf_bound_2020,eaf_steel,M1
992,eaf_bound_2020,eaf_steel,M2
993,eaf_bound_2020,eaf_steel,M3
994,bof_bound_2020,bof_steel,M1
995,bof_bound_2020,bof_steel,M2
996,bf_bound_2020,bf_steel,M1
997,bf_bound_2020,bf_steel,M2
998,bf_bound_2020,bf_steel,M3
999,bf_bound_2020,bf_steel,M4
1000,h2_scrub_limit,gas_processing_petro,M1
1001,CO2_Emission,production_HVC,ethylene
1002,CO2_Emission,production_HVC,propylene
1003,CO2_Emission,production_HVC,BTX
1004,CO2_ind,production_HVC,ethylene
1005,CO2_ind,production_HVC,propylene
1006,CO2_ind,production_HVC,BTX
1007,CO2_ind,ethanol_to_ethylene_petro,M1
